date,USD/KRW,MA_7,MA_30,Change(%),KOSPI,SP500,VIX,DXY,KR_Rate,KOR_CPI,WTI,US_Upper,US_Lower,CPIAUCSL,CPILFESL,PPIACO,PALLFNFINDEXQ,US_Avg,RateDiff(US-KR),CPI_DIFF(KR-US),vol_30d,mom_90d
2020-01-01,1153.75,,,0.0,2175.169921875,3257.85009765625,12.470000267028809,96.8499984741211,1.25,100.09,,1.75,1.5,259.127,266.716,199.3,107.37326913227,1.625,0.375,-159.037,,
2020-01-02,1153.969970703125,,,0.01906571641385746,2175.169921875,3257.85009765625,12.470000267028809,96.8499984741211,1.25,100.09,61.17,1.75,1.5,259.127,266.716,199.3,107.37326913227,1.625,0.375,-159.037,,
2020-01-03,1157.1500244140625,,,0.27557508355264826,2176.4599609375,3234.85009765625,14.020000457763672,96.83999633789062,1.25,100.09,63.0,1.75,1.5,259.127,266.716,199.3,107.37326913227,1.625,0.375,-159.037,,
2020-01-04,1157.1500244140625,,,0.0,2176.4599609375,3234.85009765625,14.020000457763672,96.83999633789062,1.25,100.09,63.0,1.75,1.5,259.127,266.716,199.3,107.37326913227,1.625,0.375,-159.037,,
2020-01-05,1157.1500244140625,,,0.0,2176.4599609375,3234.85009765625,14.020000457763672,96.83999633789062,1.25,100.09,63.0,1.75,1.5,259.127,266.716,199.3,107.37326913227,1.625,0.375,-159.037,,
2020-01-06,1165.8499755859375,,,0.751842975268513,2155.070068359375,3246.280029296875,13.850000381469727,96.66999816894531,1.25,100.09,63.27,1.75,1.5,259.127,266.716,199.3,107.37326913227,1.625,0.375,-159.037,,
2020-01-07,1167.4200439453125,1158.9200090680804,,0.13467156085720244,2175.5400390625,3237.179931640625,13.789999961853027,96.9800033569336,1.25,100.09,62.7,1.75,1.5,259.127,266.716,199.3,107.37326913227,1.625,0.375,-159.037,,
2020-01-08,1166.4599609375,1160.7357177734375,,-0.08223972277946467,2151.31005859375,3253.050048828125,13.449999809265137,97.30000305175781,1.25,100.09,59.65,1.75,1.5,259.127,266.716,199.3,107.37326913227,1.625,0.375,-159.037,,
2020-01-09,1161.260009765625,1161.7771519252233,,-0.4457890837243794,2186.449951171875,3274.699951171875,12.539999961853027,97.44999694824219,1.25,100.09,59.56,1.75,1.5,259.127,266.716,199.3,107.37326913227,1.625,0.375,-159.037,,
2020-01-10,1157.81005859375,1161.8714425223213,,-0.2970868834595741,2206.389892578125,3265.35009765625,12.5600004196167,97.36000061035156,1.25,100.09,59.02,1.75,1.5,259.127,266.716,199.3,107.37326913227,1.625,0.375,-159.037,,
2020-01-11,1157.81005859375,1161.9657331194196,,0.0,2206.389892578125,3265.35009765625,12.5600004196167,97.36000061035156,1.25,100.09,59.02,1.75,1.5,259.127,266.716,199.3,107.37326913227,1.625,0.375,-159.037,,
2020-01-12,1157.81005859375,1162.060023716518,,0.0,2206.389892578125,3265.35009765625,12.5600004196167,97.36000061035156,1.25,100.09,59.02,1.75,1.5,259.127,266.716,199.3,107.37326913227,1.625,0.375,-159.037,,
2020-01-13,1156.9300537109375,1160.7857491629463,,-0.07600598010707449,2229.260009765625,3288.1298828125,12.319999694824219,97.3499984741211,1.25,100.09,58.17,1.75,1.5,259.127,266.716,199.3,107.37326913227,1.625,0.375,-159.037,,
2020-01-14,1153.93994140625,1158.8600202287946,,-0.2584522975348835,2238.8798828125,3283.14990234375,12.390000343322754,97.37000274658203,1.25,100.09,58.34,1.75,1.5,259.127,266.716,199.3,107.37326913227,1.625,0.375,-159.037,,
2020-01-15,1157.050048828125,1157.5157470703125,,0.26952073589592285,2230.97998046875,3289.2900390625,12.420000076293945,97.2300033569336,1.25,100.09,57.86,1.75,1.5,259.127,266.716,199.3,107.37326913227,1.625,0.375,-159.037,,
2020-01-16,1156.780029296875,1156.8757498604912,,-0.02333689294802266,2248.050048828125,3316.81005859375,12.319999694824219,97.31999969482422,1.25,100.09,58.52,1.75,1.5,259.127,266.716,199.3,107.37326913227,1.625,0.375,-159.037,,
2020-01-17,1158.77001953125,1157.0128871372767,,0.17202840505334827,2250.570068359375,3329.6201171875,12.100000381469727,97.61000061035156,1.25,100.09,58.55,1.75,1.5,259.127,266.716,199.3,107.37326913227,1.625,0.375,-159.037,,
2020-01-18,1158.77001953125,1157.1500244140625,,0.0,2250.570068359375,3329.6201171875,12.100000381469727,97.61000061035156,1.25,100.09,58.55,1.75,1.5,259.127,266.716,199.3,107.37326913227,1.625,0.375,-159.037,,
2020-01-19,1158.77001953125,1157.2871616908483,,0.0,2250.570068359375,3329.6201171875,12.100000381469727,97.61000061035156,1.25,100.09,58.55,1.75,1.5,259.127,266.716,199.3,107.37326913227,1.625,0.375,-159.037,,
2020-01-20,1160.3599853515625,1157.7771519252233,,0.13721150819518968,2262.639892578125,3329.6201171875,12.100000381469727,97.61000061035156,1.25,100.09,58.55,1.75,1.5,259.127,266.716,199.3,107.37326913227,1.625,0.375,-159.037,,
2020-01-21,1157.5699462890625,1158.2957240513392,,-0.24044599070301986,2239.68994140625,3320.7900390625,12.850000381469727,97.52999877929688,1.25,100.09,58.25,1.75,1.5,259.127,266.716,199.3,107.37326913227,1.625,0.375,-159.037,,
2020-01-22,1168.739990234375,1159.9657156808037,,0.9649562845961412,2267.25,3321.75,12.90999984741211,97.52999877929688,1.25,100.09,56.76,1.75,1.5,259.127,266.716,199.3,107.37326913227,1.625,0.375,-159.037,,
2020-01-23,1163.72998046875,1160.9585658482142,,-0.4286676084918062,2246.1298828125,3325.5400390625,12.979999542236328,97.69000244140625,1.25,100.09,55.51,1.75,1.5,259.127,266.716,199.3,107.37326913227,1.625,0.375,-159.037,,
2020-01-24,1167.5999755859375,1162.2199881417412,,0.33255095100572785,2246.1298828125,3295.469970703125,14.5600004196167,97.8499984741211,1.25,100.09,54.09,1.75,1.5,259.127,266.716,199.3,107.37326913227,1.625,0.375,-159.037,,
2020-01-25,1167.5999755859375,1163.481410435268,,0.0,2246.1298828125,3295.469970703125,14.5600004196167,97.8499984741211,1.25,100.09,54.09,1.75,1.5,259.127,266.716,199.3,107.37326913227,1.625,0.375,-159.037,,
2020-01-26,1167.5999755859375,1164.7428327287946,,0.0,2246.1298828125,3295.469970703125,14.5600004196167,97.8499984741211,1.25,100.09,54.09,1.75,1.5,259.127,266.716,199.3,107.37326913227,1.625,0.375,-159.037,,
2020-01-27,1169.1500244140625,1165.9985525948662,,0.13275512680164248,2246.1298828125,3243.6298828125,18.229999542236328,97.95999908447266,1.25,100.09,53.09,1.75,1.5,259.127,266.716,199.3,107.37326913227,1.625,0.375,-159.037,,
2020-01-28,1176.72998046875,1168.7357003348213,,0.6483304876537366,2176.719970703125,3276.239990234375,16.280000686645508,98.0199966430664,1.25,100.09,53.33,1.75,1.5,259.127,266.716,199.3,107.37326913227,1.625,0.375,-159.037,,
2020-01-29,1174.280029296875,1169.527134486607,,-0.20819994497794925,2185.280029296875,3273.39990234375,16.389999389648438,97.98999786376953,1.25,100.09,53.29,1.75,1.5,259.127,266.716,199.3,107.37326913227,1.625,0.375,-159.037,,
2020-01-30,1178.0799560546875,1171.5771309988838,1162.2013387044271,0.3235963026713362,2148.0,3283.659912109375,15.489999771118164,97.87000274658203,1.25,100.09,52.19,1.75,1.5,259.127,266.716,199.3,107.37326913227,1.625,0.375,-159.037,,
2020-01-31,1187.1199951171875,1174.3657052176338,1163.313671875,0.7673536092384081,2119.010009765625,3225.52001953125,18.84000015258789,97.38999938964844,1.25,100.09,51.58,1.75,1.5,259.127,266.716,199.3,107.37326913227,1.625,0.375,-159.037,0.053803821678158226,
2020-02-01,1187.1199951171875,1177.1542794363838,1164.4186726888022,0.0,2119.010009765625,3225.52001953125,18.84000015258789,97.38999938964844,1.25,100.16,51.58,1.75,1.5,259.25,267.37,196.7,107.37326913227,1.625,0.375,-159.09,0.053830232097309035,
2020-02-02,1187.1199951171875,1179.9428536551338,1165.4176717122396,0.0,2119.010009765625,3225.52001953125,18.84000015258789,97.38999938964844,1.25,100.16,51.58,1.75,1.5,259.25,267.37,196.7,107.37326913227,1.625,0.375,-159.09,0.053619069674961946,
2020-02-03,1194.8699951171875,1183.6171351841517,1166.6750040690104,0.6528404905887353,2118.8798828125,3248.919921875,17.969999313354492,97.80000305175781,1.25,100.16,50.06,1.75,1.5,259.25,267.37,196.7,107.37326913227,1.625,0.375,-159.09,0.055996810679570616,
2020-02-04,1189.3599853515625,1185.421421595982,1167.7486694335937,-0.4611388509328629,2157.89990234375,3297.590087890625,16.049999237060547,97.95999908447266,1.25,100.16,49.59,1.75,1.5,259.25,267.37,196.7,107.37326913227,1.625,0.375,-159.09,0.058313690344081216,
2020-02-05,1182.47998046875,1186.5928431919642,1168.3030029296874,-0.5784627839803158,2165.6298828125,3334.68994140625,15.149999618530273,98.2699966430664,1.25,100.16,50.87,1.75,1.5,259.25,267.37,196.7,107.37326913227,1.625,0.375,-159.09,0.057982646994554674,
2020-02-06,1183.4599609375,1187.3614153180804,1168.837666829427,0.08287501563972732,2227.93994140625,3345.780029296875,14.960000038146973,98.5,1.25,100.16,50.94,1.75,1.5,259.25,267.37,196.7,107.37326913227,1.625,0.375,-159.09,0.057934677588442784,
2020-02-07,1184.25,1186.951416015625,1169.4306681315104,0.06675672085045825,2211.949951171875,3327.7099609375,15.470000267028809,98.68000030517578,1.25,100.16,50.34,1.75,1.5,259.25,267.37,196.7,107.37326913227,1.625,0.375,-159.09,0.05780857653890923,
2020-02-08,1184.25,1186.5414167131696,1170.197001139323,0.0,2211.949951171875,3327.7099609375,15.470000267028809,98.68000030517578,1.25,100.16,50.34,1.75,1.5,259.25,267.37,196.7,107.37326913227,1.625,0.375,-159.09,0.05589090191649947,
2020-02-09,1184.25,1186.1314174107142,1171.0783325195312,0.0,2211.949951171875,3327.7099609375,15.470000267028809,98.68000030517578,1.25,100.16,50.34,1.75,1.5,259.25,267.37,196.7,107.37326913227,1.625,0.375,-159.09,0.05486785637111369,
2020-02-10,1191.0899658203125,1185.5914132254463,1172.1876627604167,0.5775778611199156,2201.070068359375,3352.090087890625,15.039999961853027,98.83000183105469,1.25,100.16,49.59,1.75,1.5,259.25,267.37,196.7,107.37326913227,1.625,0.375,-159.09,0.05669696672394462,
2020-02-11,1185.6300048828125,1185.058558872768,1173.1149943033854,-0.45840038067482825,2223.1201171875,3357.75,15.180000305175781,98.72000122070312,1.25,100.16,50.0,1.75,1.5,259.25,267.37,196.7,107.37326913227,1.625,0.375,-159.09,0.05887984569318574,
2020-02-12,1180.719970703125,1184.80712890625,1173.9079915364584,-0.4141287045255626,2238.3798828125,3379.449951171875,13.739999771118164,99.05000305175781,1.25,100.16,51.13,1.75,1.5,259.25,267.37,196.7,107.37326913227,1.625,0.375,-159.09,0.06045206464677882,
2020-02-13,1177.9599609375,1184.0214146205358,1174.7086588541667,-0.23375650739450027,2232.9599609375,3373.93994140625,14.149999618530273,99.06999969482422,1.25,100.16,51.41,1.75,1.5,259.25,267.37,196.7,107.37326913227,1.625,0.375,-159.09,0.06034010882165022,
2020-02-14,1183.469970703125,1183.9099818638392,1175.5893229166666,0.4677586631416375,2243.590087890625,3380.159912109375,13.680000305175781,99.12000274658203,1.25,100.16,52.03,1.75,1.5,259.25,267.37,196.7,107.37326913227,1.625,0.375,-159.09,0.061179144852205894,
2020-02-15,1183.469970703125,1183.798549107143,1176.4789876302084,0.0,2243.590087890625,3380.159912109375,13.680000305175781,99.12000274658203,1.25,100.16,52.03,1.75,1.5,259.25,267.37,196.7,107.37326913227,1.625,0.375,-159.09,0.06114994904521077,
2020-02-16,1183.469970703125,1183.6871163504463,1177.3023193359375,0.0,2243.590087890625,3380.159912109375,13.680000305175781,99.12000274658203,1.25,100.16,52.03,1.75,1.5,259.25,267.37,196.7,107.37326913227,1.625,0.375,-159.09,0.061120358263817835,
2020-02-17,1182.1800537109375,1182.414271763393,1178.0826538085937,-0.10899448436542114,2242.169921875,3380.159912109375,13.680000305175781,99.12000274658203,1.25,100.16,52.03,1.75,1.5,259.25,267.37,196.7,107.37326913227,1.625,0.375,-159.09,0.061311785110632094,
2020-02-18,1183.81005859375,1182.1542794363838,1178.9173217773437,0.1378812709363464,2208.8798828125,3370.2900390625,14.829999923706055,99.45999908447266,1.25,100.16,52.1,1.75,1.5,259.25,267.37,196.7,107.37326913227,1.625,0.375,-159.09,0.061310281070612024,
2020-02-19,1189.9300537109375,1183.470005580357,1179.9029907226563,0.5169744143293853,2210.340087890625,3386.14990234375,14.380000114440918,99.5999984741211,1.25,100.16,53.31,1.75,1.5,259.25,267.37,196.7,107.37326913227,1.625,0.375,-159.09,0.06263489028916093,
2020-02-20,1191.3699951171875,1185.3857247488838,1181.029659016927,0.12101059232509925,2195.5,3373.22998046875,15.5600004196167,99.87000274658203,1.25,100.16,53.77,1.75,1.5,259.25,267.37,196.7,107.37326913227,1.625,0.375,-159.09,0.061876041695394665,
2020-02-21,1204.4000244140625,1188.375732421875,1182.2183268229167,1.0937013144764807,2162.840087890625,3337.75,17.079999923706055,99.26000213623047,1.25,100.16,53.36,1.75,1.5,259.25,267.37,196.7,107.37326913227,1.625,0.375,-159.09,0.06353610475817471,
2020-02-22,1204.4000244140625,1191.3657400948662,1183.573994954427,0.0,2162.840087890625,3337.75,17.079999923706055,99.26000213623047,1.25,100.16,53.36,1.75,1.5,259.25,267.37,196.7,107.37326913227,1.625,0.375,-159.09,0.06161644824041791,
2020-02-23,1204.4000244140625,1194.355747767857,1184.800663248698,0.0,2162.840087890625,3337.75,17.079999923706055,99.26000213623047,1.25,100.16,53.36,1.75,1.5,259.25,267.37,196.7,107.37326913227,1.625,0.375,-159.09,0.061350792956058955,
2020-02-24,1205.77001953125,1197.7257428850446,1186.072998046875,0.11374917713522503,2079.0400390625,3225.889892578125,25.030000686645508,99.29000091552734,1.25,100.16,51.36,1.75,1.5,259.25,267.37,196.7,107.37326913227,1.625,0.375,-159.09,0.061271422070655265,
2020-02-25,1217.6500244140625,1202.560023716518,1187.7413330078125,0.9852629183325412,2103.610107421875,3128.2099609375,27.850000381469727,98.97000122070312,1.25,100.16,49.78,1.75,1.5,259.25,267.37,196.7,107.37326913227,1.625,0.375,-159.09,0.06621688843641162,
2020-02-26,1214.550048828125,1206.0771658761162,1189.2546671549478,-0.25458674691269945,2076.77001953125,3116.389892578125,27.559999465942383,99.0,1.25,100.16,48.67,1.75,1.5,259.25,267.37,196.7,107.37326913227,1.625,0.375,-159.09,0.06720230918917168,
2020-02-27,1211.3599853515625,1208.9328787667412,1190.4090006510417,-0.2626539334167788,2054.889892578125,2978.760009765625,39.15999984741211,98.44000244140625,1.25,100.16,47.17,1.75,1.5,259.25,267.37,196.7,107.37326913227,1.625,0.375,-159.09,0.0662521907847655,
2020-02-28,1211.31005859375,1209.9200265066963,1191.6433349609374,-0.004121545900159784,1987.010009765625,2954.219970703125,40.11000061035156,98.12999725341797,1.25,100.16,44.83,1.75,1.5,259.25,267.37,196.7,107.37326913227,1.625,0.375,-159.09,0.06569542895295694,
2020-02-29,1211.31005859375,1210.9071742466517,1192.7510050455728,0.0,1987.010009765625,2954.219970703125,40.11000061035156,98.12999725341797,1.25,100.16,44.83,1.75,1.5,259.25,267.37,196.7,107.37326913227,1.625,0.375,-159.09,0.06542598308411432,
2020-03-01,1211.31005859375,1211.894321986607,1193.5573404947916,0.0,1987.010009765625,2954.219970703125,40.11000061035156,98.12999725341797,0.75,99.94,44.83,1.75,1.5,258.076,267.054,193.1,107.37326913227,1.625,0.875,-158.13600000000002,0.06226260912198962,
2020-03-02,1200.0999755859375,1211.0843157087054,1193.9900065104166,-0.9254511615982675,2002.510009765625,3090.22998046875,33.41999816894531,97.36000061035156,0.75,99.94,46.78,1.75,1.5,258.076,267.054,193.1,107.37326913227,1.625,0.875,-158.13600000000002,0.06859617844924873,
2020-03-03,1188.280029296875,1206.8886021205358,1194.0286743164063,-0.9849134680043226,2014.1500244140625,3003.3701171875,36.81999969482422,97.1500015258789,0.75,99.94,47.27,1.75,1.5,258.076,267.054,193.1,107.37326913227,1.625,0.875,-158.13600000000002,0.0747253814399561,
2020-03-04,1186.3399658203125,1202.8585902622767,1193.7443400065104,-0.16326652209331938,2059.330078125,3130.1201171875,31.989999771118164,97.33999633789062,0.75,99.94,46.78,1.25,1.0,258.076,267.054,193.1,107.37326913227,1.125,0.375,-158.13600000000002,0.07227403283552472,
2020-03-05,1183.6800537109375,1198.9043143136162,1193.5550089518229,-0.22421162449296483,2085.260009765625,3023.93994140625,39.619998931884766,96.81999969482422,0.75,99.94,45.9,1.25,1.0,258.076,267.054,193.1,107.37326913227,1.125,0.375,-158.13600000000002,0.07134584047590094,
2020-03-06,1187.469970703125,1195.4985874720983,1193.7213419596353,0.32018086139964375,2040.219970703125,2972.3701171875,41.939998626708984,95.94999694824219,0.75,99.94,41.14,1.25,1.0,258.076,267.054,193.1,107.37326913227,1.125,0.375,-158.13600000000002,0.06991811753959144,
2020-03-07,1187.469970703125,1192.0928606305804,1193.8550089518228,0.0,2040.219970703125,2972.3701171875,41.939998626708984,95.94999694824219,0.75,99.94,41.14,1.25,1.0,258.076,267.054,193.1,107.37326913227,1.125,0.375,-158.13600000000002,0.06988943242108973,
2020-03-08,1187.469970703125,1188.6871337890625,1193.9623413085938,0.0,2040.219970703125,2972.3701171875,41.939998626708984,95.94999694824219,0.75,99.94,41.14,1.25,1.0,258.076,267.054,193.1,107.37326913227,1.125,0.375,-158.13600000000002,0.0698709383303701,
2020-03-09,1187.699951171875,1186.9157017299108,1194.0773396809896,0.019367266071901312,1954.77001953125,2746.56005859375,54.459999084472656,94.9000015258789,0.75,99.94,31.05,1.25,1.0,258.076,267.054,193.1,107.37326913227,1.125,0.375,-158.13600000000002,0.06987078749523525,
2020-03-10,1199.9599609375,1188.584263392857,1194.601005045573,1.0322480651387078,1962.9300537109375,2882.22998046875,47.29999923706055,96.41000366210938,0.75,99.94,34.47,1.25,1.0,258.076,267.054,193.1,107.37326913227,1.125,0.375,-158.13600000000002,0.07588084434366776,
2020-03-11,1184.699951171875,1188.3499755859375,1194.3880045572917,-1.2717099121959619,1908.27001953125,2741.3798828125,53.900001525878906,96.51000213623047,0.75,99.94,33.13,1.25,1.0,258.076,267.054,193.1,107.37326913227,1.125,0.375,-158.13600000000002,0.0831808296826129,
2020-03-12,1189.3900146484375,1189.1656842912946,1194.513338216146,0.3958861880531961,1834.3299560546875,2480.639892578125,75.47000122070312,97.47000122070312,0.75,99.94,31.56,1.25,1.0,258.076,267.054,193.1,107.37326913227,1.125,0.375,-158.13600000000002,0.08292257209124405,
2020-03-13,1209.969970703125,1192.3799700055804,1195.4883382161458,1.7302950084687296,1771.43994140625,2711.02001953125,57.83000183105469,98.75,0.75,99.94,31.72,1.25,1.0,258.076,267.054,193.1,107.37326913227,1.125,0.375,-158.13600000000002,0.09566234427031889,
2020-03-14,1209.969970703125,1195.5942557198662,1196.5553385416667,0.0,1771.43994140625,2711.02001953125,57.83000183105469,98.75,0.75,99.94,31.72,1.25,1.0,258.076,267.054,193.1,107.37326913227,1.125,0.375,-158.13600000000002,0.09522791649005602,
2020-03-15,1209.969970703125,1198.8085414341517,1197.438671875,0.0,1771.43994140625,2711.02001953125,57.83000183105469,98.75,0.75,99.94,31.72,1.25,1.0,258.076,267.054,193.1,107.37326913227,1.125,0.375,-158.13600000000002,0.09458322607946303,
2020-03-16,1210.800048828125,1202.1085553850446,1198.3496744791667,0.06860320050072755,1714.8599853515625,2386.1298828125,82.69000244140625,98.08999633789062,0.75,99.94,28.96,0.25,0.0,258.076,267.054,193.1,107.37326913227,0.125,-0.625,-158.13600000000002,0.09455650055079097,
2020-03-17,1232.0400390625,1206.6914236886162,1199.9686767578125,1.7542112138938304,1672.43994140625,2529.18994140625,75.91000366210938,99.58000183105469,0.75,99.94,26.96,0.25,0.0,258.076,267.054,193.1,107.37326913227,0.125,-0.625,-158.13600000000002,0.10624740858405148,
2020-03-18,1237.989990234375,1214.3042864118304,1201.8290079752603,0.4829348871163708,1591.199951171875,2398.10009765625,76.44999694824219,101.16000366210938,0.75,99.94,20.48,0.25,0.0,258.076,267.054,193.1,107.37326913227,0.125,-0.625,-158.13600000000002,0.10644469510200992,
2020-03-19,1255.3499755859375,1223.7271379743304,1204.213671875,1.402271867180116,1457.6400146484375,2409.389892578125,72.0,102.76000213623047,0.75,99.94,25.09,0.25,0.0,258.076,267.054,193.1,107.37326913227,0.125,-0.625,-158.13600000000002,0.11239862489108796,
2020-03-20,1256.8800048828125,1230.4285714285713,1206.4453369140624,0.12188069674838875,1566.1500244140625,2304.919921875,66.04000091552734,102.81999969482422,0.75,99.94,19.48,0.25,0.0,258.076,267.054,193.1,107.37326913227,0.125,-0.625,-158.13600000000002,0.11200751772941253,
2020-03-21,1256.8800048828125,1237.1300048828125,1208.62900390625,0.0,1566.1500244140625,2304.919921875,66.04000091552734,102.81999969482422,0.75,99.94,19.48,0.25,0.0,258.076,267.054,193.1,107.37326913227,0.125,-0.625,-158.13600000000002,0.11212246400748242,
2020-03-22,1256.8800048828125,1243.8314383370537,1210.3783365885417,0.0,1566.1500244140625,2304.919921875,66.04000091552734,102.81999969482422,0.75,99.94,19.48,0.25,0.0,258.076,267.054,193.1,107.37326913227,0.125,-0.625,-158.13600000000002,0.10881809495208986,
2020-03-23,1253.949951171875,1249.9957101004463,1212.0300008138022,-0.23312119689664623,1482.4599609375,2237.39990234375,61.59000015258789,102.48999786376953,0.75,99.94,23.33,0.25,0.0,258.076,267.054,193.1,107.37326913227,0.125,-0.625,-158.13600000000002,0.10929586065676923,
2020-03-24,1262.9300537109375,1254.4085693359375,1213.9810017903646,0.7161452122287804,1609.969970703125,2447.330078125,61.66999816894531,101.73999786376953,0.75,99.94,21.03,0.25,0.0,258.076,267.054,193.1,107.37326913227,0.125,-0.625,-158.13600000000002,0.11048156224769737,
2020-03-25,1228.5999755859375,1253.067138671875,1214.7420003255208,-2.7182881604666864,1704.760009765625,2475.56005859375,63.95000076293945,101.05000305175781,0.75,99.94,20.75,0.25,0.0,258.076,267.054,193.1,107.37326913227,0.125,-0.625,-158.13600000000002,0.13847057422961132,
2020-03-26,1231.0799560546875,1249.5999930245537,1215.1896647135416,0.20185418509122144,1686.239990234375,2630.070068359375,61.0,99.41999816894531,0.75,99.94,16.6,0.25,0.0,258.076,267.054,193.1,107.37326913227,0.125,-0.625,-158.13600000000002,0.13578793217993562,
2020-03-27,1212.18994140625,1243.2156982421875,1215.110994466146,-1.5344263023317706,1717.72998046875,2541.469970703125,65.54000091552734,98.37000274658203,0.75,99.94,15.48,0.25,0.0,258.076,267.054,193.1,107.37326913227,0.125,-0.625,-158.13600000000002,0.14307263319855978,
2020-03-28,1212.18994140625,1236.8314034598213,1215.1386596679688,0.0,1717.72998046875,2541.469970703125,65.54000091552734,98.37000274658203,0.75,99.94,15.48,0.25,0.0,258.076,267.054,193.1,107.37326913227,0.125,-0.625,-158.13600000000002,0.14286004852112807,
2020-03-29,1212.18994140625,1230.4471086774554,1215.167989095052,0.0,1717.72998046875,2541.469970703125,65.54000091552734,98.37000274658203,0.75,99.94,15.48,0.25,0.0,258.076,267.054,193.1,107.37326913227,0.125,-0.625,-158.13600000000002,0.14285983939429586,
2020-03-30,1211.6300048828125,1224.401402064732,1215.1786539713542,-0.04619214401234695,1717.1199951171875,2626.64990234375,57.08000183105469,99.18000030517578,0.75,99.94,14.1,0.25,0.0,258.076,267.054,193.1,107.37326913227,0.125,-0.625,-158.13600000000002,0.14286789623931928,
2020-03-31,1222.699951171875,1218.6542445591517,1215.5583170572916,0.913640818108763,1754.6400146484375,2584.590087890625,53.540000915527344,99.05000305175781,0.75,99.94,20.51,0.25,0.0,258.076,267.054,193.1,107.37326913227,0.125,-0.625,-158.13600000000002,0.14527484144709218,5.976160448266521
2020-04-01,1216.6600341796875,1216.9485386439733,1216.1103190104166,-0.49398194433545317,1685.4599609375,2470.5,57.060001373291016,99.66999816894531,0.75,99.5,20.28,0.25,0.0,256.032,265.746,185.5,92.219554447939,0.125,-0.625,-156.53199999999998,0.14332045489655884,5.432555878240475
2020-04-02,1234.72998046875,1217.469970703125,1217.6586507161458,1.4852091612630236,1724.8599853515625,2526.89990234375,50.90999984741211,100.18000030517578,0.75,99.5,25.18,0.25,0.0,256.032,265.746,185.5,92.219554447939,0.125,-0.625,-156.53199999999998,0.1456871662832067,6.704399120068394
2020-04-03,1226.8499755859375,1219.5642613002233,1219.008984375,-0.6381966103893411,1725.43994140625,2488.64990234375,46.79999923706055,100.58000183105469,0.75,99.5,28.36,0.25,0.0,256.032,265.746,185.5,92.219554447939,0.125,-0.625,-156.53199999999998,0.1471662952414017,6.023415261747789
2020-04-04,1226.8499755859375,1221.6585518973213,1220.4479817708334,0.0,1725.43994140625,2488.64990234375,46.79999923706055,100.58000183105469,0.75,99.5,28.36,0.25,0.0,256.032,265.746,185.5,92.219554447939,0.125,-0.625,-156.53199999999998,0.14685883655690005,6.023415261747789
2020-04-05,1226.8499755859375,1223.7528424944196,1221.7606486002603,0.0,1725.43994140625,2488.64990234375,46.79999923706055,100.58000183105469,0.75,99.5,28.36,0.25,0.0,256.032,265.746,185.5,92.219554447939,0.125,-0.625,-156.53199999999998,0.14677962507671366,5.232234101934297
2020-04-06,1235.800048828125,1227.2057059151787,1223.371651204427,0.7295165195657205,1791.8800048828125,2663.679931640625,45.2400016784668,100.69000244140625,0.75,99.5,26.21,0.25,0.0,256.032,265.746,185.5,92.219554447939,0.125,-0.625,-156.53199999999998,0.14781100245434603,5.857360873445461
2020-04-07,1223.0999755859375,1227.2628522600446,1224.5593180338542,-1.0276802670651008,1823.5999755859375,2659.409912109375,46.70000076293945,99.9800033569336,0.75,99.5,23.54,0.25,0.0,256.032,265.746,185.5,92.219554447939,0.125,-0.625,-156.53199999999998,0.15159291249135512,4.855718716904356
2020-04-08,1215.31005859375,1227.0699986049108,1225.4796549479167,-0.6368994479339807,1807.1400146484375,2749.97998046875,43.349998474121094,100.12000274658203,0.75,99.5,24.97,0.25,0.0,256.032,265.746,185.5,92.219554447939,0.125,-0.625,-156.53199999999998,0.15309340986781922,4.654431253430813
2020-04-09,1214.75,1224.2157156808037,1225.97265625,-0.04608359733301315,1836.2099609375,2789.820068359375,41.66999816894531,99.5199966430664,0.75,99.5,22.9,0.25,0.0,256.032,265.746,185.5,92.219554447939,0.125,-0.625,-156.53199999999998,0.15043903805303627,4.917900046179247
2020-04-10,1209.510009765625,1221.7385777064733,1226.799658203125,-0.43136367436715783,1860.699951171875,2789.820068359375,41.66999816894531,99.5199966430664,0.75,99.5,22.9,0.25,0.0,256.032,265.746,185.5,92.219554447939,0.125,-0.625,-156.53199999999998,0.1459513753886586,4.465322337471189
2020-04-11,1209.510009765625,1219.261439732143,1227.4703247070313,0.0,1860.699951171875,2789.820068359375,41.66999816894531,99.5199966430664,0.75,99.5,22.9,0.25,0.0,256.032,265.746,185.5,92.219554447939,0.125,-0.625,-156.53199999999998,0.14564148849959752,4.465322337471189
2020-04-12,1209.510009765625,1216.7843017578125,1227.4549926757813,0.0,1860.699951171875,2789.820068359375,41.66999816894531,99.5199966430664,0.75,99.5,22.9,0.25,0.0,256.032,265.746,185.5,92.219554447939,0.125,-0.625,-156.53199999999998,0.13676099510125633,4.544782624155497
2020-04-13,1211.0400390625,1213.2471575055804,1227.4906616210938,0.12649992844386837,1825.760009765625,2761.6298828125,41.16999816894531,99.3499984741211,0.75,99.5,22.36,0.25,0.0,256.032,265.746,185.5,92.219554447939,0.125,-0.625,-156.53199999999998,0.1368082542270189,4.948272921956831
2020-04-14,1213.9000244140625,1211.9328787667412,1227.6216634114583,0.2361594381121046,1857.0799560546875,2846.06005859375,37.7599983215332,98.88999938964844,0.75,99.5,20.15,0.25,0.0,256.032,265.746,185.5,92.219554447939,0.125,-0.625,-156.53199999999998,0.13696954961377084,4.913354927344393
2020-04-15,1212.3800048828125,1211.5142996651787,1227.6743286132812,-0.12521785160880539,1857.0799560546875,2783.360107421875,40.84000015258789,99.45999908447266,0.75,99.5,19.96,0.25,0.0,256.032,265.746,185.5,92.219554447939,0.125,-0.625,-156.53199999999998,0.1370181120742913,4.806443245716552
2020-04-16,1222.550048828125,1212.6285923549108,1227.3579956054687,0.8388495277349639,1857.0699462890625,2799.550048828125,40.11000061035156,100.02999877929688,0.75,99.5,19.82,0.25,0.0,256.032,265.746,185.5,92.219554447939,0.125,-0.625,-156.53199999999998,0.12922768122661857,5.504114554385486
2020-04-17,1226.6400146484375,1215.0757359095983,1226.9796630859375,0.33454383517736996,1914.530029296875,2874.56005859375,38.150001525878906,99.77999877929688,0.75,99.5,18.31,0.25,0.0,256.032,265.746,185.5,92.219554447939,0.125,-0.625,-156.53199999999998,0.12879413490642763,5.857072065485647
2020-04-18,1226.6400146484375,1217.5228794642858,1226.0226643880208,0.0,1914.530029296875,2874.56005859375,38.150001525878906,99.77999877929688,0.75,99.5,18.31,0.25,0.0,256.032,265.746,185.5,92.219554447939,0.125,-0.625,-156.53199999999998,0.12147122541257939,5.857072065485647
2020-04-19,1226.6400146484375,1219.9700230189733,1225.0146647135416,0.0,1914.530029296875,2874.56005859375,38.150001525878906,99.77999877929688,0.75,99.5,18.31,0.25,0.0,256.032,265.746,185.5,92.219554447939,0.125,-0.625,-156.53199999999998,0.12135153368822875,5.712023004377698
2020-04-20,1215.260009765625,1220.5728759765625,1223.6273315429687,-0.9277379464972091,1898.3599853515625,2823.159912109375,43.83000183105469,99.95999908447266,0.75,99.5,-36.98,0.25,0.0,256.032,265.746,185.5,92.219554447939,0.125,-0.625,-156.53199999999998,0.12378583305045138,4.9837216024401165
2020-04-21,1218.0999755859375,1221.1728690011162,1222.3346638997396,0.23369203277414652,1879.3800048828125,2736.56005859375,45.40999984741211,100.26000213623047,0.75,99.5,8.91,0.25,0.0,256.032,265.746,185.5,92.219554447939,0.125,-0.625,-156.53199999999998,0.12414977851108008,4.2233504255864585
2020-04-22,1230.8499755859375,1223.8114362444196,1221.5646647135416,1.0467121135822044,1896.1500244140625,2799.31005859375,41.97999954223633,100.38999938964844,0.75,99.5,13.64,0.25,0.0,256.032,265.746,185.5,92.219554447939,0.125,-0.625,-156.53199999999998,0.1284373877923715,5.767660560755816
2020-04-23,1231.3800048828125,1225.0728585379463,1220.5129964192708,0.043062055277909295,1914.72998046875,2797.800048828125,41.380001068115234,100.43000030517578,0.75,99.5,15.06,0.25,0.0,256.032,265.746,185.5,92.219554447939,0.125,-0.625,-156.53199999999998,0.1263734034829616,5.462489776506563
2020-04-24,1232.449951171875,1225.9028494698662,1220.6413289388022,0.08689001647093075,1889.010009765625,2836.739990234375,35.93000030517578,100.37999725341797,0.75,99.5,15.99,0.25,0.0,256.032,265.746,185.5,92.219554447939,0.125,-0.625,-156.53199999999998,0.09860995159148295,5.554126151244043
2020-04-25,1232.449951171875,1226.7328404017858,1220.6869954427084,0.0,1889.010009765625,2836.739990234375,35.93000030517578,100.37999725341797,0.75,99.5,15.99,0.25,0.0,256.032,265.746,185.5,92.219554447939,0.125,-0.625,-156.53199999999998,0.09844617535919073,5.554126151244043
2020-04-26,1232.449951171875,1227.5628313337054,1221.3623291015624,0.0,1889.010009765625,2836.739990234375,35.93000030517578,100.37999725341797,0.75,99.5,15.99,0.25,0.0,256.032,265.746,185.5,92.219554447939,0.125,-0.625,-156.53199999999998,0.08696354801412405,5.4141834183800475
2020-04-27,1229.5,1229.5971156529017,1221.9393310546875,-0.23935667075730693,1922.77001953125,2878.47998046875,33.290000915527344,100.04000091552734,0.75,99.5,12.17,0.25,0.0,256.032,265.746,185.5,92.219554447939,0.125,-0.625,-156.53199999999998,0.08737491552460232,4.484462910533571
2020-04-28,1220.8699951171875,1229.9928327287946,1222.2286661783853,-0.7019117432137012,1934.0899658203125,2863.389892578125,33.56999969482422,99.87000274658203,0.75,99.5,12.4,0.25,0.0,256.032,265.746,185.5,92.219554447939,0.125,-0.625,-156.53199999999998,0.09004264730673146,3.9675345452488964
2020-04-29,1220.4000244140625,1228.4999825613838,1222.5210001627604,-0.038494737769345644,1947.56005859375,2939.510009765625,31.229999542236328,99.56999969482422,0.75,99.5,15.04,0.25,0.0,256.032,265.746,185.5,92.219554447939,0.125,-0.625,-156.53199999999998,0.09003760991461682,3.5922916897001
2020-04-30,1210.7900390625,1225.558558872768,1222.124003092448,-0.7874455227232957,1947.56005859375,2912.429931640625,34.150001525878906,99.0199966430664,0.75,99.5,19.23,0.25,0.0,256.032,265.746,185.5,92.219554447939,0.125,-0.625,-156.53199999999998,0.08894988587938107,1.9939049163244738
2020-05-01,1212.9599609375,1222.7742745535713,1222.0006673177083,0.17921537219451888,1947.56005859375,2830.7099609375,37.189998626708984,98.80000305175781,0.5,99.44,19.72,0.25,0.0,255.802,265.412,188.6,92.219554447939,0.125,-0.375,-156.362,0.0880409940910046,2.1766936726359987
2020-05-02,1212.9599609375,1219.989990234375,1221.275,0.0,1947.56005859375,2830.7099609375,37.189998626708984,98.80000305175781,0.5,99.44,19.72,0.25,0.0,255.802,265.412,188.6,92.219554447939,0.125,-0.375,-156.362,0.07581652349369439,2.1766936726359987
2020-05-03,1212.9599609375,1217.2057059151787,1220.8119995117188,0.0,1947.56005859375,2830.7099609375,37.189998626708984,98.80000305175781,0.5,99.44,19.72,0.25,0.0,255.802,265.412,188.6,92.219554447939,0.125,-0.375,-156.362,0.07380343289688691,1.5139693769394835
2020-05-04,1223.780029296875,1216.3885672433037,1220.70966796875,0.8920383778383112,1895.3699951171875,2842.739990234375,35.970001220703125,99.4800033569336,0.5,99.44,20.47,0.25,0.0,255.802,265.412,188.6,92.219554447939,0.125,-0.375,-156.362,0.07856570950191126,2.893997138733262
2020-05-05,1222.449951171875,1216.6142752511162,1220.5630004882812,-0.10868604595257736,1895.3699951171875,2868.43994140625,33.61000061035156,99.70999908447266,0.5,99.44,24.56,0.25,0.0,255.802,265.412,188.6,92.219554447939,0.125,-0.375,-156.362,0.07862022361039671,3.3801815982779093
2020-05-06,1221.25,1216.7357003348213,1220.077998860677,-0.09815953370726493,1928.760009765625,2848.419921875,34.119998931884766,100.08999633789062,0.5,99.44,23.88,0.25,0.0,255.802,265.412,188.6,92.219554447939,0.125,-0.375,-156.362,0.07544329175688017,3.1931827277505764
2020-05-07,1228.530029296875,1219.269984654018,1220.2590006510416,0.5961129414022492,1928.6099853515625,2881.18994140625,31.440000534057617,99.88999938964844,0.5,99.44,23.68,0.25,0.0,255.802,265.412,188.6,92.219554447939,0.125,-0.375,-156.362,0.07151694911128384,3.7390778380304024
2020-05-08,1218.6300048828125,1220.0799909319196,1220.3696655273438,-0.8058430952419315,1945.8199462890625,2929.800048828125,27.979999542236328,99.7300033569336,0.5,99.44,24.73,0.25,0.0,255.802,265.412,188.6,92.219554447939,0.125,-0.375,-156.362,0.073008728484739,2.903103642204985
2020-05-09,1218.6300048828125,1220.8899972098213,1220.4989990234376,0.0,1945.8199462890625,2929.800048828125,27.979999542236328,99.7300033569336,0.5,99.44,24.73,0.25,0.0,255.802,265.412,188.6,92.219554447939,0.125,-0.375,-156.362,0.07299011797384423,2.903103642204985
2020-05-10,1218.6300048828125,1221.7000034877233,1220.802998860677,0.0,1945.8199462890625,2929.800048828125,27.979999542236328,99.7300033569336,0.5,99.44,24.73,0.25,0.0,255.802,265.412,188.6,92.219554447939,0.125,-0.375,-156.362,0.07177562191096959,2.312171192167911
2020-05-11,1218.699951171875,1220.9742780412946,1221.1093302408854,0.005739747813704454,1935.4000244140625,2930.18994140625,27.56999969482422,100.23999786376953,0.5,99.44,24.02,0.25,0.0,255.802,265.412,188.6,92.219554447939,0.125,-0.375,-156.362,0.07177400581052418,2.789229873811361
2020-05-12,1222.4000244140625,1220.9671456473213,1221.5389973958333,0.303608221090812,1922.1700439453125,2870.1201171875,33.040000915527344,99.93000030517578,0.5,99.44,25.76,0.25,0.0,255.802,265.412,188.6,92.219554447939,0.125,-0.375,-156.362,0.07221565833033336,3.530054097934565
2020-05-13,1225.6500244140625,1221.5957205636162,1222.025996907552,0.26587041353813845,1940.4200439453125,2820.0,35.279998779296875,100.23999786376953,0.5,99.44,25.37,0.25,0.0,255.802,265.412,188.6,92.219554447939,0.125,-0.375,-156.362,0.07247934335841014,4.048530090836655
2020-05-14,1226.550048828125,1221.3128662109375,1222.447664388021,0.07343241513766419,1924.9599609375,2852.5,32.61000061035156,100.47000122070312,0.5,99.44,27.4,0.25,0.0,255.802,265.412,188.6,92.219554447939,0.125,-0.375,-156.362,0.07225166006437586,3.6401496608659434
2020-05-15,1225.4599609375,1222.28857421875,1222.883662923177,-0.0888743098307776,1927.280029296875,2863.699951171875,31.889999389648438,100.4000015258789,0.5,99.44,29.44,0.25,0.0,255.802,265.412,188.6,92.219554447939,0.125,-0.375,-156.362,0.07218903321541474,3.5480401931472727
2020-05-16,1225.4599609375,1223.2642822265625,1222.9806599934896,0.0,1927.280029296875,2863.699951171875,31.889999389648438,100.4000015258789,0.5,99.44,29.44,0.25,0.0,255.802,265.412,188.6,92.219554447939,0.125,-0.375,-156.362,0.06806632035153051,3.5480401931472727
2020-05-17,1225.4599609375,1224.239990234375,1222.9413248697917,0.0,1927.280029296875,2863.699951171875,31.889999389648438,100.4000015258789,0.5,99.44,29.44,0.25,0.0,255.802,265.412,188.6,92.219554447939,0.125,-0.375,-156.362,0.0673620980541501,3.6610249928261007
2020-05-18,1232.0899658203125,1226.1528494698662,1223.1229899088542,0.5410217464584033,1937.1099853515625,2953.909912109375,29.299999237060547,99.66999816894531,0.5,99.44,31.83,0.25,0.0,255.802,265.412,188.6,92.219554447939,0.125,-0.375,-156.362,0.06917891481776069,4.078349130088843
2020-05-19,1224.199951171875,1226.4099818638392,1223.0416544596353,-0.6403765039336595,1980.6099853515625,2922.93994140625,30.530000686645508,99.37000274658203,0.5,99.44,32.3,0.25,0.0,255.802,265.412,188.6,92.219554447939,0.125,-0.375,-156.362,0.07174719479413842,2.8799925973852725
2020-05-20,1224.3199462890625,1226.219970703125,1223.34365234375,0.00980192141590841,1989.6400146484375,2971.610107421875,27.989999771118164,99.12000274658203,0.5,99.44,33.56,0.25,0.0,255.802,265.412,188.6,92.219554447939,0.125,-0.375,-156.362,0.06620855063528425,2.7657194076500025
2020-05-21,1226.550048828125,1226.219970703125,1223.6253214518229,0.18215030685582168,1998.31005859375,2948.510009765625,29.530000686645508,99.37000274658203,0.5,99.44,34.3,0.25,0.0,255.802,265.412,188.6,92.219554447939,0.125,-0.375,-156.362,0.06608451998085618,1.8390919931140282
2020-05-22,1233.3900146484375,1227.3528355189733,1223.7099894205728,0.5576589252797026,1970.1300048828125,2955.449951171875,28.15999984741211,99.86000061035156,0.5,99.44,33.49,0.25,0.0,255.802,265.412,188.6,92.219554447939,0.125,-0.375,-156.362,0.06081714813752735,2.407006779037424
2020-05-23,1233.3900146484375,1228.4857003348213,1223.7769897460937,0.0,1970.1300048828125,2955.449951171875,28.15999984741211,99.86000061035156,0.5,99.44,33.49,0.25,0.0,255.802,265.412,188.6,92.219554447939,0.125,-0.375,-156.362,0.06080812323846697,2.407006779037424
2020-05-24,1233.3900146484375,1229.6185651506696,1223.8083251953126,0.0,1970.1300048828125,2955.449951171875,28.15999984741211,99.86000061035156,0.5,99.44,33.49,0.25,0.0,255.802,265.412,188.6,92.219554447939,0.125,-0.375,-156.362,0.0607599929789599,2.290652004096505
2020-05-25,1239.550048828125,1230.684291294643,1224.0449951171875,0.4994392776435319,1994.5999755859375,2955.449951171875,28.15999984741211,99.86000061035156,0.5,99.44,33.49,0.25,0.0,255.802,265.412,188.6,92.219554447939,0.125,-0.375,-156.362,0.062437848849151316,1.7985483492763743
2020-05-26,1240.02001953125,1232.944301060268,1224.2973307291666,0.03791462100053433,2029.780029296875,2991.77001953125,28.010000228881836,98.91000366210938,0.5,99.44,34.7,0.25,0.0,255.802,265.412,188.6,92.219554447939,0.125,-0.375,-156.362,0.06243701900547984,2.0970704935296958
2020-05-27,1230.8699951171875,1233.8800223214287,1224.342997233073,-0.7378932815553574,2031.199951171875,3036.1298828125,27.6200008392334,99.05999755859375,0.5,99.44,32.8,0.25,0.0,255.802,265.412,188.6,92.219554447939,0.125,-0.375,-156.362,0.06582456194001723,1.6105872739359706
2020-05-28,1238.300048828125,1235.55859375,1224.9239990234375,0.6036424431834497,2028.5400390625,3029.72998046875,28.59000015258789,98.37999725341797,0.5,99.44,33.67,0.25,0.0,255.802,265.412,188.6,92.219554447939,0.125,-0.375,-156.362,0.06451129519562021,2.2281652862445878
2020-05-29,1237.97998046875,1236.2143031529017,1225.5099975585938,-0.025847399398704063,2029.5999755859375,3044.31005859375,27.510000228881836,98.33999633789062,0.5,99.44,35.57,0.25,0.0,255.802,265.412,188.6,92.219554447939,0.125,-0.375,-156.362,0.06449758930030947,2.201741964065085
2020-05-30,1237.97998046875,1236.8700125558037,1226.416328938802,0.0,2029.5999755859375,3044.31005859375,27.510000228881836,98.33999633789062,0.5,99.44,35.57,0.25,0.0,255.802,265.412,188.6,92.219554447939,0.125,-0.375,-156.362,0.059471059022574935,2.201741964065085
2020-05-31,1237.97998046875,1237.5257219587054,1227.2503295898437,0.0,2029.5999755859375,3044.31005859375,27.510000228881836,98.33999633789062,0.5,99.44,35.57,0.25,0.0,255.802,265.412,188.6,92.219554447939,0.125,-0.375,-156.362,0.059424265839061595,3.156404104109578
2020-06-01,1230.469970703125,1236.2285679408483,1227.8339965820312,-0.606634185052124,2065.080078125,3055.72998046875,28.229999542236328,97.83000183105469,0.5,99.71,35.49,0.25,0.0,257.042,265.849,191.2,92.219554447939,0.125,-0.375,-157.332,0.06255284768014892,3.5505049623037577
2020-06-02,1222.989990234375,1233.7957066127233,1228.168330891927,-0.6078962223251771,2087.18994140625,3080.820068359375,26.84000015258789,97.66999816894531,0.5,99.71,36.88,0.25,0.0,257.042,265.849,191.2,92.219554447939,0.125,-0.375,-157.332,0.0653800368515561,3.0893357275307176
2020-06-03,1219.1400146484375,1232.1199951171875,1228.0136637369792,-0.3148002532056493,2147.0,3122.8701171875,25.65999984741211,97.27999877929688,0.5,99.71,37.33,0.25,0.0,257.042,265.849,191.2,92.219554447939,0.125,-0.375,-157.332,0.06071502150135117,2.995738656432545
2020-06-04,1215.8199462890625,1228.9085518973213,1227.7926635742188,-0.2723287169220212,2151.179931640625,3112.35009765625,25.809999465942383,96.68000030517578,0.5,99.71,37.42,0.25,0.0,257.042,265.849,191.2,92.219554447939,0.125,-0.375,-157.332,0.06112543427107963,2.387426737970544
2020-06-05,1215.3800048828125,1225.6799839564733,1227.5969970703125,-0.03618474985483955,2181.8701171875,3193.929931640625,24.520000457763672,96.94000244140625,0.5,99.71,39.49,0.25,0.0,257.042,265.849,191.2,92.219554447939,0.125,-0.375,-157.332,0.06108066424317261,2.3503781037226057
2020-06-06,1215.3800048828125,1222.451416015625,1227.1586629231772,0.0,2181.8701171875,3193.929931640625,24.520000457763672,96.94000244140625,0.5,99.71,39.49,0.25,0.0,257.042,265.849,191.2,92.219554447939,0.125,-0.375,-157.332,0.0582741102722088,2.3503781037226057
2020-06-07,1215.3800048828125,1219.2228480747767,1227.0503295898438,0.0,2181.8701171875,3193.929931640625,24.520000457763672,96.94000244140625,0.5,99.71,39.49,0.25,0.0,257.042,265.849,191.2,92.219554447939,0.125,-0.375,-157.332,0.05349847564568808,2.330559471996807
2020-06-08,1201.1099853515625,1215.028564453125,1226.466328938802,-1.1741199850186734,2184.2900390625,3232.389892578125,25.809999465942383,96.62000274658203,0.5,99.71,38.17,0.25,0.0,257.042,265.849,191.2,92.219554447939,0.125,-0.375,-157.332,0.06326952751055813,0.09583856557713322
2020-06-09,1195.72998046875,1211.13427734375,1225.7029947916667,-0.44791942023841846,2188.919921875,3207.179931640625,27.56999969482422,96.31999969482422,0.5,99.71,38.98,0.25,0.0,257.042,265.849,191.2,92.219554447939,0.125,-0.375,-157.332,0.06430082213632483,0.9310399047425033
2020-06-10,1197.300048828125,1208.0142822265625,1224.9896647135417,0.13130626353949904,2195.68994140625,3190.139892578125,27.56999969482422,95.95999908447266,0.5,99.71,39.54,0.25,0.0,257.042,265.849,191.2,92.219554447939,0.125,-0.375,-157.332,0.06451909914272588,0.665049654215033
2020-06-11,1189.739990234375,1204.28857421875,1223.900996907552,-0.6314255646401645,2176.780029296875,3002.10009765625,40.790000915527344,96.7300033569336,0.5,99.71,36.43,0.25,0.0,257.042,265.849,191.2,92.219554447939,0.125,-0.375,-157.332,0.06564383739936733,-1.671940705850261
2020-06-12,1204.760009765625,1202.7714320591517,1223.2046630859375,1.2624623577031313,2132.300048828125,3041.31005859375,36.09000015258789,97.31999969482422,0.5,99.71,36.24,0.25,0.0,257.042,265.849,191.2,92.219554447939,0.125,-0.375,-157.332,0.0758863125227178,-0.4305859702015913
2020-06-13,1204.760009765625,1201.2542898995537,1222.4783284505208,0.0,2132.300048828125,3041.31005859375,36.09000015258789,97.31999969482422,0.5,99.71,36.24,0.25,0.0,257.042,265.849,191.2,92.219554447939,0.125,-0.375,-157.332,0.07580712684098215,-0.4305859702015913
2020-06-14,1204.760009765625,1199.7371477399554,1221.788330078125,0.0,2132.300048828125,3041.31005859375,36.09000015258789,97.31999969482422,0.5,99.71,36.24,0.25,0.0,257.042,265.849,191.2,92.219554447939,0.125,-0.375,-157.332,0.07582007581048565,-0.49884694573194555
2020-06-15,1202.6099853515625,1199.9514334542412,1221.0266642252604,-0.17846080519229313,2030.8199462890625,3066.590087890625,34.400001525878906,96.68000030517578,0.5,99.71,37.07,0.25,0.0,257.042,265.849,191.2,92.219554447939,0.125,-0.375,-157.332,0.0758826131588908,-2.388725429193994
2020-06-16,1206.9000244140625,1201.547154017857,1220.4079996744792,0.35672737751681893,2138.050048828125,3124.739990234375,33.66999816894531,96.95999908447266,0.5,99.71,38.26,0.25,0.0,257.042,265.849,191.2,92.219554447939,0.125,-0.375,-157.332,0.07683270662446559,-2.511326106475753
2020-06-17,1211.1500244140625,1203.5257219587054,1219.7100016276042,0.3521418438998891,2141.050048828125,3113.489990234375,33.470001220703125,97.16000366210938,0.5,99.71,37.91,0.25,0.0,257.042,265.849,191.2,92.219554447939,0.125,-0.375,-157.332,0.0757582571406687,-3.520926596684293
2020-06-18,1214.3499755859375,1207.0414341517858,1219.3816691080729,0.2642076627479062,2133.47998046875,3115.340087890625,32.939998626708984,97.41999816894531,0.5,99.71,38.79,0.25,0.0,257.042,265.849,191.2,92.219554447939,0.125,-0.375,-157.332,0.0742158669281243,-3.38377801633023
2020-06-19,1211.3599853515625,1207.9842878069196,1218.9496704101562,-0.2462214595864154,2141.320068359375,3097.739990234375,35.119998931884766,97.62000274658203,0.5,99.71,39.72,0.25,0.0,257.042,265.849,191.2,92.219554447939,0.125,-0.375,-157.332,0.07447941710838384,-3.6216678882956765
2020-06-20,1211.3599853515625,1208.9271414620537,1218.4433349609376,0.0,2141.320068359375,3097.739990234375,35.119998931884766,97.62000274658203,0.5,99.71,39.72,0.25,0.0,257.042,265.849,191.2,92.219554447939,0.125,-0.375,-157.332,0.07420579949419043,-3.6216678882956765
2020-06-21,1211.3599853515625,1209.8699951171875,1217.7090006510416,0.0,2141.320068359375,3097.739990234375,35.119998931884766,97.62000274658203,0.5,99.71,39.72,0.25,0.0,257.042,265.849,191.2,92.219554447939,0.125,-0.375,-157.332,0.07202799664929184,-3.396464570257385
2020-06-22,1210.8900146484375,1211.0528564453125,1216.9590006510416,-0.03879694795999589,2126.72998046875,3117.860107421875,31.770000457763672,97.04000091552734,0.5,99.71,40.6,0.25,0.0,257.042,265.849,191.2,92.219554447939,0.125,-0.375,-157.332,0.0720091262611577,-4.120579671818547
2020-06-23,1208.0,1211.209995814732,1216.112666829427,-0.23866863327604015,2131.239990234375,3131.2900390625,31.3700008392334,96.69000244140625,0.5,99.71,40.4,0.25,0.0,257.042,265.849,191.2,92.219554447939,0.125,-0.375,-157.332,0.07216735969537924,-1.6767032390760939
2020-06-24,1207.949951171875,1210.7528424944196,1215.0593302408854,-0.0041431149110149335,2161.510009765625,3050.330078125,33.84000015258789,97.1500015258789,0.5,99.71,37.91,0.25,0.0,257.042,265.849,191.2,92.219554447939,0.125,-0.375,-157.332,0.0701730492719775,-1.8788385570778443
2020-06-25,1205.25,1209.452845982143,1213.9003295898438,-0.22351515220110363,2112.3701171875,3083.760009765625,32.220001220703125,97.43000030517578,0.5,99.71,38.66,0.25,0.0,257.042,265.849,191.2,92.219554447939,0.125,-0.375,-157.332,0.07018387784207758,-0.572512703594874
2020-06-26,1201.52001953125,1208.0471365792412,1212.9219970703125,-0.3094777406139837,2134.64990234375,3009.050048828125,34.72999954223633,97.5,0.5,99.71,38.53,0.25,0.0,257.042,265.849,191.2,92.219554447939,0.125,-0.375,-157.332,0.06782621463106281,-0.8802186448290339
2020-06-27,1201.52001953125,1206.6414271763392,1211.69599609375,0.0,2134.64990234375,3009.050048828125,34.72999954223633,97.5,0.5,99.71,38.53,0.25,0.0,257.042,265.849,191.2,92.219554447939,0.125,-0.375,-157.332,0.06472841443060204,-0.8802186448290339
2020-06-28,1201.52001953125,1205.2357177734375,1210.4806640625,0.0,2134.64990234375,3009.050048828125,34.72999954223633,97.5,0.5,99.71,38.53,0.25,0.0,257.042,265.849,191.2,92.219554447939,0.125,-0.375,-157.332,0.06475835279812904,-0.8344119335787159
2020-06-29,1202.6300048828125,1204.0557163783483,1209.3023315429687,0.09238176089612082,2093.47998046875,3053.239990234375,31.780000686645508,97.54000091552734,0.5,99.71,39.67,0.25,0.0,257.042,265.849,191.2,92.219554447939,0.125,-0.375,-157.332,0.06493592566579358,-1.6414449243926765
2020-06-30,1198.489990234375,1202.6971435546875,1207.9859985351563,-0.34424674518584997,2108.330078125,3100.2900390625,30.43000030517578,97.38999938964844,0.5,99.71,39.27,0.25,0.0,257.042,265.849,191.2,92.219554447939,0.125,-0.375,-157.332,0.06526068434242166,-1.4934364107359932
2020-07-01,1198.3900146484375,1201.3314383370537,1206.9166666666667,-0.00834179565554205,2106.699951171875,3115.860107421875,28.6200008392334,97.19999694824219,0.5,99.63,39.88,0.25,0.0,258.352,267.389,193.0,106.631884727765,0.125,-0.375,-158.72199999999998,0.06356349218931588,-2.9431508423012898
2020-07-02,1200.699951171875,1200.681431361607,1206.1736653645833,0.19275331863601863,2135.3701171875,3130.010009765625,27.68000030517578,97.31999969482422,0.5,99.63,40.57,0.25,0.0,258.352,267.389,193.0,106.631884727765,0.125,-0.375,-158.72199999999998,0.06208314595957133,-2.131476947829203
2020-07-03,1198.1700439453125,1200.2028634207588,1205.4746663411458,-0.21070270087820697,2152.409912109375,3130.010009765625,27.68000030517578,97.31999969482422,0.5,99.63,40.57,0.25,0.0,258.352,267.389,193.0,106.631884727765,0.125,-0.375,-158.72199999999998,0.06178529767832587,-2.3376885692097393
2020-07-04,1198.1700439453125,1199.7242954799108,1204.886336263021,0.0,2152.409912109375,3130.010009765625,27.68000030517578,97.31999969482422,0.5,99.63,40.57,0.25,0.0,258.352,267.389,193.0,106.631884727765,0.125,-0.375,-158.72199999999998,0.06146419974565173,-2.3376885692097393
2020-07-05,1198.1700439453125,1199.2457275390625,1204.3126708984375,0.0,2152.409912109375,3130.010009765625,27.68000030517578,97.31999969482422,0.5,99.63,40.57,0.25,0.0,258.352,267.389,193.0,106.631884727765,0.125,-0.375,-158.72199999999998,0.061479193436341395,-3.044991373685091
2020-07-06,1198.5,1198.655726841518,1203.7500040690104,0.027538332839727175,2187.929931640625,3179.719970703125,27.940000534057617,96.79000091552734,0.5,99.63,40.51,0.25,0.0,258.352,267.389,193.0,106.631884727765,0.125,-0.375,-158.72199999999998,0.06150258675644978,-2.0112808500509227
2020-07-07,1190.9300537109375,1197.5757359095983,1202.9350056966146,-0.6316183803973696,2164.169921875,3145.320068359375,29.43000030517578,96.87999725341797,0.5,99.63,40.59,0.25,0.0,258.352,267.389,193.0,106.631884727765,0.125,-0.375,-158.72199999999998,0.06377548072254406,-2.0060728297618846
2020-07-08,1195.699951171875,1197.191441127232,1202.7546712239584,0.40051869092350145,2158.8798828125,3169.93994140625,28.079999923706055,96.43000030517578,0.5,99.63,40.91,0.25,0.0,258.352,267.389,193.0,106.631884727765,0.125,-0.375,-158.72199999999998,0.05585831954703056,-1.5682279339884753
2020-07-09,1192.02001953125,1195.951450892857,1202.631005859375,-0.3077638028686325,2167.89990234375,3152.050048828125,29.260000228881836,96.69999694824219,0.5,99.63,39.64,0.25,0.0,258.352,267.389,193.0,106.631884727765,0.125,-0.375,-158.72199999999998,0.0550551329504377,-1.44603931287548
2020-07-10,1195.77001953125,1195.6085902622767,1202.5800048828125,0.31459203189176943,2150.25,3185.0400390625,27.290000915527344,96.6500015258789,0.5,99.63,40.56,0.25,0.0,258.352,267.389,193.0,106.631884727765,0.125,-0.375,-158.72199999999998,0.05571559124390159,-1.1359964054400429
2020-07-11,1195.77001953125,1195.2657296316963,1202.781005859375,0.0,2150.25,3185.0400390625,27.290000915527344,96.6500015258789,0.5,99.63,40.56,0.25,0.0,258.352,267.389,193.0,106.631884727765,0.125,-0.375,-158.72199999999998,0.052442820876323896,-1.1359964054400429
2020-07-12,1195.77001953125,1194.9228690011162,1202.481339518229,0.0,2150.25,3185.0400390625,27.290000915527344,96.6500015258789,0.5,99.63,40.56,0.25,0.0,258.352,267.389,193.0,106.631884727765,0.125,-0.375,-158.72199999999998,0.03684083900451309,-1.2609012946484421
2020-07-13,1199.52001953125,1195.0685860770088,1202.3066731770834,0.31360545412151275,2186.06005859375,3155.219970703125,32.189998626708984,96.45999908447266,0.5,99.63,40.06,0.25,0.0,258.352,267.389,193.0,106.631884727765,0.125,-0.375,-158.72199999999998,0.038122485702701145,-1.1846119609194017
2020-07-14,1203.780029296875,1196.904296875,1202.2740071614583,0.35514286516782345,2183.610107421875,3197.52001953125,29.520000457763672,96.26000213623047,0.5,99.63,40.3,0.25,0.0,258.352,267.389,193.0,106.631884727765,0.125,-0.375,-158.72199999999998,0.039598803588784974,-0.7093465374966135
2020-07-15,1203.97998046875,1198.087158203125,1202.3196736653647,0.0166102748848429,2201.8798828125,3226.56005859375,27.760000228881836,96.08000183105469,0.5,99.63,41.2,0.25,0.0,258.352,267.389,193.0,106.631884727765,0.125,-0.375,-158.72199999999998,0.03924723326212459,-1.518961810780295
2020-07-16,1200.469970703125,1199.2942940848213,1202.1053385416667,-0.2915338977861115,2183.760009765625,3215.570068359375,28.0,96.3499984741211,0.5,99.63,40.74,0.25,0.0,258.352,267.389,193.0,106.631884727765,0.125,-0.375,-158.72199999999998,0.03867889600517647,-2.133473849930856
2020-07-17,1204.22998046875,1200.5028599330358,1201.8746704101563,0.31321148028573553,2201.18994140625,3224.72998046875,25.68000030517578,95.94000244140625,0.5,99.63,40.55,0.25,0.0,258.352,267.389,193.0,106.631884727765,0.125,-0.375,-158.72199999999998,0.03837081612411762,-1.8269446546720025
2020-07-18,1204.22998046875,1201.71142578125,1201.5373372395834,0.0,2201.18994140625,3224.72998046875,25.68000030517578,95.94000244140625,0.5,99.63,40.55,0.25,0.0,258.352,267.389,193.0,106.631884727765,0.125,-0.375,-158.72199999999998,0.03742992359578959,-1.8269446546720025
2020-07-19,1204.22998046875,1202.9199916294642,1201.2996704101563,0.0,2201.18994140625,3224.72998046875,25.68000030517578,95.94000244140625,0.5,99.63,40.55,0.25,0.0,258.352,267.389,193.0,106.631884727765,0.125,-0.375,-158.72199999999998,0.036856237314056094,-0.9076271092802846
2020-07-20,1202.530029296875,1203.3499930245537,1201.0053385416666,-0.14116499335229404,2198.199951171875,3251.840087890625,24.459999084472656,95.83000183105469,0.5,99.63,40.83,0.25,0.0,258.352,267.389,193.0,106.631884727765,0.125,-0.375,-158.72199999999998,0.03701834893021847,-1.278215795183224
2020-07-21,1200.030029296875,1202.8142787388392,1200.6276733398438,-0.20789501626514717,2228.830078125,3257.300048828125,24.84000015258789,95.12000274658203,0.5,99.63,41.76,0.25,0.0,258.352,267.389,193.0,106.631884727765,0.125,-0.375,-158.72199999999998,0.03738914647832079,-2.5039563635195217
2020-07-22,1192.739990234375,1201.2085658482142,1200.0226725260416,-0.6074880531757532,2228.659912109375,3276.02001953125,24.31999969482422,94.97000122070312,0.5,99.63,41.88,0.25,0.0,258.352,267.389,193.0,106.631884727765,0.125,-0.375,-158.72199999999998,0.04095446856649874,-3.137943973039803
2020-07-23,1197.22998046875,1200.7457101004463,1199.663671875,0.3764433381237442,2216.18994140625,3235.659912109375,26.079999923706055,94.69000244140625,0.5,99.63,40.99,0.25,0.0,258.352,267.389,193.0,106.631884727765,0.125,-0.375,-158.72199999999998,0.04234866673813401,-2.8577201589108037
2020-07-24,1200.93994140625,1200.2757045200892,1199.4300048828125,0.3098787198803299,2200.43994140625,3215.6298828125,25.84000015258789,94.44000244140625,0.5,99.63,41.23,0.25,0.0,258.352,267.389,193.0,106.631884727765,0.125,-0.375,-158.72199999999998,0.04347507236475602,-2.5566969056766697
2020-07-25,1200.93994140625,1199.805698939732,1199.2863362630208,0.0,2200.43994140625,3215.6298828125,25.84000015258789,94.44000244140625,0.5,99.63,41.23,0.25,0.0,258.352,267.389,193.0,106.631884727765,0.125,-0.375,-158.72199999999998,0.04304203370016833,-2.5566969056766697
2020-07-26,1200.93994140625,1199.335693359375,1199.267000325521,0.0,2200.43994140625,3215.6298828125,25.84000015258789,94.44000244140625,0.5,99.63,41.23,0.25,0.0,258.352,267.389,193.0,106.631884727765,0.125,-0.375,-158.72199999999998,0.0421051911879125,-2.3229002516266806
2020-07-27,1200.489990234375,1199.0442592075892,1199.232666015625,-0.037466583994871794,2217.860107421875,3239.409912109375,24.739999771118164,93.66999816894531,0.5,99.63,41.46,0.25,0.0,258.352,267.389,193.0,106.631884727765,0.125,-0.375,-158.72199999999998,0.0421182100855887,-1.6693018064430576
2020-07-28,1195.9200439453125,1198.4571184430804,1199.0460001627605,-0.38067341887376704,2256.989990234375,3218.43994140625,25.440000534057617,93.76000213623047,0.5,99.63,40.89,0.25,0.0,258.352,267.389,193.0,106.631884727765,0.125,-0.375,-158.72199999999998,0.04352015530449642,-2.0058980644894087
2020-07-29,1199.3699951171875,1199.404261997768,1198.9373331705729,0.28847674134582224,2263.159912109375,3258.43994140625,24.100000381469727,93.26000213623047,0.5,99.63,41.13,0.25,0.0,258.352,267.389,193.0,106.631884727765,0.125,-0.375,-158.72199999999998,0.04430542794757949,-0.9431894529091878
2020-07-30,1190.72998046875,1198.4756905691963,1198.6786661783854,-0.7203794228313409,2267.010009765625,3246.219970703125,24.760000228881836,93.0199966430664,0.5,99.63,39.85,0.25,0.0,258.352,267.389,193.0,106.631884727765,0.125,-0.375,-158.72199999999998,0.047970554898216285,-1.832705215724384
2020-07-31,1189.56005859375,1196.8499930245537,1198.3843343098958,-0.09825249168072814,2249.3701171875,3271.1201171875,24.459999084472656,93.48999786376953,0.5,99.63,40.1,0.25,0.0,258.352,267.389,193.0,106.631884727765,0.125,-0.375,-158.72199999999998,0.048020350880084654,-1.9291570288655024
2020-08-01,1189.56005859375,1195.2242954799108,1198.0130045572917,0.0,2249.3701171875,3271.1201171875,24.459999084472656,93.48999786376953,0.5,100.19,40.1,0.25,0.0,259.316,268.422,194.3,106.631884727765,0.125,-0.375,-159.12599999999998,0.047586593014138895,-1.9291570288655024
2020-08-02,1189.56005859375,1193.598597935268,1197.726005045573,0.0,2249.3701171875,3271.1201171875,24.459999084472656,93.48999786376953,0.5,100.19,40.1,0.25,0.0,259.316,268.422,194.3,106.631884727765,0.125,-0.375,-159.12599999999998,0.04728462939699458,-2.7962517677941
2020-08-03,1193.3900146484375,1192.5843157087054,1197.566670735677,0.3219640763002074,2251.0400390625,3294.610107421875,24.280000686645508,93.5,0.5,100.19,40.83,0.25,0.0,259.316,268.422,194.3,106.631884727765,0.125,-0.375,-159.12599999999998,0.04833343341458171,-2.3771882436233738
2020-08-04,1191.760009765625,1191.990025111607,1197.3530029296876,-0.13658610033642216,2279.969970703125,3306.510009765625,23.760000228881836,93.37999725341797,0.5,100.19,41.67,0.25,0.0,259.316,268.422,194.3,106.631884727765,0.125,-0.375,-159.12599999999998,0.04846375307967075,-2.4147381972876136
2020-08-05,1192.25,1190.9728829520088,1197.144669596354,0.04111484110558283,2311.860107421875,3327.77001953125,22.989999771118164,92.83000183105469,0.5,100.19,42.25,0.25,0.0,259.316,268.422,194.3,106.631884727765,0.125,-0.375,-159.12599999999998,0.04847629498026749,-2.9531251521494495
2020-08-06,1185.1800537109375,1190.1800362723213,1196.9530029296875,-0.5929919303050979,2342.610107421875,3349.159912109375,22.649999618530273,92.79000091552734,0.5,100.19,41.93,0.25,0.0,259.316,268.422,194.3,106.631884727765,0.125,-0.375,-159.12599999999998,0.04806187066970895,-2.744881632476437
2020-08-07,1183.1700439453125,1189.2671770368304,1196.5353393554688,-0.16959530826825553,2351.669921875,3351.280029296875,22.209999084472656,93.44000244140625,0.5,100.19,41.16,0.25,0.0,259.316,268.422,194.3,106.631884727765,0.125,-0.375,-159.12599999999998,0.046589518801618816,-2.909821750278496
2020-08-08,1183.1700439453125,1188.3543178013392,1196.240340169271,0.0,2351.669921875,3351.280029296875,22.209999084472656,93.44000244140625,0.5,100.19,41.16,0.25,0.0,259.316,268.422,194.3,106.631884727765,0.125,-0.375,-159.12599999999998,0.045870340752102015,-2.909821750278496
2020-08-09,1183.1700439453125,1187.4414585658483,1195.8203409830728,0.0,2351.669921875,3351.280029296875,22.209999084472656,93.44000244140625,0.5,100.19,41.16,0.25,0.0,259.316,268.422,194.3,106.631884727765,0.125,-0.375,-159.12599999999998,0.04474218543823651,-2.915394161819551
2020-08-10,1188.1500244140625,1186.6928885323662,1195.5663411458333,0.42090150052684905,2386.3798828125,3360.469970703125,22.1299991607666,93.58000183105469,0.5,100.19,41.94,0.25,0.0,259.316,268.422,194.3,106.631884727765,0.125,-0.375,-159.12599999999998,0.046649966131261635,-2.8018651272865625
2020-08-11,1185.18994140625,1185.7543073381696,1195.213671875,-0.2491337749432998,2418.669921875,3333.68994140625,24.030000686645508,93.62999725341797,0.5,100.19,41.53,0.25,0.0,259.316,268.422,194.3,106.631884727765,0.125,-0.375,-159.12599999999998,0.04710956992176354,-3.3011122426367168
2020-08-12,1184.97998046875,1184.7157331194196,1194.72900390625,-0.01771538300864295,2432.35009765625,3380.35009765625,22.280000686645508,93.44000244140625,0.5,100.19,42.6,0.25,0.0,259.316,268.422,194.3,106.631884727765,0.125,-0.375,-159.12599999999998,0.04597970393015771,-3.389186474623851
2020-08-13,1182.75,1184.3685825892858,1194.0280029296875,-0.18818718505841936,2437.530029296875,3373.429931640625,22.1299991607666,93.33999633789062,0.5,100.19,42.26,0.25,0.0,259.316,268.422,194.3,106.631884727765,0.125,-0.375,-159.12599999999998,0.04459553109439838,-3.485218799382561
2020-08-14,1184.1199951171875,1184.5042898995537,1193.3660034179688,0.11583133520924882,2407.489990234375,3372.85009765625,22.049999237060547,93.0999984741211,0.5,100.19,42.05,0.25,0.0,259.316,268.422,194.3,106.631884727765,0.125,-0.375,-159.12599999999998,0.04483254318209316,-3.373424439643602
2020-08-15,1184.1199951171875,1184.6399972098213,1192.8210042317708,0.0,2407.489990234375,3372.85009765625,22.049999237060547,93.0999984741211,0.5,100.19,42.05,0.25,0.0,259.316,268.422,194.3,106.631884727765,0.125,-0.375,-159.12599999999998,0.04428913578933251,-3.373424439643602
2020-08-16,1184.1199951171875,1184.7757045200892,1192.1506713867188,0.0,2407.489990234375,3372.85009765625,22.049999237060547,93.0999984741211,0.5,100.19,42.05,0.25,0.0,259.316,268.422,194.3,106.631884727765,0.125,-0.375,-159.12599999999998,0.042997299795220996,-3.8933821420408243
2020-08-17,1186.0400390625,1184.4742780412946,1191.5443400065103,0.1621494403633017,2407.489990234375,3381.989990234375,21.350000381469727,92.8499984741211,0.5,100.19,42.89,0.25,0.0,259.316,268.422,194.3,106.631884727765,0.125,-0.375,-159.12599999999998,0.043434640327640675,-3.117130667489909
2020-08-18,1183.0999755859375,1184.1757114955358,1190.8400065104167,-0.24788905768193814,2348.239990234375,3389.780029296875,21.510000228881836,92.2699966430664,0.5,100.19,42.89,0.25,0.0,259.316,268.422,194.3,106.631884727765,0.125,-0.375,-159.12599999999998,0.04377773139271997,-3.3667646131277595
2020-08-19,1183.6400146484375,1183.9842878069196,1190.2103393554687,0.045646105455499075,2360.5400390625,3374.85009765625,22.540000915527344,92.88999938964844,0.5,100.19,42.91,0.25,0.0,259.316,268.422,194.3,106.631884727765,0.125,-0.375,-159.12599999999998,0.043806456053317,-3.498433204636431
2020-08-20,1181.2099609375,1183.7642822265625,1189.5830037434896,-0.2053034436875878,2274.219970703125,3385.510009765625,22.719999313354492,92.79000091552734,0.5,100.19,42.62,0.25,0.0,259.316,268.422,194.3,106.631884727765,0.125,-0.375,-159.12599999999998,0.04379852583306495,-4.230620735632495
2020-08-21,1184.2900390625,1183.78857421875,1189.301338704427,0.26075619295957697,2304.590087890625,3397.159912109375,22.540000915527344,93.25,0.5,100.19,42.32,0.25,0.0,259.316,268.422,194.3,106.631884727765,0.125,-0.375,-159.12599999999998,0.04139813856609089,-3.9808961482417082
2020-08-22,1184.2900390625,1183.8128662109375,1188.8700073242187,0.0,2304.590087890625,3397.159912109375,22.540000915527344,93.25,0.5,100.19,42.32,0.25,0.0,259.316,268.422,194.3,106.631884727765,0.125,-0.375,-159.12599999999998,0.0396392854269631,-3.9808961482417082
2020-08-23,1184.2900390625,1183.837158203125,1188.315010579427,0.0,2304.590087890625,3397.159912109375,22.540000915527344,93.25,0.5,100.19,42.32,0.25,0.0,259.316,268.422,194.3,106.631884727765,0.125,-0.375,-159.12599999999998,0.03828455620797566,-4.45807007291622
2020-08-24,1191.199951171875,1184.5742885044642,1187.9903442382813,0.5834645130381233,2329.830078125,3431.280029296875,22.3700008392334,93.30000305175781,0.5,100.19,42.44,0.25,0.0,259.316,268.422,194.3,106.631884727765,0.125,-0.375,-159.12599999999998,0.042409456583534295,-3.9370387244094585
2020-08-25,1188.25,1185.3100062779017,1187.5673461914062,-0.24764534022796436,2366.72998046875,3443.6201171875,22.030000686645508,93.0199966430664,0.5,100.19,43.17,0.25,0.0,259.316,268.422,194.3,106.631884727765,0.125,-0.375,-159.12599999999998,0.04287825924884499,-3.462591117360836
2020-08-26,1186.4599609375,1185.712855747768,1187.099678548177,-0.15064498737639154,2369.320068359375,3478.72998046875,23.270000457763672,93.01000213623047,0.5,100.19,43.21,0.25,0.0,259.316,268.422,194.3,106.631884727765,0.125,-0.375,-159.12599999999998,0.04300907122609926,-4.186391492084995
2020-08-27,1183.8499755859375,1186.0900006975446,1186.6973429361979,-0.21998090432820971,2344.449951171875,3484.550048828125,24.469999313354492,93.01000213623047,0.5,100.19,42.88,0.25,0.0,259.316,268.422,194.3,106.631884727765,0.125,-0.375,-159.12599999999998,0.04214263118829154,-4.372445898706423
2020-08-28,1186.5799560546875,1186.4171316964287,1186.2710083007812,0.23060189424752853,2353.800048828125,3508.010009765625,22.959999084472656,92.37000274658203,0.5,100.19,42.96,0.25,0.0,259.316,268.422,194.3,106.631884727765,0.125,-0.375,-159.12599999999998,0.041790346603347024,-4.151926947526274
2020-08-29,1186.5799560546875,1186.7442626953125,1186.132674153646,0.0,2353.800048828125,3508.010009765625,22.959999084472656,92.37000274658203,0.5,100.19,42.96,0.25,0.0,259.316,268.422,194.3,106.631884727765,0.125,-0.375,-159.12599999999998,0.03639738206088133,-4.151926947526274
2020-08-30,1186.5799560546875,1187.0713936941963,1186.0333374023437,0.0,2353.800048828125,3508.010009765625,22.959999084472656,92.37000274658203,0.5,100.19,42.96,0.25,0.0,259.316,268.422,194.3,106.631884727765,0.125,-0.375,-159.12599999999998,0.03630488875077814,-3.566930985187511
2020-08-31,1179.5899658203125,1185.4128243582588,1185.7010009765625,-0.5890871659096852,2326.169921875,3500.31005859375,26.40999984741211,92.13999938964844,0.5,100.19,42.61,0.25,0.0,259.316,268.422,194.3,106.631884727765,0.125,-0.375,-159.12599999999998,0.040015544647543845,-3.5486818993297975
2020-09-01,1187.0400390625,1185.2399727957588,1185.6170003255208,0.6315816053086287,2349.550048828125,3526.64990234375,26.1200008392334,92.33999633789062,0.5,100.74,42.76,0.25,0.0,259.997,268.933,195.5,106.631884727765,0.125,-0.375,-159.257,0.04434827332619372,-2.633001558495651
2020-09-02,1184.9200439453125,1185.019984654018,1185.33466796875,-0.17859508082489484,2364.3701171875,3580.840087890625,26.56999969482422,92.8499984741211,0.5,100.74,42.76,0.25,0.0,259.997,268.933,195.5,106.631884727765,0.125,-0.375,-159.257,0.04348941757245818,-2.5414867092831472
2020-09-03,1188.6500244140625,1185.7057059151787,1185.2310017903646,0.31478752408733435,2395.89990234375,3455.06005859375,33.599998474121094,92.73999786376953,0.5,100.74,41.39,0.25,0.0,259.997,268.933,195.5,106.631884727765,0.125,-0.375,-159.257,0.044425914234426364,-2.1993105334431884
2020-09-04,1190.780029296875,1186.3057163783483,1185.182002766927,0.17919529205936424,2368.25,3426.9599609375,30.75,92.72000122070312,0.5,100.74,39.69,0.25,0.0,259.997,268.933,195.5,106.631884727765,0.125,-0.375,-159.257,0.04473861017930928,-2.0240563023175118
2020-09-05,1190.780029296875,1186.905726841518,1185.3686686197916,0.0,2368.25,3426.9599609375,30.75,92.72000122070312,0.5,100.74,39.69,0.25,0.0,259.997,268.933,195.5,106.631884727765,0.125,-0.375,-159.257,0.04110520367723623,-2.0240563023175118
2020-09-06,1190.780029296875,1187.5057373046875,1185.622334798177,0.0,2368.25,3426.9599609375,30.75,92.72000122070312,0.5,100.74,39.69,0.25,0.0,259.997,268.933,195.5,106.631884727765,0.125,-0.375,-159.257,0.0407318532449885,-0.8600341501335484
2020-09-07,1186.4200439453125,1188.4814627511162,1185.7306681315104,-0.36614532023492297,2384.219970703125,3426.9599609375,30.75,92.72000122070312,0.5,100.74,39.69,0.25,0.0,259.997,268.933,195.5,106.631884727765,0.125,-0.375,-159.257,0.042255166496803165,-0.7785985695355602
2020-09-08,1186.81005859375,1188.4486083984375,1185.852001953125,0.03287323494136629,2401.909912109375,3331.840087890625,31.459999084472656,93.4800033569336,0.5,100.74,36.87,0.25,0.0,259.997,268.933,195.5,106.631884727765,0.125,-0.375,-159.257,0.042259494530026934,-0.8761371257474004
2020-09-09,1189.239990234375,1189.0657435825892,1185.8883341471353,0.20474477975895855,2375.81005859375,3398.9599609375,28.809999465942383,93.26000213623047,0.5,100.74,38.05,0.25,0.0,259.997,268.933,195.5,106.631884727765,0.125,-0.375,-159.257,0.04087749934220412,-0.04202598921647649
2020-09-10,1184.3800048828125,1188.4557407924108,1185.8613362630208,-0.40866312867637866,2396.47998046875,3339.18994140625,29.709999084472656,93.33999633789062,0.5,100.74,37.25,0.25,0.0,259.997,268.933,195.5,106.631884727765,0.125,-0.375,-159.257,0.04198042930339292,-1.6916236194441159
2020-09-11,1187.22998046875,1187.9485909598213,1185.9363362630208,0.2406301671919575,2396.68994140625,3340.969970703125,26.8700008392334,93.33000183105469,0.5,100.74,37.33,0.25,0.0,259.997,268.933,195.5,106.631884727765,0.125,-0.375,-159.257,0.042559811060280346,-1.4550640089958877
2020-09-12,1187.22998046875,1187.441441127232,1186.0856689453126,0.0,2396.68994140625,3340.969970703125,26.8700008392334,93.33000183105469,0.5,100.74,37.33,0.25,0.0,259.997,268.933,195.5,106.631884727765,0.125,-0.375,-159.257,0.04215870164886516,-1.4550640089958877
2020-09-13,1187.22998046875,1186.934291294643,1186.189335123698,0.0,2396.68994140625,3340.969970703125,26.8700008392334,93.33000183105469,0.5,100.74,37.33,0.25,0.0,259.997,268.933,195.5,106.631884727765,0.125,-0.375,-159.257,0.04204657309155991,-1.2788855131879218
2020-09-14,1186.969970703125,1187.0128522600446,1186.284334309896,-0.021900539061714408,2427.909912109375,3383.5400390625,25.850000381469727,93.06999969482422,0.5,100.74,37.23,0.25,0.0,259.997,268.933,195.5,106.631884727765,0.125,-0.375,-159.257,0.042055474047683075,-1.6513425559514183
2020-09-15,1180.8399658203125,1186.1599818638392,1186.175,-0.5164414462129341,2443.580078125,3401.199951171875,25.59000015258789,93.05000305175781,0.5,100.74,38.29,0.25,0.0,259.997,268.933,195.5,106.631884727765,0.125,-0.375,-159.257,0.04472356766841239,-2.5025849797933652
2020-09-16,1179.25,1184.7328404017858,1185.9486653645833,-0.13464701960760328,2435.919921875,3385.489990234375,26.040000915527344,93.20999908447266,0.5,100.74,40.17,0.25,0.0,259.997,268.933,195.5,106.631884727765,0.125,-0.375,-159.257,0.044564354913155566,-2.8904332599011595
2020-09-17,1172.0699462890625,1182.9742606026787,1185.5809977213542,-0.6088661192230282,2406.169921875,3357.010009765625,26.459999084472656,92.97000122070312,0.5,100.74,40.99,0.25,0.0,259.997,268.933,195.5,106.631884727765,0.125,-0.375,-159.257,0.04732002955430877,-3.2434651579726026
2020-09-18,1168.6500244140625,1180.3199811662946,1185.0813313802084,-0.2917847937171314,2412.39990234375,3319.469970703125,25.829999923706055,92.93000030517578,0.5,100.74,41.09,0.25,0.0,259.997,268.933,195.5,106.631884727765,0.125,-0.375,-159.257,0.047853985305205675,-3.5257860135692543
2020-09-19,1168.6500244140625,1177.6657017299108,1184.662666829427,0.0,2412.39990234375,3319.469970703125,25.829999923706055,92.93000030517578,0.5,100.74,41.09,0.25,0.0,259.997,268.933,195.5,106.631884727765,0.125,-0.375,-159.257,0.04761465136249692,-3.5257860135692543
2020-09-20,1168.6500244140625,1175.0114222935267,1184.1413330078126,0.0,2412.39990234375,3319.469970703125,25.829999923706055,92.93000030517578,0.5,100.74,41.09,0.25,0.0,259.997,268.933,195.5,106.631884727765,0.125,-0.375,-159.257,0.04679907059174424,-3.488342436008829
2020-09-21,1163.989990234375,1171.7285679408483,1183.4646647135417,-0.3987536116318413,2389.389892578125,3281.06005859375,27.780000686645508,93.54000091552734,0.5,100.74,39.26,0.25,0.0,259.997,268.933,195.5,106.631884727765,0.125,-0.375,-159.257,0.04788846194294423,-3.6432127289424687
2020-09-22,1163.8499755859375,1169.3014264787946,1182.783329264323,-0.012028853307344267,2332.590087890625,3315.570068359375,26.860000610351562,93.98999786376953,0.5,100.74,39.55,0.25,0.0,259.997,268.933,195.5,106.631884727765,0.125,-0.375,-159.257,0.047877249813322885,-3.6508114879390985
2020-09-23,1162.5,1166.9085693359375,1181.8266642252604,-0.11599223390093005,2333.239990234375,3236.919921875,28.579999923706055,94.38999938964844,0.5,100.74,39.92,0.25,0.0,259.997,268.933,195.5,106.631884727765,0.125,-0.375,-159.257,0.043862714178619644,-3.546981953951467
2020-09-24,1169.72998046875,1166.5742885044642,1181.2093302408855,0.6219338037634303,2272.699951171875,3246.590087890625,28.510000228881836,94.3499984741211,0.5,100.74,40.11,0.25,0.0,259.997,268.933,195.5,106.631884727765,0.125,-0.375,-159.257,0.04803238220143248,-2.645818508700526
2020-09-25,1168.5,1166.5528564453125,1180.610664876302,-0.1051508031158721,2278.7900390625,3298.4599609375,26.3799991607666,94.58000183105469,0.5,100.74,40.06,0.25,0.0,259.997,268.933,195.5,106.631884727765,0.125,-0.375,-159.257,0.04796917177220281,-2.7481872124055062
2020-09-26,1168.5,1166.5314243861608,1180.0989990234375,0.0,2278.7900390625,3298.4599609375,26.3799991607666,94.58000183105469,0.5,100.74,40.06,0.25,0.0,259.997,268.933,195.5,106.631884727765,0.125,-0.375,-159.257,0.04771638777630352,-2.7481872124055062
2020-09-27,1168.5,1166.5099923270088,1179.4963338216146,0.0,2278.7900390625,3298.4599609375,26.3799991607666,94.58000183105469,0.5,100.74,40.06,0.25,0.0,259.997,268.933,195.5,106.631884727765,0.125,-0.375,-159.257,0.047030290677435915,-2.837947227679405
2020-09-28,1173.43994140625,1167.8599853515625,1179.0583333333334,0.4227592132006741,2308.080078125,3351.60009765625,26.190000534057617,94.26000213623047,0.5,100.74,40.47,0.25,0.0,259.997,268.933,195.5,106.631884727765,0.125,-0.375,-159.257,0.04898224412344241,-2.0901341715191313
2020-09-29,1166.4100341796875,1168.2257080078125,1178.3860026041666,-0.5990853880546987,2327.889892578125,3335.469970703125,26.270000457763672,93.88999938964844,0.5,100.74,39.03,0.25,0.0,259.997,268.933,195.5,106.631884727765,0.125,-0.375,-159.257,0.05160017842655697,-2.668578682886613
2020-09-30,1167.8599853515625,1168.991420200893,1177.9950032552083,0.12430887332812723,2327.889892578125,3363.0,26.3700008392334,93.88999938964844,0.5,100.74,40.05,0.25,0.0,259.997,268.933,195.5,106.631884727765,0.125,-0.375,-159.257,0.04929415740520416,-2.735068473040325
2020-10-01,1163.780029296875,1168.1414271763392,1177.2196695963542,-0.34935318495901146,2327.889892578125,3380.800048828125,26.700000762939453,93.70999908447266,0.5,100.18,38.51,0.25,0.0,260.319,269.306,196.5,117.243548302888,0.125,-0.375,-160.139,0.045885547762951964,-2.8702115214964574
2020-10-02,1161.97998046875,1167.209995814732,1176.4550008138021,-0.15467259987375082,2327.889892578125,3348.419921875,27.6299991607666,93.83999633789062,0.5,100.18,36.9,0.25,0.0,260.319,269.306,196.5,117.243548302888,0.125,-0.375,-160.139,0.04583954452783553,-3.020444690588031
2020-10-03,1161.97998046875,1166.278564453125,1175.5659993489583,0.0,2327.889892578125,3348.419921875,27.6299991607666,93.83999633789062,0.5,100.18,36.9,0.25,0.0,260.319,269.306,196.5,117.243548302888,0.125,-0.375,-160.139,0.04446198315385144,-3.020444690588031
2020-10-04,1161.97998046875,1165.347133091518,1174.6059977213542,0.0,2327.889892578125,3348.419921875,27.6299991607666,93.83999633789062,0.5,100.18,36.9,0.25,0.0,260.319,269.306,196.5,117.243548302888,0.125,-0.375,-160.139,0.04387031190774933,-3.0471438908009962
2020-10-05,1165.3599853515625,1164.1928536551338,1173.758662923177,0.2908832285947849,2358.0,3408.60009765625,27.959999084472656,93.51000213623047,0.5,100.18,39.12,0.25,0.0,260.319,269.306,196.5,117.243548302888,0.125,-0.375,-160.139,0.045130174294590535,-2.147067183307594
2020-10-06,1156.0899658203125,1162.7185581752233,1172.6023274739584,-0.7954640323825313,2365.89990234375,3360.969970703125,29.479999542236328,93.83000183105469,0.5,100.18,40.52,0.25,0.0,260.319,269.306,196.5,117.243548302888,0.125,-0.375,-160.139,0.0496929709213895,-3.312702765668074
2020-10-07,1163.8900146484375,1162.1514195033483,1171.8513264973958,0.6746922003246114,2386.93994140625,3419.43994140625,28.059999465942383,93.62999725341797,0.5,100.18,39.82,0.25,0.0,260.319,269.306,196.5,117.243548302888,0.125,-0.375,-160.139,0.05379962226797231,-2.3598601048558154
2020-10-08,1156.5,1161.1114153180804,1170.8409912109375,-0.6349409785657234,2391.9599609375,3446.830078125,26.360000610351562,93.61000061035156,0.5,100.18,41.04,0.25,0.0,260.319,269.306,196.5,117.243548302888,0.125,-0.375,-160.139,0.05619040041438366,-3.284077948922326
2020-10-09,1150.3599853515625,1159.451416015625,1169.544991048177,-0.530913501810415,2391.9599609375,3477.139892578125,25.0,93.05999755859375,0.5,100.18,40.44,0.25,0.0,260.319,269.306,196.5,117.243548302888,0.125,-0.375,-160.139,0.056927669638664136,-3.7975558374919394
2020-10-10,1150.3599853515625,1157.7914167131696,1168.4109903971355,0.0,2391.9599609375,3477.139892578125,25.0,93.05999755859375,0.5,100.18,40.44,0.25,0.0,260.319,269.306,196.5,117.243548302888,0.125,-0.375,-160.139,0.05629393317623121,-3.7975558374919394
2020-10-11,1150.3599853515625,1156.1314174107142,1167.181990559896,0.0,2391.9599609375,3477.139892578125,25.0,93.05999755859375,0.5,100.18,40.44,0.25,0.0,260.319,269.306,196.5,117.243548302888,0.125,-0.375,-160.139,0.05546765646884277,-4.0983087717784255
2020-10-12,1142.6500244140625,1152.8871372767858,1165.6959920247396,-0.6702215859102356,2403.72998046875,3534.219970703125,25.06999969482422,93.06999969482422,0.5,100.18,39.22,0.25,0.0,260.319,269.306,196.5,117.243548302888,0.125,-0.375,-160.139,0.05772563266715047,-5.078170711846619
2020-10-13,1146.4000244140625,1151.5028599330358,1164.3349934895834,0.3281844764255748,2403.14990234375,3511.929931640625,26.06999969482422,93.52999877929688,0.5,100.18,40.03,0.25,0.0,260.319,269.306,196.5,117.243548302888,0.125,-0.375,-160.139,0.059119150679395334,-4.782467897204546
2020-10-14,1147.8900146484375,1149.2171456473213,1163.0323282877605,0.1299712319124069,2380.47998046875,3488.669921875,26.399999618530273,93.37999725341797,0.5,100.18,40.86,0.25,0.0,260.319,269.306,196.5,117.243548302888,0.125,-0.375,-160.139,0.05949170594840734,-4.379947632000403
2020-10-15,1146.31005859375,1147.761439732143,1161.8813313802084,-0.13764002077946147,2361.2099609375,3483.340087890625,26.969999313354492,93.86000061035156,0.5,100.18,40.84,0.25,0.0,260.319,269.306,196.5,117.243548302888,0.125,-0.375,-160.139,0.05824760609013681,-4.809706020809623
2020-10-16,1144.1300048828125,1146.8714425223213,1160.7106648763022,-0.19018010830437193,2341.530029296875,3483.81005859375,27.40999984741211,93.68000030517578,0.5,100.18,40.7,0.25,0.0,260.319,269.306,196.5,117.243548302888,0.125,-0.375,-160.139,0.05829999310482817,-4.990739024994495
2020-10-17,1144.1300048828125,1145.9814453125,1159.7793334960938,0.0,2341.530029296875,3483.81005859375,27.40999984741211,93.68000030517578,0.5,100.18,40.7,0.25,0.0,260.319,269.306,196.5,117.243548302888,0.125,-0.375,-160.139,0.05631969835561884,-4.990739024994495
2020-10-18,1144.1300048828125,1145.0914481026787,1158.9619995117187,0.0,2341.530029296875,3483.81005859375,27.40999984741211,93.68000030517578,0.5,100.18,40.7,0.25,0.0,260.319,269.306,196.5,117.243548302888,0.125,-0.375,-160.139,0.05599926294231835,-4.856429610178569
2020-10-19,1141.1800537109375,1144.8814522879463,1158.0463338216146,-0.2578335643052321,2346.739990234375,3426.919921875,29.18000030517578,93.43000030517578,0.5,100.18,40.69,0.25,0.0,260.319,269.306,196.5,117.243548302888,0.125,-0.375,-160.139,0.05621714555334965,-4.904041911386092
2020-10-20,1137.0,1143.5385916573662,1156.9913330078125,-0.366292216319819,2358.409912109375,3443.1201171875,29.350000381469727,93.06999969482422,0.5,100.18,41.37,0.25,0.0,260.319,269.306,196.5,117.243548302888,0.125,-0.375,-160.139,0.056771493257539454,-4.67327252299321
2020-10-21,1136.0,1141.8400181361608,1156.0583333333334,-0.08795074758135568,2370.860107421875,3435.56005859375,28.649999618530273,92.61000061035156,0.5,100.18,39.88,0.25,0.0,260.319,269.306,196.5,117.243548302888,0.125,-0.375,-160.139,0.05601638139985411,-5.114303973976386
2020-10-22,1132.030029296875,1139.800013950893,1154.9976684570313,-0.34946925203565016,2355.050048828125,3453.489990234375,28.110000610351562,92.94999694824219,0.5,100.18,40.46,0.25,0.0,260.319,269.306,196.5,117.243548302888,0.125,-0.375,-160.139,0.05650953836027538,-5.737998190707561
2020-10-23,1134.1500244140625,1138.374302455357,1154.0526692708333,0.1872737526675161,2360.81005859375,3465.389892578125,27.549999237060547,92.7699966430664,0.5,100.18,39.73,0.25,0.0,260.319,269.306,196.5,117.243548302888,0.125,-0.375,-160.139,0.057077181642172556,-5.561470202579766
2020-10-24,1134.1500244140625,1136.9485909598213,1152.8666707356772,0.0,2360.81005859375,3465.389892578125,27.549999237060547,92.7699966430664,0.5,100.18,39.73,0.25,0.0,260.319,269.306,196.5,117.243548302888,0.125,-0.375,-160.139,0.05312477732594705,-5.561470202579766
2020-10-25,1134.1500244140625,1135.5228794642858,1151.7216715494792,0.0,2360.81005859375,3465.389892578125,27.549999237060547,92.7699966430664,0.5,100.18,39.73,0.25,0.0,260.319,269.306,196.5,117.243548302888,0.125,-0.375,-160.139,0.05320734327948356,-5.526074049760366
2020-10-26,1127.760009765625,1133.6057303292412,1150.363671875,-0.563418816812955,2343.909912109375,3400.969970703125,32.459999084472656,93.05000305175781,0.5,100.18,38.39,0.25,0.0,260.319,269.306,196.5,117.243548302888,0.125,-0.375,-160.139,0.05478015039323188,-5.699380533403309
2020-10-27,1131.6400146484375,1132.8400181361608,1149.1350056966146,0.34404526222018283,2330.840087890625,3390.679931640625,33.349998474121094,92.94000244140625,0.5,100.18,39.34,0.25,0.0,260.319,269.306,196.5,117.243548302888,0.125,-0.375,-160.139,0.05630840657460212,-5.647129805188456
2020-10-28,1128.22998046875,1131.730015345982,1147.6280069986979,-0.3013355957324326,2345.260009765625,3271.030029296875,40.279998779296875,93.41000366210938,0.5,100.18,37.27,0.25,0.0,260.319,269.306,196.5,117.243548302888,0.125,-0.375,-160.139,0.05427183397974011,-5.248881024679997
2020-10-29,1134.1800537109375,1132.0371616908483,1146.5536743164062,0.5273812383283172,2326.669921875,3310.110107421875,37.59000015258789,93.95999908447266,0.5,100.18,35.94,0.25,0.0,260.319,269.306,196.5,117.243548302888,0.125,-0.375,-160.139,0.05562019843224009,-4.65550305617024
2020-10-30,1129.52001953125,1131.375732421875,1145.2756754557292,-0.41087252102876004,2267.14990234375,3269.9599609375,38.02000045776367,94.04000091552734,0.5,100.18,35.64,0.25,0.0,260.319,269.306,196.5,117.243548302888,0.125,-0.375,-160.139,0.055966922742505434,-5.047247394425547
2020-10-31,1129.52001953125,1130.7143031529017,1144.1336751302083,0.0,2267.14990234375,3269.9599609375,38.02000045776367,94.04000091552734,0.5,100.18,35.64,0.25,0.0,260.319,269.306,196.5,117.243548302888,0.125,-0.375,-160.139,0.05558650582954528,-5.047247394425547
2020-11-01,1129.52001953125,1130.0528738839287,1143.0516764322917,0.0,2267.14990234375,3269.9599609375,38.02000045776367,94.04000091552734,0.5,100.09,35.64,0.25,0.0,260.911,269.981,198.3,117.243548302888,0.125,-0.375,-160.821,0.05563253645523007,-5.351980017697988
2020-11-02,1135.6099853515625,1131.1742989676338,1142.172676595052,0.5391640444619927,2300.159912109375,3310.239990234375,37.130001068115234,94.05000305175781,0.5,100.09,36.6,0.25,0.0,260.911,269.981,198.3,117.243548302888,0.125,-0.375,-160.821,0.05854111289927374,-4.711521107769434
2020-11-03,1132.1400146484375,1131.2457275390625,1141.1780110677084,-0.30556007325444057,2343.31005859375,3369.159912109375,35.54999923706055,93.55000305175781,0.5,100.09,37.44,0.25,0.0,260.911,269.981,198.3,117.243548302888,0.125,-0.375,-160.821,0.05886612387775076,-5.041726596901864
2020-11-04,1130.3299560546875,1131.5457240513392,1140.010343424479,-0.1598793939203813,2357.320068359375,3443.43994140625,29.56999969482422,93.41000366210938,0.5,100.09,38.97,0.25,0.0,260.911,269.981,198.3,117.243548302888,0.125,-0.375,-160.821,0.05779823860604958,-4.627997027498731
2020-11-05,1129.739990234375,1130.9114292689733,1139.132010904948,-0.052194124127413755,2413.7900390625,3510.449951171875,27.579999923706055,92.52999877929688,0.5,100.09,38.56,0.25,0.0,260.911,269.981,198.3,117.243548302888,0.125,-0.375,-160.821,0.05392284847539644,-4.515838951835994
2020-11-06,1122.6300048828125,1129.9271414620537,1137.7566772460937,-0.6293470544569746,2416.5,3509.43994140625,24.860000610351562,92.2300033569336,0.5,100.09,36.97,0.25,0.0,260.911,269.981,198.3,117.243548302888,0.125,-0.375,-160.821,0.05132435027200367,-5.116765706865567
2020-11-07,1122.6300048828125,1128.9428536551338,1136.6276774088542,0.0,2416.5,3509.43994140625,24.860000610351562,92.2300033569336,0.5,100.09,36.97,0.25,0.0,260.911,269.981,198.3,117.243548302888,0.125,-0.375,-160.821,0.049033792971250316,-5.116765706865567
2020-11-08,1122.6300048828125,1127.9585658482142,1135.7033447265626,0.0,2416.5,3509.43994140625,24.860000610351562,92.2300033569336,0.5,100.09,36.97,0.25,0.0,260.911,269.981,198.3,117.243548302888,0.125,-0.375,-160.821,0.04735148471095892,-5.514456776076004
2020-11-09,1121.1500244140625,1125.892857142857,1134.7296793619792,-0.13183154399160069,2447.199951171875,3550.5,25.75,92.7300033569336,0.5,100.09,40.05,0.25,0.0,260.911,269.981,198.3,117.243548302888,0.125,-0.375,-160.821,0.04730996616180625,-5.403346312254643
2020-11-10,1118.68994140625,1123.9714181082588,1133.6740112304688,-0.2194249613559296,2452.830078125,3545.530029296875,24.799999237060547,92.75,0.5,100.09,41.18,0.25,0.0,260.911,269.981,198.3,117.243548302888,0.125,-0.375,-160.821,0.0473936757624727,-5.594190632341078
2020-11-11,1116.0799560546875,1121.9357038225446,1132.7883422851562,-0.23330730481777584,2485.8701171875,3572.659912109375,23.450000762939453,93.04000091552734,0.5,100.09,41.23,0.25,0.0,260.911,269.981,198.3,117.243548302888,0.125,-0.375,-160.821,0.04436094620398084,-5.636866957963438
2020-11-12,1111.449951171875,1119.3228410993304,1131.62333984375,-0.414845267822872,2475.6201171875,3537.010009765625,25.350000381469727,92.95999908447266,0.5,100.09,40.9,0.25,0.0,260.911,269.981,198.3,117.243548302888,0.125,-0.375,-160.821,0.04367046555636697,-6.137050657447995
2020-11-13,1114.9100341796875,1118.2199881417412,1130.5240071614583,0.31131253406095905,2493.8701171875,3585.14990234375,23.100000381469727,92.76000213623047,0.5,100.09,39.93,0.25,0.0,260.911,269.981,198.3,117.243548302888,0.125,-0.375,-160.821,0.044811692646730024,-5.844843531305333
2020-11-14,1114.9100341796875,1117.1171351841517,1129.4773396809896,0.0,2493.8701171875,3585.14990234375,23.100000381469727,92.76000213623047,0.5,100.09,39.93,0.25,0.0,260.911,269.981,198.3,117.243548302888,0.125,-0.375,-160.821,0.04488003796083546,-5.844843531305333
2020-11-15,1114.9100341796875,1116.0142822265625,1128.5033406575521,0.0,2493.8701171875,3585.14990234375,23.100000381469727,92.76000213623047,0.5,100.09,39.93,0.25,0.0,260.911,269.981,198.3,117.243548302888,0.125,-0.375,-160.821,0.0448575428035696,-5.9972684344650755
2020-11-16,1107.760009765625,1114.1014229910713,1127.2910074869792,-0.6413095402198254,2543.030029296875,3626.909912109375,22.450000762939453,92.56999969482422,0.5,100.09,41.14,0.25,0.0,260.911,269.981,198.3,117.243548302888,0.125,-0.375,-160.821,0.047560800437241285,-6.368013470966383
2020-11-17,1106.0899658203125,1112.3014264787946,1126.0230061848958,-0.1507586418168172,2539.14990234375,3609.530029296875,22.709999084472656,92.41999816894531,0.5,100.09,41.24,0.25,0.0,260.911,269.981,198.3,117.243548302888,0.125,-0.375,-160.821,0.04746616469844949,-6.551827233650831
2020-11-18,1104.949951171875,1110.71142578125,1124.8153361002603,-0.10306708167197032,2545.639892578125,3567.7900390625,23.84000015258789,92.31999969482422,0.5,100.09,41.64,0.25,0.0,260.911,269.981,198.3,117.243548302888,0.125,-0.375,-160.821,0.04726509845553564,-6.456092675098946
2020-11-19,1105.9000244140625,1109.9185791015625,1123.778670247396,0.08598337338083795,2547.419921875,3581.8701171875,23.110000610351562,92.29000091552734,0.5,100.09,41.57,0.25,0.0,260.911,269.981,198.3,117.243548302888,0.125,-0.375,-160.821,0.046925990532330646,-6.619156799671478
2020-11-20,1114.1400146484375,1109.8085763113838,1123.0500040690104,0.7450935936764047,2553.5,3557.5400390625,23.700000762939453,92.38999938964844,0.5,100.09,41.99,0.25,0.0,260.911,269.981,198.3,117.243548302888,0.125,-0.375,-160.821,0.052828130884384844,-5.9233821192648195
2020-11-21,1114.1400146484375,1109.6985735212054,1122.4536702473958,0.0,2553.5,3557.5400390625,23.700000762939453,92.38999938964844,0.5,100.09,41.99,0.25,0.0,260.911,269.981,198.3,117.243548302888,0.125,-0.375,-160.821,0.05215503561693755,-5.9233821192648195
2020-11-22,1114.1400146484375,1109.5885707310267,1121.786669921875,0.0,2553.5,3557.5400390625,23.700000762939453,92.38999938964844,0.5,100.09,41.99,0.25,0.0,260.911,269.981,198.3,117.243548302888,0.125,-0.375,-160.821,0.051687022366251625,-6.469101719457571
2020-11-23,1113.8299560546875,1110.4557059151787,1121.1093343098958,-0.027829410098678675,2602.590087890625,3577.590087890625,22.65999984741211,92.51000213623047,0.5,100.09,42.91,0.25,0.0,260.911,269.981,198.3,117.243548302888,0.125,-0.375,-160.821,0.05166579784418774,-6.262995492978119
2020-11-24,1113.0799560546875,1111.4542759486608,1120.4069986979166,-0.06733523334716551,2617.760009765625,3635.409912109375,21.639999389648438,92.2300033569336,0.5,100.09,44.71,0.25,0.0,260.911,269.981,198.3,117.243548302888,0.125,-0.375,-160.821,0.051634997986082905,-6.1847856058143025
2020-11-25,1109.7099609375,1112.13427734375,1119.805330403646,-0.3027630763500988,2601.5400390625,3629.64990234375,21.25,91.98999786376953,0.5,100.09,45.58,0.25,0.0,260.911,269.981,198.3,117.243548302888,0.125,-0.375,-160.821,0.049960886804381446,-6.26261909679412
2020-11-26,1104.489990234375,1111.9328438895088,1118.9003295898438,-0.47039054229224275,2625.909912109375,3629.64990234375,21.25,91.98999786376953,0.5,100.09,45.58,0.25,0.0,260.911,269.981,198.3,117.243548302888,0.125,-0.375,-160.821,0.04990857984862158,-6.918199266845626
2020-11-27,1105.56005859375,1110.7071358816963,1118.1446655273437,0.09688348186369655,2633.449951171875,3638.35009765625,20.84000015258789,91.79000091552734,0.5,100.09,45.58,0.25,0.0,260.911,269.981,198.3,117.243548302888,0.125,-0.375,-160.821,0.04971110013316299,-6.828018377313915
2020-11-28,1105.56005859375,1109.4814278738838,1117.1906656901042,0.0,2633.449951171875,3638.35009765625,20.84000015258789,91.79000091552734,0.5,100.09,45.58,0.25,0.0,260.911,269.981,198.3,117.243548302888,0.125,-0.375,-160.821,0.046474642766135735,-6.828018377313915
2020-11-29,1105.56005859375,1108.2557198660713,1116.392000325521,0.0,2633.449951171875,3638.35009765625,20.84000015258789,91.79000091552734,0.5,100.09,45.58,0.25,0.0,260.911,269.981,198.3,117.243548302888,0.125,-0.375,-160.821,0.0454842730516711,-6.275901743118039
2020-11-30,1104.3299560546875,1106.8985770089287,1115.5523315429687,-0.11126510310323079,2591.340087890625,3621.6298828125,20.56999969482422,91.87000274658203,0.5,100.09,45.2,0.25,0.0,260.911,269.981,198.3,117.243548302888,0.125,-0.375,-160.821,0.04544755020937689,-6.967758482109431
2020-12-01,1108.510009765625,1106.2457275390625,1114.8519978841146,0.3785149255455478,2634.25,3662.449951171875,20.770000457763672,91.30999755859375,0.5,100.33,44.54,0.25,0.0,262.045,270.341,200.5,117.243548302888,0.125,-0.375,-161.71500000000003,0.047275853904028275,-6.4485392554650804
2020-12-02,1106.280029296875,1105.7557373046875,1113.8743326822917,-0.20116917746385576,2675.89990234375,3669.010009765625,21.170000076293945,91.12000274658203,0.5,100.33,45.23,0.25,0.0,262.045,270.341,200.5,117.243548302888,0.125,-0.375,-161.71500000000003,0.04383765380828565,-6.929709622291158
2020-12-03,1099.3800048828125,1105.0257393973213,1112.782332356771,-0.6237140896819704,2696.219970703125,3666.719970703125,21.280000686645508,90.70999908447266,0.5,100.33,45.65,0.25,0.0,262.045,270.341,200.5,117.243548302888,0.125,-0.375,-161.71500000000003,0.04612717506038125,-7.675643037785229
2020-12-04,1091.3199462890625,1102.9914376395088,1111.4819986979167,-0.7331458238235999,2731.449951171875,3699.1201171875,20.790000915527344,90.69999694824219,0.5,100.33,46.23,0.25,0.0,262.045,270.341,200.5,117.243548302888,0.125,-0.375,-161.71500000000003,0.04965879443544211,-8.352515205225696
2020-12-05,1091.3199462890625,1100.9571358816963,1110.2013305664063,0.0,2731.449951171875,3699.1201171875,20.790000915527344,90.69999694824219,0.5,100.33,46.23,0.25,0.0,262.045,270.341,200.5,117.243548302888,0.125,-0.375,-161.71500000000003,0.049740528135837486,-8.352515205225696
2020-12-06,1091.3199462890625,1098.9228341238838,1109.1576619466146,0.0,2731.449951171875,3699.1201171875,20.790000915527344,90.69999694824219,0.5,100.33,46.23,0.25,0.0,262.045,270.341,200.5,117.243548302888,0.125,-0.375,-161.71500000000003,0.047371121610387916,-8.015719065231297
2020-12-07,1083.780029296875,1095.9871303013392,1107.8626627604167,-0.6908988530656246,2745.43994140625,3691.9599609375,21.299999237060547,90.79000091552734,0.5,100.33,45.72,0.25,0.0,262.045,270.341,200.5,117.243548302888,0.125,-0.375,-161.71500000000003,0.050322421698288246,-8.681256832197326
2020-12-08,1083.6800537109375,1092.4399937220983,1106.5643310546875,-0.009224711955835296,2700.929931640625,3702.25,20.68000030517578,90.97000122070312,0.5,100.33,45.64,0.25,0.0,262.045,270.341,200.5,117.243548302888,0.125,-0.375,-161.71500000000003,0.05030451670280309,-8.876251840693127
2020-12-09,1084.8599853515625,1089.3799874441963,1105.3546630859375,0.10888191921447632,2755.469970703125,3672.820068359375,22.270000457763672,91.08999633789062,0.5,100.33,45.48,0.25,0.0,262.045,270.341,200.5,117.243548302888,0.125,-0.375,-161.71500000000003,0.05072548141148311,-8.402710204576358
2020-12-10,1086.3599853515625,1087.519984654018,1104.2769978841145,0.13826669065630792,2746.4599609375,3668.10009765625,22.520000457763672,90.79000091552734,0.5,100.33,46.76,0.25,0.0,262.045,270.341,200.5,117.243548302888,0.125,-0.375,-161.71500000000003,0.051107535713479174,-8.496247296363036
2020-12-11,1086.3699951171875,1086.8128487723213,1103.2866658528646,0.0009214041164939957,2770.06005859375,3663.4599609375,23.309999465942383,90.9800033569336,0.5,100.33,46.59,0.25,0.0,262.045,270.341,200.5,117.243548302888,0.125,-0.375,-161.71500000000003,0.051016279071618896,-8.495404177018873
2020-12-12,1086.3699951171875,1086.105712890625,1102.4506673177084,0.0,2770.06005859375,3663.4599609375,23.309999465942383,90.9800033569336,0.5,100.33,46.59,0.25,0.0,262.045,270.341,200.5,117.243548302888,0.125,-0.375,-161.71500000000003,0.0501256560713088,-8.495404177018873
2020-12-13,1086.3699951171875,1085.3985770089287,1101.4993326822917,0.0,2770.06005859375,3663.4599609375,23.309999465942383,90.9800033569336,0.5,100.33,46.59,0.25,0.0,262.045,270.341,200.5,117.243548302888,0.125,-0.375,-161.71500000000003,0.048833115384767,-8.47535978743802
2020-12-14,1091.5799560546875,1086.5128522600446,1100.7216634114584,0.47957518717534064,2762.199951171875,3647.489990234375,24.719999313354492,90.70999908447266,0.5,100.33,47.02,0.25,0.0,262.045,270.341,200.5,117.243548302888,0.125,-0.375,-161.71500000000003,0.051473279767138815,-7.559026824063952
2020-12-15,1092.06005859375,1087.709995814732,1099.9599975585938,0.04398235203930678,2756.820068359375,3694.6201171875,22.889999389648438,90.47000122070312,0.5,100.33,47.58,0.25,0.0,262.045,270.341,200.5,117.243548302888,0.125,-0.375,-161.71500000000003,0.05154096393364437,-7.393677456540171
2020-12-16,1088.2099609375,1088.1885637555804,1099.308329264323,-0.3525536554470965,2771.7900390625,3701.169921875,22.5,90.44999694824219,0.5,100.33,47.86,0.25,0.0,262.045,270.341,200.5,117.243548302888,0.125,-0.375,-161.71500000000003,0.04938672664088563,-7.154861842253945
2020-12-17,1091.6500244140625,1088.9442836216517,1098.8269978841147,0.3161213001210639,2770.429931640625,3722.47998046875,21.93000030517578,89.81999969482422,0.5,100.33,48.34,0.25,0.0,262.045,270.341,200.5,117.243548302888,0.125,-0.375,-161.71500000000003,0.050473637316835865,-6.5887989039837835
2020-12-18,1092.1600341796875,1089.7714320591517,1098.4006673177084,0.046719164037822836,2772.179931640625,3709.409912109375,21.56999969482422,90.0199966430664,0.5,100.33,49.04,0.25,0.0,262.045,270.341,200.5,117.243548302888,0.125,-0.375,-161.71500000000003,0.05050620683904408,-6.545157971714033
2020-12-19,1092.1600341796875,1090.5985804966517,1097.9426676432292,0.0,2772.179931640625,3709.409912109375,21.56999969482422,90.0199966430664,0.5,100.33,49.04,0.25,0.0,262.045,270.341,200.5,117.243548302888,0.125,-0.375,-161.71500000000003,0.0503836618713243,-6.545157971714033
2020-12-20,1092.1600341796875,1091.4257289341517,1097.2100016276042,0.0,2772.179931640625,3709.409912109375,21.56999969482422,90.0199966430664,0.5,100.33,49.04,0.25,0.0,262.045,270.341,200.5,117.243548302888,0.125,-0.375,-161.71500000000003,0.044572325052840624,-6.171011491277878
2020-12-21,1098.97998046875,1092.482875279018,1096.7046671549479,0.6244456925385444,2778.64990234375,3694.919921875,25.15999984741211,90.04000091552734,0.5,100.33,47.79,0.25,0.0,262.045,270.341,200.5,117.243548302888,0.125,-0.375,-161.71500000000003,0.04884543766942216,-5.573742018126426
2020-12-22,1101.8599853515625,1093.8828648158483,1096.2953328450521,0.26206163296842444,2733.679931640625,3687.260009765625,24.229999542236328,90.6500015258789,0.5,100.33,47.02,0.25,0.0,262.045,270.341,200.5,117.243548302888,0.125,-0.375,-161.71500000000003,0.04964021200620662,-5.2163453461021465
2020-12-23,1107.97998046875,1096.7071533203125,1096.1003336588542,0.5554240283292211,2759.820068359375,3690.010009765625,23.309999465942383,90.41000366210938,0.5,100.33,47.94,0.25,0.0,262.045,270.341,200.5,117.243548302888,0.125,-0.375,-161.71500000000003,0.052522928715286785,-5.278996095770294
2020-12-24,1104.800048828125,1098.585728236607,1095.824336751302,-0.28700262610157345,2806.860107421875,3703.06005859375,21.530000686645508,90.33000183105469,0.5,100.33,48.18,0.25,0.0,262.045,270.341,200.5,117.243548302888,0.125,-0.375,-161.71500000000003,0.05308859662397111,-5.4514292830017075
2020-12-25,1099.9100341796875,1099.69287109375,1095.4976725260417,-0.4426153541199018,2806.860107421875,3703.06005859375,21.530000686645508,90.33000183105469,0.5,100.33,48.18,0.25,0.0,262.045,270.341,200.5,117.243548302888,0.125,-0.375,-161.71500000000003,0.053874846154447154,-5.869915774096068
2020-12-26,1099.9100341796875,1100.800013950893,1095.3450073242188,0.0,2806.860107421875,3703.06005859375,21.530000686645508,90.33000183105469,0.5,100.33,48.18,0.25,0.0,262.045,270.341,200.5,117.243548302888,0.125,-0.375,-161.71500000000003,0.052225749909776756,-5.869915774096068
2020-12-27,1099.9100341796875,1101.9071568080358,1095.1566731770833,0.0,2806.860107421875,3703.06005859375,21.530000686645508,90.33000183105469,0.5,100.33,48.18,0.25,0.0,262.045,270.341,200.5,117.243548302888,0.125,-0.375,-161.71500000000003,0.05212347600725051,-6.266184116627582
2020-12-28,1099.0899658203125,1101.9228690011162,1094.9410034179687,-0.07455776689833105,2808.60009765625,3735.360107421875,21.700000762939453,90.33999633789062,0.5,100.33,47.5,0.25,0.0,262.045,270.341,200.5,117.243548302888,0.125,-0.375,-161.71500000000003,0.05214768403916941,-5.771561148024573
2020-12-29,1095.0,1100.94287109375,1094.5890014648437,-0.3721229332905418,2820.510009765625,3727.0400390625,23.079999923706055,90.01000213623047,0.5,100.33,47.85,0.25,0.0,262.045,270.341,200.5,117.243548302888,0.125,-0.375,-161.71500000000003,0.0531355438326829,-6.238760319339942
2020-12-30,1092.6199951171875,1098.7485874720983,1094.1986694335938,-0.217352044092467,2873.469970703125,3732.0400390625,22.770000457763672,89.62999725341797,0.5,100.33,48.24,0.25,0.0,262.045,270.341,200.5,117.243548302888,0.125,-0.375,-161.71500000000003,0.053362498879053574,-6.1145605173067334
2020-12-31,1086.4200439453125,1096.1228724888392,1093.4623372395833,-0.5674389265785007,2873.469970703125,3756.070068359375,22.75,89.94000244140625,0.5,100.33,48.35,0.25,0.0,262.045,270.341,200.5,117.243548302888,0.125,-0.375,-161.71500000000003,0.054031688198494084,-6.50268832454034
2021-01-01,1084.6500244140625,1093.94287109375,1092.741337076823,-0.16292220869031926,2873.469970703125,3756.070068359375,22.75,89.94000244140625,0.5,101.04,48.35,0.25,0.0,262.639,270.416,204.8,138.64663248802,0.125,-0.375,-161.599,0.053960183893330446,-6.655016209788068
2021-01-02,1084.6500244140625,1091.7628696986608,1092.2503377278647,0.0,2873.469970703125,3756.070068359375,22.75,89.94000244140625,0.5,101.04,48.35,0.25,0.0,262.639,270.416,204.8,138.64663248802,0.125,-0.375,-161.599,0.05131379436309579,-6.655016209788068
2021-01-03,1084.6500244140625,1089.5828683035713,1092.028006998698,0.0,2873.469970703125,3756.070068359375,22.75,89.94000244140625,0.5,101.04,48.35,0.25,0.0,262.639,270.416,204.8,138.64663248802,0.125,-0.375,-161.599,0.04697976780359111,-6.9257535827567995
2021-01-04,1084.72998046875,1087.5314418247767,1091.8083414713542,0.007371599399608186,2944.449951171875,3700.64990234375,26.969999313354492,89.87999725341797,0.5,101.04,47.47,0.25,0.0,262.639,270.416,204.8,138.64663248802,0.125,-0.375,-161.599,0.046982981804336736,-6.172528735765692
2021-01-05,1086.6199951171875,1086.3342982700892,1091.6516764322917,0.1742382604397852,2990.570068359375,3726.860107421875,25.34000015258789,89.44000244140625,0.5,101.04,49.78,0.25,0.0,262.639,270.416,204.8,138.64663248802,0.125,-0.375,-161.599,0.0473168776823237,-6.63894513731953
2021-01-06,1086.449951171875,1085.4528634207588,1091.740673828125,-0.01564888793474939,2968.2099609375,3748.139892578125,25.06999969482422,89.52999877929688,0.5,101.04,50.45,0.25,0.0,262.639,270.416,204.8,138.64663248802,0.125,-0.375,-161.599,0.042749004040521586,-6.057072963953736
2021-01-07,1086.949951171875,1085.528564453125,1091.8496704101562,0.04602144806216124,3031.679931640625,3803.7900390625,22.3700008392334,89.83000183105469,0.5,101.04,50.63,0.25,0.0,262.639,270.416,204.8,138.64663248802,0.125,-0.375,-161.599,0.042759025908682524,-5.512190530541505
2021-01-08,1093.0699462890625,1086.731410435268,1092.1233357747396,0.563042954331916,3152.179931640625,3824.679931640625,21.559999465942383,90.0999984741211,0.5,101.04,52.14,0.25,0.0,262.639,270.416,204.8,138.64663248802,0.125,-0.375,-161.599,0.04559968476512165,-4.9801835766211555
2021-01-09,1093.0699462890625,1087.9342564174108,1092.3470011393229,0.0,3152.179931640625,3824.679931640625,21.559999465942383,90.0999984741211,0.5,101.04,52.14,0.25,0.0,262.639,270.416,204.8,138.64663248802,0.125,-0.375,-161.599,0.04547856990961843,-4.9801835766211555
2021-01-10,1093.0699462890625,1089.1371023995537,1092.570332845052,0.0,3152.179931640625,3824.679931640625,21.559999465942383,90.0999984741211,0.5,101.04,52.14,0.25,0.0,262.639,270.416,204.8,138.64663248802,0.125,-0.375,-161.599,0.04547892989686892,-4.339043194824599
2021-01-11,1092.8199462890625,1090.2928118024554,1092.785331217448,-0.02287136343367413,3148.449951171875,3799.610107421875,24.079999923706055,90.54000091552734,0.5,101.04,52.15,0.25,0.0,262.639,270.416,204.8,138.64663248802,0.125,-0.375,-161.599,0.04549288889134386,-4.673768055124161
2021-01-12,1096.449951171875,1091.6970912388392,1093.1213297526042,0.33216861525442454,3125.949951171875,3801.18994140625,23.329999923706055,90.05000305175781,0.5,101.04,53.08,0.25,0.0,262.639,270.416,204.8,138.64663248802,0.125,-0.375,-161.599,0.04637525263289542,-4.4812710991581355
2021-01-13,1093.5400390625,1092.7099609375,1093.1866658528645,-0.2653939750067891,3148.2900390625,3809.840087890625,22.209999084472656,90.31999969482422,0.5,101.04,52.81,0.25,0.0,262.639,270.416,204.8,138.64663248802,0.125,-0.375,-161.599,0.045125786242039514,-4.603468244532916
2021-01-14,1097.1099853515625,1094.1613943917412,1093.3549967447916,0.3264577575159411,3149.929931640625,3795.5400390625,23.25,90.23999786376953,0.5,101.04,53.47,0.25,0.0,262.639,270.416,204.8,138.64663248802,0.125,-0.375,-161.599,0.046063289492833774,-4.109674541405461
2021-01-15,1094.9000244140625,1094.4228341238838,1093.577998860677,-0.20143476652360048,3085.89990234375,3768.25,24.34000015258789,90.77999877929688,0.5,101.04,52.25,0.25,0.0,262.639,270.416,204.8,138.64663248802,0.125,-0.375,-161.599,0.04521361460815821,-4.3028309946116945
2021-01-16,1094.9000244140625,1094.6842738560267,1093.6863321940104,0.0,3085.89990234375,3768.25,24.34000015258789,90.77999877929688,0.5,101.04,52.25,0.25,0.0,262.639,270.416,204.8,138.64663248802,0.125,-0.375,-161.599,0.04433935931118055,-4.3028309946116945
2021-01-17,1094.9000244140625,1094.9457135881696,1093.7776652018229,0.0,3085.89990234375,3768.25,24.34000015258789,90.77999877929688,0.5,101.04,52.25,0.25,0.0,262.639,270.416,204.8,138.64663248802,0.125,-0.375,-161.599,0.044326674634635896,-4.055453751262094
2021-01-18,1102.9599609375,1096.394287109375,1094.1376627604166,0.7361344728940677,3013.929931640625,3768.25,24.34000015258789,90.77999877929688,0.5,101.04,52.25,0.25,0.0,262.639,270.416,204.8,138.64663248802,0.125,-0.375,-161.599,0.049080316925821044,-2.993846883245388
2021-01-19,1103.0999755859375,1097.3442905970983,1094.5023274739583,0.012694445256067333,3092.659912109375,3798.909912109375,23.239999771118164,90.5,0.5,101.04,52.87,0.25,0.0,262.639,270.416,204.8,138.64663248802,0.125,-0.375,-161.599,0.04907421867929068,-2.8961289096886
2021-01-20,1100.989990234375,1098.4085693359375,1094.5693277994792,-0.19127779877265993,3114.550048828125,3851.85009765625,21.579999923706055,90.47000122070312,0.5,101.04,53.16,0.25,0.0,262.639,270.416,204.8,138.64663248802,0.125,-0.375,-161.599,0.0461489075825584,-2.7419801824320467
2021-01-21,1096.25,1098.2857142857142,1094.3823282877604,-0.43052073828263593,3160.840087890625,3853.070068359375,21.31999969482422,90.12999725341797,0.5,101.04,53.0,0.25,0.0,262.639,270.416,204.8,138.64663248802,0.125,-0.375,-161.599,0.04717027030405432,-3.3417117310950872
2021-01-22,1099.9000244140625,1099.0,1094.1129964192708,0.3329554767673937,3140.6298828125,3841.469970703125,21.90999984741211,90.23999786376953,0.5,101.04,52.28,0.25,0.0,262.639,270.416,204.8,138.64663248802,0.125,-0.375,-161.599,0.0452266344765123,-3.0198826665541523
2021-01-23,1099.9000244140625,1099.7142857142858,1093.9496622721354,0.0,3140.6298828125,3841.469970703125,21.90999984741211,90.23999786376953,0.5,101.04,52.28,0.25,0.0,262.639,270.416,204.8,138.64663248802,0.125,-0.375,-161.599,0.04453602638308813,-3.0198826665541523
2021-01-24,1099.9000244140625,1100.4285714285713,1093.9493286132813,0.0,3140.6298828125,3841.469970703125,21.90999984741211,90.23999786376953,0.5,101.04,52.28,0.25,0.0,262.639,270.416,204.8,138.64663248802,0.125,-0.375,-161.599,0.04264563191014747,-2.470382449307851
2021-01-25,1104.6400146484375,1100.6685791015625,1094.1069946289062,0.4309473705939926,3208.989990234375,3855.360107421875,23.190000534057617,90.38999938964844,0.5,101.04,52.78,0.25,0.0,262.639,270.416,204.8,138.64663248802,0.125,-0.375,-161.599,0.04443436504319805,-2.385917752156197
2021-01-26,1101.72998046875,1100.472865513393,1094.1676595052083,-0.26343733171875217,3140.31005859375,3849.6201171875,23.020000457763672,90.16999816894531,0.5,101.04,52.61,0.25,0.0,262.639,270.416,204.8,138.64663248802,0.125,-0.375,-161.599,0.04516005500386434,-2.3488118963998716
2021-01-27,1101.0,1100.4742954799108,1094.231327311198,-0.06625765674811435,3122.56005859375,3750.77001953125,37.209999084472656,90.6500015258789,0.5,101.04,52.81,0.25,0.0,262.639,270.416,204.8,138.64663248802,0.125,-0.375,-161.599,0.045147843873976926,-2.92546616406939
2021-01-28,1107.5,1102.0814383370537,1094.6479939778646,0.5903723887375145,3069.050048828125,3787.3798828125,30.209999084472656,90.45999908447266,0.5,101.04,52.26,0.25,0.0,262.639,270.416,204.8,138.64663248802,0.125,-0.375,-161.599,0.04673005085223482,-1.949502368305811
2021-01-29,1112.2900390625,1103.8514404296875,1095.303662109375,0.43250917042889636,2976.2099609375,3714.239990234375,33.09000015258789,90.58000183105469,0.5,101.04,52.16,0.25,0.0,262.639,270.416,204.8,138.64663248802,0.125,-0.375,-161.599,0.047431555453266584,-1.5254249743975712
2021-01-30,1112.2900390625,1105.6214425223213,1096.165995279948,0.0,2976.2099609375,3714.239990234375,33.09000015258789,90.58000183105469,0.5,101.04,52.16,0.25,0.0,262.639,270.416,204.8,138.64663248802,0.125,-0.375,-161.599,0.04360659898511483,-1.5254249743975712
2021-01-31,1112.2900390625,1107.3914446149554,1097.0873291015625,0.0,2976.2099609375,3714.239990234375,33.09000015258789,90.58000183105469,0.5,101.04,52.16,0.25,0.0,262.639,270.416,204.8,138.64663248802,0.125,-0.375,-161.599,0.04307410169434015,-2.05351719251069
2021-02-01,1117.4300537109375,1109.2185930524554,1098.1799967447917,0.4621110023397934,3056.530029296875,3773.860107421875,30.239999771118164,91.0199966430664,0.5,101.58,53.55,0.25,0.0,263.573,270.776,210.6,138.64663248802,0.125,-0.375,-161.993,0.04435176944872985,-1.299305805569273
2021-02-02,1116.8800048828125,1111.3828822544642,1099.2543294270833,-0.049224452689300424,3096.81005859375,3826.31005859375,25.559999465942383,91.19999694824219,0.5,101.58,54.77,0.25,0.0,263.573,270.776,210.6,138.64663248802,0.125,-0.375,-161.993,0.044470683454622614,-1.1899137150023664
2021-02-03,1113.6099853515625,1113.1843087332588,1100.2169962565104,-0.29278163428068105,3129.679931640625,3830.169921875,22.90999984741211,91.12000274658203,0.5,101.58,55.67,0.25,0.0,263.573,270.776,210.6,138.64663248802,0.125,-0.375,-161.993,0.0458324285016423,-1.4277625845099284
2021-02-04,1113.1500244140625,1113.991455078125,1101.1013305664062,-0.04130359313856413,3087.550048828125,3871.739990234375,21.770000457763672,91.52999877929688,0.5,101.58,56.19,0.25,0.0,263.573,270.776,210.6,138.64663248802,0.125,-0.375,-161.993,0.04590579410215637,-0.8444438886825889
2021-02-05,1119.1300048828125,1114.9685930524554,1102.1906656901042,0.5372124455459426,3120.6298828125,3886.830078125,20.8700008392334,91.04000091552734,0.5,101.58,56.8,0.25,0.0,263.573,270.776,210.6,138.64663248802,0.125,-0.375,-161.993,0.04765900522326062,-0.31176790080230665
2021-02-06,1119.1300048828125,1115.9457310267858,1103.2633341471353,0.0,3120.6298828125,3886.830078125,20.8700008392334,91.04000091552734,0.5,101.58,56.8,0.25,0.0,263.573,270.776,210.6,138.64663248802,0.125,-0.375,-161.993,0.047722310008406585,-0.31176790080230665
2021-02-07,1119.1300048828125,1116.9228690011162,1104.1320027669271,0.0,3120.6298828125,3886.830078125,20.8700008392334,91.04000091552734,0.5,101.58,56.8,0.25,0.0,263.573,270.776,210.6,138.64663248802,0.125,-0.375,-161.993,0.04569898766027614,-0.18017388282229874
2021-02-08,1116.8499755859375,1116.8400006975446,1104.9246704101563,-0.2037322998156732,3091.239990234375,3915.590087890625,21.239999771118164,90.93000030517578,0.5,101.58,57.95,0.25,0.0,263.573,270.776,210.6,138.64663248802,0.125,-0.375,-161.993,0.04638128796374326,-0.16447504819785408
2021-02-09,1116.3299560546875,1116.7614222935267,1105.7000040690104,-0.04656126987666598,3084.669921875,3911.22998046875,21.6299991607666,90.44000244140625,0.5,101.58,58.34,0.25,0.0,263.573,270.776,210.6,138.64663248802,0.125,-0.375,-161.993,0.046463809387359,0.02239982885130498
2021-02-10,1110.0,1116.2457101004463,1106.2726725260416,-0.5670327146875764,3100.580078125,3909.8798828125,21.989999771118164,90.37000274658203,0.5,101.58,58.69,0.25,0.0,263.573,270.776,210.6,138.64663248802,0.125,-0.375,-161.993,0.049960391547039226,-0.13045582217591223
2021-02-11,1103.97998046875,1114.9357038225446,1106.5236735026042,-0.542344101914416,3100.580078125,3916.3798828125,21.25,90.41999816894531,0.5,101.58,58.22,0.25,0.0,263.573,270.776,210.6,138.64663248802,0.125,-0.375,-161.993,0.05209008804724819,-0.9803529769986774
2021-02-12,1102.219970703125,1112.519984654018,1106.8130045572916,-0.15942406536010312,3100.580078125,3934.830078125,19.969999313354492,90.4800033569336,0.5,101.58,59.5,0.25,0.0,263.573,270.776,210.6,138.64663248802,0.125,-0.375,-161.993,0.051668512114907875,-1.1382141237879728
2021-02-13,1102.219970703125,1110.1042654854912,1106.9833374023438,0.0,3100.580078125,3934.830078125,19.969999313354492,90.4800033569336,0.5,101.58,59.5,0.25,0.0,263.573,270.776,210.6,138.64663248802,0.125,-0.375,-161.993,0.05088401240112789,-1.1382141237879728
2021-02-14,1102.219970703125,1107.6885463169642,1107.2273356119792,0.0,3100.580078125,3934.830078125,19.969999313354492,90.4800033569336,0.5,101.58,59.5,0.25,0.0,263.573,270.776,210.6,138.64663248802,0.125,-0.375,-161.993,0.05046931385437099,-0.5001118485647549
2021-02-15,1103.3699951171875,1105.7628348214287,1107.50966796875,0.10433710553519049,3147.0,3934.830078125,19.969999313354492,90.4800033569336,0.5,101.58,59.5,0.25,0.0,263.573,270.776,210.6,138.64663248802,0.125,-0.375,-161.993,0.050519101657619025,-0.24590863195361745
2021-02-16,1102.239990234375,1103.7499825613838,1107.7543334960938,-0.10241395794821084,3163.25,3932.590087890625,21.459999084472656,90.51000213623047,0.5,101.58,60.07,0.25,0.0,263.573,270.776,210.6,138.64663248802,0.125,-0.375,-161.993,0.05065224246954724,-0.24525644212445297
2021-02-17,1106.4599609375,1103.2442626953125,1107.8710001627603,0.3828540735695496,3133.72998046875,3931.330078125,21.5,90.94999694824219,0.5,101.58,61.09,0.25,0.0,263.573,270.776,210.6,138.64663248802,0.125,-0.375,-161.993,0.04724928999323957,0.05063174889918809
2021-02-18,1104.550048828125,1103.3257010323662,1107.9193359375,-0.17261466088268618,3086.659912109375,3913.969970703125,22.489999771118164,90.58999633789062,0.5,101.58,60.4,0.25,0.0,263.573,270.776,210.6,138.64663248802,0.125,-0.375,-161.993,0.047547780562726176,-0.8607505065993504
2021-02-19,1106.219970703125,1103.8971296037946,1108.0936686197917,0.15118571374577172,3107.6201171875,3906.7099609375,22.049999237060547,90.36000061035156,0.5,101.58,59.12,0.25,0.0,263.573,270.776,210.6,138.64663248802,0.125,-0.375,-161.993,0.04735608843500241,-0.7108661246505554
2021-02-20,1106.219970703125,1104.4685581752233,1108.4260009765626,0.0,3107.6201171875,3906.7099609375,22.049999237060547,90.36000061035156,0.5,101.58,59.12,0.25,0.0,263.573,270.776,210.6,138.64663248802,0.125,-0.375,-161.993,0.04543156776426163,-0.7108661246505554
2021-02-21,1106.219970703125,1105.0399867466517,1108.6366658528646,0.0,3107.6201171875,3906.7099609375,22.049999237060547,90.36000061035156,0.5,101.58,59.12,0.25,0.0,263.573,270.776,210.6,138.64663248802,0.125,-0.375,-161.993,0.04452165426724531,-0.6832268525545748
2021-02-22,1103.93994140625,1105.1214076450892,1108.771329752604,-0.2061099381008069,3079.75,3876.5,23.450000762939453,90.01000213623047,0.5,101.58,61.67,0.25,0.0,263.573,270.776,210.6,138.64663248802,0.125,-0.375,-161.993,0.04499822046637946,-0.8211462796288482
2021-02-23,1110.6700439453125,1106.3257010323662,1109.1303304036458,0.6096439024109834,3070.090087890625,3881.3701171875,23.110000610351562,90.16999816894531,0.5,101.58,61.66,0.25,0.0,263.573,270.776,210.6,138.64663248802,0.125,-0.375,-161.993,0.048204551490785966,0.08651657114093769
2021-02-24,1109.31005859375,1106.7328578404017,1109.2859985351563,-0.1224472883712191,2994.97998046875,3925.429931640625,21.34000015258789,90.18000030517578,0.5,101.58,63.21,0.25,0.0,263.573,270.776,210.6,138.64663248802,0.125,-0.375,-161.993,0.046884201853655584,0.43640670372686596
2021-02-25,1107.2099609375,1107.1128452845983,1109.4686645507813,-0.1893156597635337,3099.68994140625,3829.340087890625,28.889999389648438,90.12999725341797,0.5,101.58,63.43,0.25,0.0,263.573,270.776,210.6,138.64663248802,0.125,-0.375,-161.993,0.04655042324379568,0.1492367900707947
2021-02-26,1119.1300048828125,1108.9571358816963,1110.072998046875,1.0765838789256854,3012.949951171875,3811.14990234375,27.950000762939453,90.93000030517578,0.5,101.58,61.55,0.25,0.0,263.573,270.776,210.6,138.64663248802,0.125,-0.375,-161.993,0.05566667469808677,1.2274273282197878
2021-02-27,1119.1300048828125,1110.8014264787946,1110.4606648763022,0.0,3012.949951171875,3811.14990234375,27.950000762939453,90.93000030517578,0.5,101.58,61.55,0.25,0.0,263.573,270.776,210.6,138.64663248802,0.125,-0.375,-161.993,0.05331319802418572,1.2274273282197878
2021-02-28,1119.1300048828125,1112.645717075893,1110.6886637369792,0.0,3012.949951171875,3811.14990234375,27.950000762939453,90.93000030517578,0.5,101.58,61.55,0.25,0.0,263.573,270.776,210.6,138.64663248802,0.125,-0.375,-161.993,0.05197031603684886,1.3401835879739643
2021-03-01,1123.3699951171875,1115.4214390345983,1111.0579956054687,0.37886485179341456,3012.949951171875,3901.820068359375,23.350000381469727,91.04000091552734,0.5,101.84,60.54,0.25,0.0,264.847,271.453,215.0,138.64663248802,0.125,-0.375,-163.00699999999998,0.05298763181937458,1.340536866663422
2021-03-02,1101.8299560546875,1114.1585693359375,1110.709326171875,-1.917448316772341,3043.8701171875,3870.2900390625,24.100000381469727,90.79000091552734,0.5,101.84,59.7,0.25,0.0,264.847,271.453,215.0,138.64663248802,0.125,-0.375,-163.00699999999998,0.07751097562224887,-0.40225558848927534
2021-03-03,1124.3299560546875,1116.3042689732142,1110.9393229166667,2.0420573861111624,3082.989990234375,3819.719970703125,26.670000076293945,90.94999694824219,0.5,101.84,61.33,0.25,0.0,264.847,271.453,215.0,138.64663248802,0.125,-0.375,-163.00699999999998,0.09724687013698316,2.269456517406332
2021-03-04,1129.5,1119.488560267857,1111.359989420573,0.4598333360657181,3043.489990234375,3768.469970703125,28.56999969482422,91.62999725341797,0.5,101.84,63.81,0.25,0.0,264.847,271.453,215.0,138.64663248802,0.125,-0.375,-163.00699999999998,0.09803735993605574,3.4985206529730695
2021-03-05,1133.3499755859375,1121.519984654018,1112.0179890950521,0.3408566255810097,3026.260009765625,3841.93994140625,24.65999984741211,91.9800033569336,0.5,101.84,66.08,0.25,0.0,264.847,271.453,215.0,138.64663248802,0.125,-0.375,-163.00699999999998,0.09789221321286094,3.8513022179970546
2021-03-06,1133.3499755859375,1123.5514090401787,1112.6913208007813,0.0,3026.260009765625,3841.93994140625,24.65999984741211,91.9800033569336,0.5,101.84,66.08,0.25,0.0,264.847,271.453,215.0,138.64663248802,0.125,-0.375,-163.00699999999998,0.09786223090530066,3.8513022179970546
2021-03-07,1133.3499755859375,1125.5828334263392,1113.1653198242188,0.0,3026.260009765625,3841.93994140625,24.65999984741211,91.9800033569336,0.5,101.84,66.08,0.25,0.0,264.847,271.453,215.0,138.64663248802,0.125,-0.375,-163.00699999999998,0.09682754886478757,4.573801412563583
2021-03-08,1127.489990234375,1126.1714041573662,1113.443986002604,-0.5170499384828497,2996.110107421875,3821.35009765625,25.469999313354492,92.30999755859375,0.5,101.84,65.03,0.25,0.0,264.847,271.453,215.0,138.64663248802,0.125,-0.375,-163.00699999999998,0.09818137276831325,4.042700276102296
2021-03-09,1140.22998046875,1131.6571219308037,1114.1473185221355,1.1299426464732143,2976.1201171875,3875.43994140625,24.030000686645508,91.95999908447266,0.5,101.84,64.02,0.25,0.0,264.847,271.453,215.0,138.64663248802,0.125,-0.375,-163.00699999999998,0.10324592117163087,5.10388399100592
2021-03-10,1134.9100341796875,1133.1685616629463,1114.7493204752604,-0.46656783106820976,2958.1201171875,3898.81005859375,22.559999465942383,91.79000091552734,0.5,101.84,64.45,0.25,0.0,264.847,271.453,215.0,138.64663248802,0.125,-0.375,-163.00699999999998,0.10411625312136277,4.469057170990465
2021-03-11,1136.010009765625,1134.0985630580358,1115.405322265625,0.09692183105356467,3013.699951171875,3939.340087890625,21.90999984741211,91.41999816894531,0.5,101.84,66.02,0.25,0.0,264.847,271.453,215.0,138.64663248802,0.125,-0.375,-163.00699999999998,0.10407700030051528,4.5693469878172355
2021-03-12,1129.6400146484375,1133.568568638393,1116.059989420573,-0.5607340659350091,3054.389892578125,3943.340087890625,20.690000534057617,91.68000030517578,0.5,101.84,65.59,0.25,0.0,264.847,271.453,215.0,138.64663248802,0.125,-0.375,-163.00699999999998,0.1040441620983725,3.9829910367307653
2021-03-13,1129.6400146484375,1133.03857421875,1116.9153238932292,0.0,3054.389892578125,3943.340087890625,20.690000534057617,91.68000030517578,0.5,101.84,65.59,0.25,0.0,264.847,271.453,215.0,138.64663248802,0.125,-0.375,-163.00699999999998,0.10248901163051943,3.9829910367307653
2021-03-14,1129.6400146484375,1132.508579799107,1117.829325358073,0.0,3054.389892578125,3943.340087890625,20.690000534057617,91.68000030517578,0.5,101.84,65.59,0.25,0.0,264.847,271.453,215.0,138.64663248802,0.125,-0.375,-163.00699999999998,0.10227115569657809,3.486694527747747
2021-03-15,1134.5,1133.510009765625,1118.9053263346354,0.43022425627115,3045.7099609375,3968.93994140625,20.030000686645508,91.83000183105469,0.5,101.84,65.36,0.25,0.0,264.847,271.453,215.0,138.64663248802,0.125,-0.375,-163.00699999999998,0.10272341947498208,3.886227783195384
2021-03-16,1131.3900146484375,1132.2471575055804,1119.8776611328126,-0.2741282813188639,3067.169921875,3962.7099609375,19.790000915527344,91.87000274658203,0.5,101.84,64.82,0.25,0.0,264.847,271.453,215.0,138.64663248802,0.125,-0.375,-163.00699999999998,0.1032571993659667,3.9679891988617433
2021-03-17,1129.8399658203125,1131.5228620256696,1120.7599934895834,-0.1370039339269491,3047.5,3974.1201171875,19.229999542236328,91.4000015258789,0.5,101.84,64.55,0.25,0.0,264.847,271.453,215.0,138.64663248802,0.125,-0.375,-163.00699999999998,0.10346306156695953,3.498368575290267
2021-03-18,1121.1300048828125,1129.3971470424108,1121.3896606445312,-0.7709021809275574,3066.010009765625,3915.4599609375,21.579999923706055,91.8499984741211,0.5,101.84,59.95,0.25,0.0,264.847,271.453,215.0,138.64663248802,0.125,-0.375,-163.00699999999998,0.10626942463349989,2.652538986640729
2021-03-19,1126.1099853515625,1128.892857142857,1122.0446614583334,0.44419295238382617,3039.530029296875,3913.10009765625,20.950000762939453,91.91999816894531,0.5,101.84,61.43,0.25,0.0,264.847,271.453,215.0,138.64663248802,0.125,-0.375,-163.00699999999998,0.10644667130659799,3.1085143302624685
2021-03-20,1126.1099853515625,1128.3885672433037,1122.7633260091145,0.0,3039.530029296875,3913.10009765625,20.950000762939453,91.91999816894531,0.5,101.84,61.43,0.25,0.0,264.847,271.453,215.0,138.64663248802,0.125,-0.375,-163.00699999999998,0.10623502177213787,3.1085143302624685
2021-03-21,1126.1099853515625,1127.88427734375,1123.4263264973958,0.0,3039.530029296875,3913.10009765625,20.950000762939453,91.91999816894531,0.5,101.84,61.43,0.25,0.0,264.847,271.453,215.0,138.64663248802,0.125,-0.375,-163.00699999999998,0.10622080851189802,2.468653238909835
2021-03-22,1127.47998046875,1126.8814174107142,1124.1349934895834,0.12165731012143688,3035.4599609375,3940.590087890625,18.8799991607666,91.80000305175781,0.5,101.84,61.48,0.25,0.0,264.847,271.453,215.0,138.64663248802,0.125,-0.375,-163.00699999999998,0.10621804224363586,2.3251588639016774
2021-03-23,1125.1199951171875,1125.9857003348213,1124.7649943033855,-0.2093150559162371,3004.739990234375,3910.52001953125,20.299999237060547,92.33999633789062,0.5,101.84,57.75,0.25,0.0,264.847,271.453,215.0,138.64663248802,0.125,-0.375,-163.00699999999998,0.10650329518785065,1.5469606807503977
2021-03-24,1133.199951171875,1126.4656982421875,1125.7403279622397,0.7181417173059756,2996.35009765625,3889.139892578125,21.200000762939453,92.52999877929688,0.5,101.84,61.12,0.25,0.0,264.847,271.453,215.0,138.64663248802,0.125,-0.375,-163.00699999999998,0.10786667979644762,2.5705920608778188
2021-03-25,1134.47998046875,1128.372837611607,1126.5339925130208,0.11295705542091472,3008.330078125,3909.52001953125,19.809999465942383,92.87999725341797,0.5,101.84,58.47,0.25,0.0,264.847,271.453,215.0,138.64663248802,0.125,-0.375,-163.00699999999998,0.10673999312761139,3.14297944511841
2021-03-26,1134.2099609375,1129.5299769810267,1127.3639892578126,-0.023801171981763236,3041.010009765625,3974.5400390625,18.860000610351562,92.7699966430664,0.5,101.84,60.93,0.25,0.0,264.847,271.453,215.0,138.64663248802,0.125,-0.375,-163.00699999999998,0.10662133002456074,3.1184302071935788
2021-03-27,1134.2099609375,1130.6871163504463,1128.2639892578125,0.0,3041.010009765625,3974.5400390625,18.860000610351562,92.7699966430664,0.5,101.84,60.93,0.25,0.0,264.847,271.453,215.0,138.64663248802,0.125,-0.375,-163.00699999999998,0.10635250354821157,3.1184302071935788
2021-03-28,1134.2099609375,1131.8442557198662,1128.7666544596354,0.0,3041.010009765625,3974.5400390625,18.860000610351562,92.7699966430664,0.5,101.84,60.93,0.25,0.0,264.847,271.453,215.0,138.64663248802,0.125,-0.375,-163.00699999999998,0.10210044542021492,3.195370370884554
2021-03-29,1127.9599609375,1131.9128243582588,1129.060986328125,-0.551044358209829,3036.0400390625,3971.090087890625,20.739999771118164,92.94000244140625,0.5,101.84,61.49,0.25,0.0,264.847,271.453,215.0,138.64663248802,0.125,-0.375,-163.00699999999998,0.10355779512255232,3.010042094748866
2021-03-30,1131.6500244140625,1132.8456856863838,1129.4783203125,0.3271448991412296,3070.0,3958.550048828125,19.610000610351562,93.30000305175781,0.5,101.84,60.55,0.25,0.0,264.847,271.453,215.0,138.64663248802,0.125,-0.375,-163.00699999999998,0.10391367710374246,3.572150379024408
2021-03-31,1132.3199462890625,1132.719970703125,1129.7766520182292,0.0591986798521793,3061.419921875,3972.889892578125,19.399999618530273,93.2300033569336,0.5,101.84,59.19,0.25,0.0,264.847,271.453,215.0,138.64663248802,0.125,-0.375,-163.00699999999998,0.10341742234797684,4.22487624372847
2021-04-01,1127.199951171875,1131.679966517857,1130.6223185221354,-0.4521685883894566,3087.39990234375,4019.8701171875,17.329999923706055,92.93000030517578,0.5,101.98,61.41,0.25,0.0,266.625,273.626,217.9,153.732954581083,0.125,-0.375,-164.64499999999998,0.08685162521793828,3.9229176047636427
2021-04-02,1128.06005859375,1130.8014090401787,1130.7466552734375,0.07630477813460601,3112.800048828125,4019.8701171875,17.329999923706055,92.93000030517578,0.5,101.98,61.41,0.25,0.0,266.625,273.626,217.9,153.732954581083,0.125,-0.375,-164.64499999999998,0.06385135583737564,4.002215756472971
2021-04-03,1128.06005859375,1129.9228515625,1130.6986572265625,0.0,3112.800048828125,4019.8701171875,17.329999923706055,92.93000030517578,0.5,101.98,61.41,0.25,0.0,266.625,273.626,217.9,153.732954581083,0.125,-0.375,-164.64499999999998,0.062422582150712135,4.002215756472971
2021-04-04,1128.06005859375,1129.0442940848213,1130.5223266601563,0.0,3112.800048828125,4019.8701171875,17.329999923706055,92.93000030517578,0.5,101.98,61.41,0.25,0.0,266.625,273.626,217.9,153.732954581083,0.125,-0.375,-164.64499999999998,0.061564417225808465,3.9945496948720516
2021-04-05,1128.7900390625,1129.162876674107,1130.3703287760416,0.06471113511987703,3120.830078125,4077.909912109375,17.90999984741211,92.5999984741211,0.5,101.98,58.73,0.25,0.0,266.625,273.626,217.9,153.732954581083,0.125,-0.375,-164.64499999999998,0.061606550474628485,3.880845570190772
2021-04-06,1124.1099853515625,1128.085728236607,1130.0623291015625,-0.41460799165311535,3127.080078125,4073.93994140625,18.1200008392334,92.33999633789062,0.5,101.98,59.34,0.25,0.0,266.625,273.626,217.9,153.732954581083,0.125,-0.375,-164.64499999999998,0.0626945302846492,3.466338614039821
2021-04-07,1117.5,1125.9685930524554,1129.7293294270833,-0.5880194498490532,3137.409912109375,4079.949951171875,17.15999984741211,92.45999908447266,0.5,101.98,59.77,0.25,0.0,266.625,273.626,217.9,153.732954581083,0.125,-0.375,-164.64499999999998,0.06320866721040622,2.810621482174791
2021-04-08,1117.8599853515625,1124.634312220982,1128.983662923177,0.03221345427852906,3143.260009765625,4097.169921875,16.950000762939453,92.05999755859375,0.5,101.98,59.61,0.25,0.0,266.625,273.626,217.9,153.732954581083,0.125,-0.375,-164.64499999999998,0.05288417577058026,2.267927971733319
2021-04-09,1115.8399658203125,1122.8885846819196,1128.3479939778647,-0.1807041631081141,3131.8798828125,4128.7998046875,16.690000534057617,92.16000366210938,0.5,101.98,59.29,0.25,0.0,266.625,273.626,217.9,153.732954581083,0.125,-0.375,-164.64499999999998,0.05163446463634694,2.083125568363986
2021-04-10,1115.8399658203125,1121.142857142857,1127.6756591796875,0.0,3131.8798828125,4128.7998046875,16.690000534057617,92.16000366210938,0.5,101.98,59.29,0.25,0.0,266.625,273.626,217.9,153.732954581083,0.125,-0.375,-164.64499999999998,0.05146121878375023,2.083125568363986
2021-04-11,1115.8399658203125,1119.3971296037946,1127.2156575520833,0.0,3131.8798828125,4128.7998046875,16.690000534057617,92.16000366210938,0.5,101.98,59.29,0.25,0.0,266.625,273.626,217.9,153.732954581083,0.125,-0.375,-164.64499999999998,0.049230156023543054,2.1064787121995776
2021-04-12,1122.06005859375,1118.4357038225446,1126.9629923502605,0.5574359194837397,3135.590087890625,4127.990234375,16.90999984741211,92.13999938964844,0.5,101.98,59.7,0.25,0.0,266.625,273.626,217.9,153.732954581083,0.125,-0.375,-164.64499999999998,0.05219060881748141,2.335729724325608
2021-04-13,1124.449951171875,1118.4842703683037,1126.789990234375,0.21299150253331067,3169.080078125,4141.58984375,16.649999618530273,91.8499984741211,0.5,101.98,60.2,0.25,0.0,266.625,273.626,217.9,153.732954581083,0.125,-0.375,-164.64499999999998,0.05263154473865036,2.826591711801818
2021-04-14,1120.68994140625,1118.939976283482,1126.3296549479167,-0.33438658267594956,3182.3798828125,4124.66015625,16.989999771118164,91.69000244140625,0.5,101.98,63.15,0.25,0.0,266.625,273.626,217.9,153.732954581083,0.125,-0.375,-164.64499999999998,0.05166990364433283,2.149279139696403
2021-04-15,1116.1099853515625,1118.689976283482,1125.8203206380208,-0.40867289742428925,3194.330078125,4170.419921875,16.56999969482422,91.66999816894531,0.5,101.98,63.42,0.25,0.0,266.625,273.626,217.9,153.732954581083,0.125,-0.375,-164.64499999999998,0.052341758654263576,1.9371596003800118
2021-04-16,1115.6700439453125,1118.6657017299108,1125.347989908854,-0.03941738825241625,3198.6201171875,4185.47021484375,16.25,91.55999755859375,0.5,101.98,63.16,0.25,0.0,266.625,273.626,217.9,153.732954581083,0.125,-0.375,-164.64499999999998,0.05226872524990855,1.8969786344068318
2021-04-17,1115.6700439453125,1118.6414271763392,1125.1659912109376,0.0,3198.6201171875,4185.47021484375,16.25,91.55999755859375,0.5,101.98,63.16,0.25,0.0,266.625,273.626,217.9,153.732954581083,0.125,-0.375,-164.64499999999998,0.04747670378720901,1.8969786344068318
2021-04-18,1115.6700439453125,1118.617152622768,1124.8179931640625,0.0,3198.6201171875,4185.47021484375,16.25,91.55999755859375,0.5,101.98,63.16,0.25,0.0,266.625,273.626,217.9,153.732954581083,0.125,-0.375,-164.64499999999998,0.04543832275654427,1.152361233222754
2021-04-19,1115.6500244140625,1117.7014334542412,1124.469327799479,-0.0017943953374621735,3198.840087890625,4163.259765625,17.290000915527344,91.06999969482422,0.5,101.98,63.33,0.25,0.0,266.625,273.626,217.9,153.732954581083,0.125,-0.375,-164.64499999999998,0.045437300853453606,1.137707289084
2021-04-20,1114.469970703125,1116.2757219587054,1124.0813273111978,-0.10577274997660702,3220.699951171875,4134.93994140625,18.68000030517578,91.23999786376953,0.5,101.98,62.61,0.25,0.0,266.625,273.626,217.9,153.732954581083,0.125,-0.375,-164.64499999999998,0.04547858394054497,1.2243508649774748
2021-04-21,1116.1099853515625,1115.6214425223213,1123.7023274739583,0.14715646823599826,3171.659912109375,4173.419921875,17.5,91.16000366210938,0.5,101.98,61.34,0.25,0.0,266.625,273.626,217.9,153.732954581083,0.125,-0.375,-164.64499999999998,0.04556046652578084,1.811629222491451
2021-04-22,1115.6600341796875,1115.557163783482,1123.3869954427084,-0.040314232269256234,3177.52001953125,4134.97998046875,18.709999084472656,91.33000183105469,0.5,101.98,61.45,0.25,0.0,266.625,273.626,217.9,153.732954581083,0.125,-0.375,-164.64499999999998,0.045255650118405454,1.4328583885631518
2021-04-23,1118.5899658203125,1115.9742954799108,1122.8999959309897,0.26261867870702726,3181.080078125,4180.169921875,17.329999923706055,90.86000061035156,0.5,101.98,62.18,0.25,0.0,266.625,273.626,217.9,153.732954581083,0.125,-0.375,-164.64499999999998,0.04039650908191901,1.6992400210379621
2021-04-24,1118.5899658203125,1116.3914271763392,1122.3703287760416,0.0,3181.080078125,4180.169921875,17.329999923706055,90.86000061035156,0.5,101.98,62.18,0.25,0.0,266.625,273.626,217.9,153.732954581083,0.125,-0.375,-164.64499999999998,0.040149630817901405,1.6992400210379621
2021-04-25,1118.5899658203125,1116.808558872768,1121.8496622721354,0.0,3181.080078125,4180.169921875,17.329999923706055,90.86000061035156,0.5,101.98,62.18,0.25,0.0,266.625,273.626,217.9,153.732954581083,0.125,-0.375,-164.64499999999998,0.040167347659041654,1.2628504297225396
2021-04-26,1114.1300048828125,1116.5914132254463,1121.180330403646,-0.39871276104549436,3217.530029296875,4187.6201171875,17.639999389648438,90.80999755859375,0.5,101.98,62.02,0.25,0.0,266.625,273.626,217.9,153.732954581083,0.125,-0.375,-164.64499999999998,0.04141429120375889,1.1255048545367519
2021-04-27,1109.22998046875,1115.8428431919642,1120.3476643880208,-0.43980723906433816,3215.419921875,4186.72021484375,17.559999465942383,90.91000366210938,0.5,101.98,63.03,0.25,0.0,266.625,273.626,217.9,153.732954581083,0.125,-0.375,-164.64499999999998,0.04280630021889584,0.7475004967075316
2021-04-28,1112.1500244140625,1115.277134486607,1119.8206665039063,0.26324964134836204,3181.469970703125,4183.18017578125,17.280000686645508,90.61000061035156,0.5,101.98,63.81,0.25,0.0,266.625,273.626,217.9,153.732954581083,0.125,-0.375,-164.64499999999998,0.041401085565848525,0.4198667642494325
2021-04-29,1108.6600341796875,1114.277134486607,1119.0543334960937,-0.31380570586362344,3174.070068359375,4211.47021484375,17.610000610351562,90.61000061035156,0.5,101.98,65.0,0.25,0.0,266.625,273.626,217.9,153.732954581083,0.125,-0.375,-164.64499999999998,0.040530079404393154,-0.32635416620938607
2021-04-30,1106.6300048828125,1112.568568638393,1118.1980021158854,-0.18310656416662408,3147.860107421875,4181.169921875,18.610000610351562,91.27999877929688,0.5,101.98,63.5,0.25,0.0,266.625,273.626,217.9,153.732954581083,0.125,-0.375,-164.64499999999998,0.04047725687452123,-0.5088631544752586
2021-05-01,1106.6300048828125,1110.8600027901787,1117.5123372395833,0.0,3147.860107421875,4181.169921875,18.610000610351562,91.27999877929688,0.5,102.05,63.5,0.25,0.0,268.404,275.457,224.9,153.732954581083,0.125,-0.375,-166.35399999999998,0.03891869675539779,-0.5088631544752586
2021-05-02,1106.6300048828125,1109.1514369419642,1116.7980021158853,0.0,3147.860107421875,4181.169921875,18.610000610351562,91.27999877929688,0.5,102.05,63.5,0.25,0.0,268.404,275.457,224.9,153.732954581083,0.125,-0.375,-166.35399999999998,0.03874708607237481,-0.9665078178503039
2021-05-03,1116.760009765625,1109.5271519252233,1116.4213338216146,0.915392212222299,3127.199951171875,4192.66015625,18.309999465942383,90.94999694824219,0.5,102.05,64.46,0.25,0.0,268.404,275.457,224.9,153.732954581083,0.125,-0.375,-166.35399999999998,0.048025292834263156,-0.010743778800126336
2021-05-04,1120.4000244140625,1111.1228724888392,1116.1659993489584,0.325944215105034,3147.3701171875,4164.66015625,19.479999542236328,91.29000091552734,0.5,102.05,65.72,0.25,0.0,268.404,275.457,224.9,153.732954581083,0.125,-0.375,-166.35399999999998,0.049136817349372926,0.6097322358650015
2021-05-05,1124.9100341796875,1112.9457310267858,1116.0366658528646,0.4025356718448503,3147.3701171875,4167.58984375,19.149999618530273,91.30999755859375,0.5,102.05,65.63,0.25,0.0,268.404,275.457,224.9,153.732954581083,0.125,-0.375,-166.35399999999998,0.050609748456118486,1.05646224746887
2021-05-06,1123.989990234375,1115.1357247488838,1116.032666015625,-0.08178822460086499,3160.429931640625,4201.6201171875,18.389999389648438,90.94999694824219,0.5,102.05,64.73,0.25,0.0,268.404,275.457,224.9,153.732954581083,0.125,-0.375,-166.35399999999998,0.04920295250583161,0.43426459217053015
2021-05-07,1119.3900146484375,1116.9585832868304,1116.0956665039062,-0.4092541415763207,3197.199951171875,4232.60009765625,16.690000534057617,90.2300033569336,0.5,102.05,64.96,0.25,0.0,268.404,275.457,224.9,153.732954581083,0.125,-0.375,-166.35399999999998,0.047592583574478126,0.023233204765360504
2021-05-08,1119.3900146484375,1118.7814418247767,1116.1466674804688,0.0,3197.199951171875,4232.60009765625,16.690000534057617,90.2300033569336,0.5,102.05,64.96,0.25,0.0,268.404,275.457,224.9,153.732954581083,0.125,-0.375,-166.35399999999998,0.04758636216952974,0.023233204765360504
2021-05-09,1119.3900146484375,1120.6043003627233,1116.2650024414063,0.0,3197.199951171875,4232.60009765625,16.690000534057617,90.2300033569336,0.5,102.05,64.96,0.25,0.0,268.404,275.457,224.9,153.732954581083,0.125,-0.375,-166.35399999999998,0.04726068979124703,0.227428850608824
2021-05-10,1111.969970703125,1119.9200090680804,1116.1360026041666,-0.6628649396736797,3249.300048828125,4188.43017578125,19.65999984741211,90.20999908447266,0.5,102.05,64.92,0.25,0.0,268.404,275.457,224.9,153.732954581083,0.125,-0.375,-166.35399999999998,0.05114050605297547,-0.390564216960676
2021-05-11,1115.5400390625,1119.2257254464287,1116.1260050455728,0.32105798298829313,3209.429931640625,4152.10009765625,21.84000015258789,90.13999938964844,0.5,102.05,65.31,0.25,0.0,268.404,275.457,224.9,153.732954581083,0.125,-0.375,-166.35399999999998,0.05203959031050037,0.4991026182432412
2021-05-12,1118.22998046875,1118.2714320591517,1115.9983357747396,0.24113355971611128,3161.659912109375,4063.0400390625,27.59000015258789,90.70999908447266,0.5,102.05,65.96,0.25,0.0,268.404,275.457,224.9,153.732954581083,0.125,-0.375,-166.35399999999998,0.049855011891819276,1.2907842761740618
2021-05-13,1131.5999755859375,1119.3585728236608,1116.236669921875,1.1956391217111673,3122.110107421875,4112.5,23.1299991607666,90.75,0.5,102.05,63.82,0.25,0.0,268.404,275.457,224.9,153.732954581083,0.125,-0.375,-166.35399999999998,0.06065487905900933,2.665530081447409
2021-05-14,1125.699951171875,1120.2599923270088,1116.403670247396,-0.5213878173696007,3153.320068359375,4173.85009765625,18.809999465942383,90.31999969482422,0.5,102.05,65.32,0.25,0.0,268.404,275.457,224.9,153.732954581083,0.125,-0.375,-166.35399999999998,0.06183978334390022,2.1302445149647964
2021-05-15,1125.699951171875,1121.161411830357,1116.7233357747396,0.0,3153.320068359375,4173.85009765625,18.809999465942383,90.31999969482422,0.5,102.05,65.32,0.25,0.0,268.404,275.457,224.9,153.732954581083,0.125,-0.375,-166.35399999999998,0.06052364549835884,2.1302445149647964
2021-05-16,1125.699951171875,1122.0628313337054,1117.057666015625,0.0,3153.320068359375,4173.85009765625,18.809999465942383,90.31999969482422,0.5,102.05,65.32,0.25,0.0,268.404,275.457,224.9,153.732954581083,0.125,-0.375,-166.35399999999998,0.06049557490136972,2.023795839428799
2021-05-17,1125.530029296875,1123.9999825613838,1117.3863321940105,-0.01509477501736578,3134.52001953125,4163.2900390625,19.719999313354492,90.22000122070312,0.5,102.05,66.24,0.25,0.0,268.404,275.457,224.9,153.732954581083,0.125,-0.375,-166.35399999999998,0.060503777436001875,2.112973514737715
2021-05-18,1135.510009765625,1126.8528355189733,1118.0476643880208,0.8866916216339948,3173.050048828125,4127.830078125,21.34000015258789,89.75,0.5,102.05,65.49,0.25,0.0,268.404,275.457,224.9,153.732954581083,0.125,-0.375,-166.35399999999998,0.06538234260187849,2.6254948081005036
2021-05-19,1127.1400146484375,1128.125697544643,1118.4306640625,-0.737113283476476,3173.050048828125,4115.68017578125,22.18000030517578,90.19000244140625,0.5,102.05,63.28,0.25,0.0,268.404,275.457,224.9,153.732954581083,0.125,-0.375,-166.35399999999998,0.06933598931622156,2.0451735839656537
2021-05-20,1130.3699951171875,1127.949986049107,1118.9606648763022,0.2865642623607334,3162.280029296875,4159.1201171875,20.670000076293945,89.80999755859375,0.5,102.05,61.95,0.25,0.0,268.404,275.457,224.9,153.732954581083,0.125,-0.375,-166.35399999999998,0.06957541362797032,2.1831123152398435
2021-05-21,1127.050048828125,1128.142857142857,1119.325333658854,-0.29370438912953434,3156.419921875,4155.85986328125,20.149999618530273,90.0199966430664,0.5,102.05,63.61,0.25,0.0,268.404,275.457,224.9,153.732954581083,0.125,-0.375,-166.35399999999998,0.07020076760965667,1.8829960294208137
2021-05-22,1127.050048828125,1128.335728236607,1119.7050008138021,0.0,3156.419921875,4155.85986328125,20.149999618530273,90.0199966430664,0.5,102.05,63.61,0.25,0.0,268.404,275.457,224.9,153.732954581083,0.125,-0.375,-166.35399999999998,0.0701736697903254,1.8829960294208137
2021-05-23,1127.050048828125,1128.528599330357,1119.9870035807292,0.0,3156.419921875,4155.85986328125,20.149999618530273,90.0199966430664,0.5,102.05,63.61,0.25,0.0,268.404,275.457,224.9,153.732954581083,0.125,-0.375,-166.35399999999998,0.06984483471711224,2.093420715662875
2021-05-24,1126.7900390625,1128.7086007254463,1120.2603393554687,-0.02306993960874415,3144.300048828125,4197.0498046875,18.399999618530273,89.83000183105469,0.5,102.05,66.13,0.25,0.0,268.404,275.457,224.9,153.732954581083,0.125,-0.375,-166.35399999999998,0.0698555118976082,1.4513756992964533
2021-05-25,1122.18994140625,1126.8057338169642,1120.3803385416666,-0.40824798736038836,3171.320068359375,4188.1298828125,18.84000015258789,89.63999938964844,0.5,102.05,66.27,0.25,0.0,268.404,275.457,224.9,153.732954581083,0.125,-0.375,-166.35399999999998,0.07097697512171174,1.16107148877993
2021-05-26,1121.3800048828125,1125.982875279018,1120.6220052083333,-0.07217463760390563,3168.429931640625,4195.990234375,17.360000610351562,90.04000091552734,0.5,102.05,66.41,0.25,0.0,268.404,275.457,224.9,153.732954581083,0.125,-0.375,-166.35399999999998,0.0699600059514658,1.2797973686322628
2021-05-27,1115.52001953125,1123.8614501953125,1120.8316731770833,-0.5225690957611495,3165.510009765625,4200.8798828125,16.739999771118164,89.97000122070312,0.5,102.05,66.87,0.25,0.0,268.404,275.457,224.9,153.732954581083,0.125,-0.375,-166.35399999999998,0.07047453648853007,-0.3225706875708778
2021-05-28,1117.300048828125,1122.4685930524554,1121.0033406575521,0.1595694622874566,3188.72998046875,4204.10986328125,16.760000228881836,90.02999877929688,0.5,102.05,66.31,0.25,0.0,268.404,275.457,224.9,153.732954581083,0.125,-0.375,-166.35399999999998,0.0702269403672232,-0.1635159495950722
2021-05-29,1117.300048828125,1121.0757359095983,1121.2913411458333,0.0,3188.72998046875,4204.10986328125,16.760000228881836,90.02999877929688,0.5,102.05,66.31,0.25,0.0,268.404,275.457,224.9,153.732954581083,0.125,-0.375,-166.35399999999998,0.06953046971683956,-0.1635159495950722
2021-05-30,1117.300048828125,1119.6828787667412,1121.6470092773438,0.0,3188.72998046875,4204.10986328125,16.760000228881836,90.02999877929688,0.5,102.05,66.31,0.25,0.0,268.404,275.457,224.9,153.732954581083,0.125,-0.375,-166.35399999999998,0.06925207785222576,-0.5403336670416703
2021-05-31,1112.8499755859375,1117.691441127232,1121.8543416341147,-0.39828810952393656,3203.919921875,4204.10986328125,16.760000228881836,90.02999877929688,0.5,102.05,66.31,0.25,0.0,268.404,275.457,224.9,153.732954581083,0.125,-0.375,-166.35399999999998,0.07036960722753652,1.000156101283478
2021-06-01,1106.97998046875,1115.518589564732,1121.8660074869792,-0.5274740752091778,3221.8701171875,4202.0400390625,17.899999618530273,89.83000183105469,0.5,102.05,67.8,0.25,0.0,270.71,277.608,228.9,153.732954581083,0.125,-0.375,-168.65999999999997,0.07213592133714847,-1.5431391374485126
2021-06-02,1107.2099609375,1113.4942975725446,1121.5476725260417,0.020775485808921523,3224.22998046875,4208.1201171875,17.479999542236328,89.9000015258789,0.5,102.05,68.79,0.25,0.0,270.71,277.608,228.9,153.732954581083,0.125,-0.375,-168.65999999999997,0.0667519858867145,-1.9734430334218733
2021-06-03,1109.8800048828125,1112.6885811941963,1121.1970052083334,0.24115064346528214,3247.429931640625,4192.85009765625,18.040000915527344,90.5,0.5,102.05,68.81,0.25,0.0,270.71,277.608,228.9,153.732954581083,0.125,-0.375,-168.65999999999997,0.06640588716097154,-2.070849358865612
2021-06-04,1115.43994140625,1112.4228515625,1120.8813354492188,0.5009493367730711,3240.080078125,4229.89013671875,16.420000076293945,90.13999938964844,0.5,102.05,69.57,0.25,0.0,270.71,277.608,228.9,153.732954581083,0.125,-0.375,-168.65999999999997,0.06702207718178237,-1.580273928221343
2021-06-05,1115.43994140625,1112.1571219308037,1120.5963338216145,0.0,3240.080078125,4229.89013671875,16.420000076293945,90.13999938964844,0.5,102.05,69.57,0.25,0.0,270.71,277.608,228.9,153.732954581083,0.125,-0.375,-168.65999999999997,0.0670062321040032,-1.580273928221343
2021-06-06,1115.43994140625,1111.891392299107,1120.4646647135417,0.0,3240.080078125,4229.89013671875,16.420000076293945,90.13999938964844,0.5,102.05,69.57,0.25,0.0,270.71,277.608,228.9,153.732954581083,0.125,-0.375,-168.65999999999997,0.06600705767049922,-1.0687499607531015
2021-06-07,1109.6800537109375,1111.4385463169642,1120.1409993489583,-0.5163781106897525,3252.1201171875,4226.52001953125,16.420000076293945,89.94999694824219,0.5,102.05,69.21,0.25,0.0,270.71,277.608,228.9,153.732954581083,0.125,-0.375,-168.65999999999997,0.06760982927556812,-2.6792776265410434
2021-06-08,1109.3199462890625,1111.7728271484375,1119.805330403646,-0.0324514638855411,3247.830078125,4227.259765625,17.06999969482422,90.08000183105469,0.5,102.05,70.11,0.25,0.0,270.71,277.608,228.9,153.732954581083,0.125,-0.375,-168.65999999999997,0.06760462536229611,-2.2548120220931445
2021-06-09,1116.8900146484375,1113.1556919642858,1119.9693318684897,0.6824062241645112,3216.179931640625,4219.5498046875,17.889999389648438,90.12000274658203,0.5,102.05,69.9,0.25,0.0,270.71,277.608,228.9,153.732954581083,0.125,-0.375,-168.65999999999997,0.0678909281119851,-1.68308333138123
2021-06-10,1116.4100341796875,1114.0885532924108,1119.9983317057292,-0.04297473004994945,3224.639892578125,4239.18017578125,16.100000381469727,90.08000183105469,0.5,102.05,70.34,0.25,0.0,270.71,277.608,228.9,153.732954581083,0.125,-0.375,-168.65999999999997,0.06728478457687224,-1.1711678319811791
2021-06-11,1111.260009765625,1113.491420200893,1119.7659993489583,-0.46130223272730086,3249.320068359375,4247.43994140625,15.649999618530273,90.55999755859375,0.5,102.05,71.0,0.25,0.0,270.71,277.608,228.9,153.732954581083,0.125,-0.375,-168.65999999999997,0.06820241608853979,-1.6270674413505715
2021-06-12,1111.260009765625,1112.894287109375,1119.0880004882813,0.0,3249.320068359375,4247.43994140625,15.649999618530273,90.55999755859375,0.5,102.05,71.0,0.25,0.0,270.71,277.608,228.9,153.732954581083,0.125,-0.375,-168.65999999999997,0.057675608727708695,-1.6270674413505715
2021-06-13,1111.260009765625,1112.297154017857,1118.606669108073,0.0,3249.320068359375,4247.43994140625,15.649999618530273,90.55999755859375,0.5,102.05,71.0,0.25,0.0,270.71,277.608,228.9,153.732954581083,0.125,-0.375,-168.65999999999997,0.05600507316847703,-2.0484786456037907
2021-06-14,1115.550048828125,1113.1357247488838,1118.2683390299478,0.3860517812932729,3252.1298828125,4255.14990234375,16.389999389648438,90.5199966430664,0.5,102.05,70.94,0.25,0.0,270.71,277.608,228.9,153.732954581083,0.125,-0.375,-168.65999999999997,0.05736046014211047,-1.4000446897380892
2021-06-15,1116.3199462890625,1114.1357247488838,1117.955672200521,0.06901505331349256,3258.6298828125,4246.58984375,17.020000457763672,90.54000091552734,0.5,102.05,72.06,0.25,0.0,270.71,277.608,228.9,153.732954581083,0.125,-0.375,-168.65999999999997,0.057426199910368556,-1.1966313761466063
2021-06-16,1116.030029296875,1114.0128696986608,1117.639005533854,-0.025970779537820565,3278.679931640625,4223.7001953125,18.149999618530273,91.12999725341797,0.5,102.05,72.03,0.25,0.0,270.71,277.608,228.9,153.732954581083,0.125,-0.375,-168.65999999999997,0.05742506365862796,-0.4548960034720162
2021-06-17,1131.949951171875,1116.2328578404017,1117.5203369140625,1.4264779134151029,3264.9599609375,4221.85986328125,17.75,91.88999938964844,0.5,102.05,71.06,0.25,0.0,270.71,277.608,228.9,153.732954581083,0.125,-0.375,-168.65999999999997,0.06633334369492448,0.518596397889981
2021-06-18,1133.5400390625,1119.4157191685267,1117.7336710611978,0.14047333885909286,3267.929931640625,4166.4501953125,20.700000762939453,92.2300033569336,0.5,102.05,71.64,0.25,0.0,270.71,277.608,228.9,153.732954581083,0.125,-0.375,-168.65999999999997,0.06274943541355844,0.6597982264243907
2021-06-19,1133.5400390625,1122.5985804966517,1117.8393391927084,0.0,3267.929931640625,4166.4501953125,20.700000762939453,92.2300033569336,0.5,102.05,71.64,0.25,0.0,270.71,277.608,228.9,153.732954581083,0.125,-0.375,-168.65999999999997,0.06223768544177639,0.6597982264243907
2021-06-20,1133.5400390625,1125.7814418247767,1118.0556722005208,0.0,3267.929931640625,4166.4501953125,20.700000762939453,92.2300033569336,0.5,102.05,71.64,0.25,0.0,270.71,277.608,228.9,153.732954581083,0.125,-0.375,-168.65999999999997,0.061570520754303984,0.5374870240472562
2021-06-21,1134.25,1128.4528634207588,1118.2956705729166,0.06263218880977472,3240.7900390625,4224.7900390625,17.889999389648438,91.86000061035156,0.5,102.05,73.64,0.25,0.0,270.71,277.608,228.9,153.732954581083,0.125,-0.375,-168.65999999999997,0.06157971899238925,0.8114694363654529
2021-06-22,1130.3399658203125,1130.4557233537946,1118.4053344726562,-0.3447241948148605,3263.8798828125,4246.43994140625,16.65999984741211,91.7300033569336,0.5,102.05,73.15,0.25,0.0,270.71,277.608,228.9,153.732954581083,0.125,-0.375,-168.65999999999997,0.06249028241793122,-0.25238135146449237
2021-06-23,1132.510009765625,1132.8100062779017,1118.5960001627604,0.19198152864901008,3276.18994140625,4241.83984375,16.31999969482422,91.80000305175781,0.5,102.05,73.11,0.25,0.0,270.71,277.608,228.9,153.732954581083,0.125,-0.375,-168.65999999999997,0.06270048171236148,-0.17364525924125074
2021-06-24,1132.6099853515625,1132.904296875,1118.9433349609376,0.008827788282261828,3286.10009765625,4266.490234375,15.970000267028809,91.81999969482422,0.5,102.05,73.31,0.25,0.0,270.71,277.608,228.9,153.732954581083,0.125,-0.375,-168.65999999999997,0.0613903281186872,-0.14106520318468707
2021-06-25,1130.800048828125,1132.5128696986608,1119.2573364257812,-0.15980227499722277,3302.840087890625,4280.7001953125,15.619999885559082,91.80999755859375,0.5,102.05,74.21,0.25,0.0,270.71,277.608,228.9,153.732954581083,0.125,-0.375,-168.65999999999997,0.06157122865922816,-0.3006420527779996
2021-06-26,1130.800048828125,1132.1214425223213,1119.766670735677,0.0,3302.840087890625,4280.7001953125,15.619999885559082,91.80999755859375,0.5,102.05,74.21,0.25,0.0,270.71,277.608,228.9,153.732954581083,0.125,-0.375,-168.65999999999997,0.059328113023853414,-0.3006420527779996
2021-06-27,1130.800048828125,1131.730015345982,1120.216670735677,0.0,3302.840087890625,4280.7001953125,15.619999885559082,91.80999755859375,0.5,102.05,74.21,0.25,0.0,270.71,277.608,228.9,153.732954581083,0.125,-0.375,-168.65999999999997,0.059242948867542215,0.2517897788024692
2021-06-28,1125.3399658203125,1130.4571533203125,1120.48466796875,-0.48285132402239306,3301.889892578125,4290.60986328125,15.760000228881836,91.87999725341797,0.5,102.05,72.98,0.25,0.0,270.71,277.608,228.9,153.732954581083,0.125,-0.375,-168.65999999999997,0.06115336075267749,-0.5575980610274978
2021-06-29,1129.0400390625,1130.271449497768,1120.8760009765624,0.32879603982520766,3286.679931640625,4291.7998046875,16.020000457763672,92.05000305175781,0.5,102.05,73.14,0.25,0.0,270.71,277.608,228.9,153.732954581083,0.125,-0.375,-168.65999999999997,0.061777635449022254,-0.28966258497094
2021-06-30,1130.510009765625,1129.9857352120537,1121.464668782552,0.1301965078533085,3296.679931640625,4297.5,15.829999923706055,92.44000244140625,0.5,102.05,73.52,0.25,0.0,270.71,277.608,228.9,153.732954581083,0.125,-0.375,-168.65999999999997,0.06043668222917387,0.2936531881773785
2021-07-01,1129.5999755859375,1129.5557338169642,1122.2186686197917,-0.0804976667014401,3282.06005859375,4319.93994140625,15.479999542236328,92.5999984741211,0.5,102.26,75.33,0.25,0.0,271.965,278.639,231.85,166.525646648667,0.125,-0.375,-169.70499999999998,0.058046047329810994,0.1365101955747905
2021-07-02,1132.4100341796875,1129.7857317243304,1123.0586710611979,0.24876581572981227,3281.780029296875,4352.33984375,15.069999694824219,92.2300033569336,0.5,102.26,75.37,0.25,0.0,271.965,278.639,231.85,166.525646648667,0.125,-0.375,-169.70499999999998,0.058260260011717815,0.38561560200618406
2021-07-03,1132.4100341796875,1130.0157296316963,1123.8096720377605,0.0,3281.780029296875,4352.33984375,15.069999694824219,92.2300033569336,0.5,102.26,75.37,0.25,0.0,271.965,278.639,231.85,166.525646648667,0.125,-0.375,-169.70499999999998,0.05808410163208915,0.38561560200618406
2021-07-04,1132.4100341796875,1130.2457275390625,1124.375341796875,0.0,3281.780029296875,4352.33984375,15.069999694824219,92.2300033569336,0.5,102.26,75.37,0.25,0.0,271.965,278.639,231.85,166.525646648667,0.125,-0.375,-169.70499999999998,0.056633271945519356,0.3206969402559601
2021-07-05,1129.77001953125,1130.8785923549108,1124.8530110677084,-0.23313239628346416,3293.2099609375,4352.33984375,15.069999694824219,92.2300033569336,0.5,102.26,75.37,0.25,0.0,271.965,278.639,231.85,166.525646648667,0.125,-0.375,-169.70499999999998,0.057215624763131225,0.5035124901872745
2021-07-06,1129.43994140625,1130.9357212611608,1125.319677734375,-0.029216399735665366,3305.2099609375,4343.5400390625,16.440000534057617,92.55000305175781,0.5,102.26,73.62,0.25,0.0,271.965,278.639,231.85,166.525646648667,0.125,-0.375,-169.70499999999998,0.057241047213623004,1.068451132550341
2021-07-07,1135.47998046875,1131.645717075893,1126.1796752929688,0.534781783525351,3285.340087890625,4358.1298828125,16.200000762939453,92.63999938964844,0.5,102.26,72.22,0.25,0.0,271.965,278.639,231.85,166.525646648667,0.125,-0.375,-169.70499999999998,0.05642898447005887,1.5762255871110797
2021-07-08,1140.52001953125,1133.2057233537946,1127.219677734375,0.44386859735028317,3252.679931640625,4320.81982421875,19.0,92.36000061035156,0.5,102.26,72.98,0.25,0.0,271.965,278.639,231.85,166.525646648667,0.125,-0.375,-169.70499999999998,0.05730618221067293,2.2117915173251568
2021-07-09,1146.280029296875,1135.1871512276787,1128.199344889323,0.5050336396543287,3217.949951171875,4369.5498046875,16.18000030517578,92.12999725341797,0.5,102.26,74.56,0.25,0.0,271.965,278.639,231.85,166.525646648667,0.125,-0.375,-169.70499999999998,0.055935442435056916,2.7279954481809865
2021-07-10,1146.280029296875,1137.1685791015625,1129.1950113932292,0.0,3217.949951171875,4369.5498046875,16.18000030517578,92.12999725341797,0.5,102.26,74.56,0.25,0.0,271.965,278.639,231.85,166.525646648667,0.125,-0.375,-169.70499999999998,0.05586234518600589,2.7279954481809865
2021-07-11,1146.280029296875,1139.1500069754463,1130.3623453776042,0.0,3217.949951171875,4369.5498046875,16.18000030517578,92.12999725341797,0.5,102.26,74.56,0.25,0.0,271.965,278.639,231.85,166.525646648667,0.125,-0.375,-169.70499999999998,0.05346450163569246,2.1585271231808534
2021-07-12,1144.31005859375,1141.2271554129463,1131.464013671875,-0.17185771825174445,3246.469970703125,4384.6298828125,16.170000076293945,92.2300033569336,0.5,102.26,74.21,0.25,0.0,271.965,278.639,231.85,166.525646648667,0.125,-0.375,-169.70499999999998,0.053984551774597024,1.7662064373053843
2021-07-13,1141.0999755859375,1142.8928745814733,1132.4586791992188,-0.28052563059328683,3271.3798828125,4369.2099609375,17.1200008392334,92.75,0.5,102.26,75.24,0.25,0.0,271.965,278.639,231.85,166.525646648667,0.125,-0.375,-169.70499999999998,0.055030514085410105,1.8212025847289093
2021-07-14,1148.699951171875,1144.7814418247767,1133.5636759440104,0.6660218866480161,3264.81005859375,4374.2998046875,16.329999923706055,92.41000366210938,0.5,102.26,73.06,0.25,0.0,271.965,278.639,231.85,166.525646648667,0.125,-0.375,-169.70499999999998,0.05691012842905715,2.919960062004723
2021-07-15,1143.4100341796875,1145.194301060268,1134.466678873698,-0.4605133818270657,3286.219970703125,4360.02978515625,17.010000228881836,92.62000274658203,0.5,102.26,71.67,0.25,0.0,271.965,278.639,231.85,166.525646648667,0.125,-0.375,-169.70499999999998,0.05917117390749121,2.486397334491386
2021-07-16,1140.1199951171875,1144.3142961774554,1135.269677734375,-0.28773921551775716,3276.909912109375,4327.16015625,18.450000762939453,92.69000244140625,0.5,102.26,71.76,0.25,0.0,271.965,278.639,231.85,166.525646648667,0.125,-0.375,-169.70499999999998,0.06006064714864182,2.191503778788695
2021-07-17,1140.1199951171875,1143.434291294643,1135.542012532552,0.0,3276.909912109375,4327.16015625,18.450000762939453,92.69000244140625,0.5,102.26,71.76,0.25,0.0,271.965,278.639,231.85,166.525646648667,0.125,-0.375,-169.70499999999998,0.04425363846126325,2.191503778788695
2021-07-18,1140.1199951171875,1142.5542864118304,1135.7613444010417,0.0,3276.909912109375,4327.16015625,18.450000762939453,92.69000244140625,0.5,102.26,71.76,0.25,0.0,271.965,278.639,231.85,166.525646648667,0.125,-0.375,-169.70499999999998,0.0441204108352358,2.1933375312725545
2021-07-19,1141.5,1142.1528494698662,1136.0266764322917,0.12104031932802517,3244.0400390625,4258.490234375,22.5,92.88999938964844,0.5,102.26,66.45,0.25,0.0,271.965,278.639,231.85,166.525646648667,0.125,-0.375,-169.70499999999998,0.04421289286563867,2.425370804726268
2021-07-20,1150.0699462890625,1143.4342738560267,1136.5776733398438,0.7507618299660512,3232.699951171875,4323.06005859375,19.729999542236328,92.97000122070312,0.5,102.26,67.32,0.25,0.0,271.965,278.639,231.85,166.525646648667,0.125,-0.375,-169.70499999999998,0.048962367692067514,3.042707383968346
2021-07-21,1147.47998046875,1143.2599923270088,1137.018672688802,-0.22520072180561845,3215.909912109375,4358.68994140625,17.90999984741211,92.75,0.5,102.26,70.26,0.25,0.0,271.965,278.639,231.85,166.525646648667,0.125,-0.375,-169.70499999999998,0.04959788678189158,2.852118505119594
2021-07-22,1148.68994140625,1144.0142647879463,1137.6303385416666,0.10544505857137398,3250.2099609375,4367.47998046875,17.690000534057617,92.81999969482422,0.5,102.26,72.15,0.25,0.0,271.965,278.639,231.85,166.525646648667,0.125,-0.375,-169.70499999999998,0.048268644010959004,2.6908855349747185
2021-07-23,1149.9100341796875,1145.412841796875,1138.2103393554687,0.10621602309355271,3254.419921875,4411.7900390625,17.200000762939453,92.91000366210938,0.5,102.26,72.24,0.25,0.0,271.965,278.639,231.85,166.525646648667,0.125,-0.375,-169.70499999999998,0.04811958870490578,2.7999597096695306
2021-07-24,1149.9100341796875,1146.8114188058037,1138.7870076497395,0.0,3254.419921875,4411.7900390625,17.200000762939453,92.91000366210938,0.5,102.26,72.24,0.25,0.0,271.965,278.639,231.85,166.525646648667,0.125,-0.375,-169.70499999999998,0.04812703599045455,2.7999597096695306
2021-07-25,1149.9100341796875,1148.209995814732,1139.4240071614583,0.0,3254.419921875,4411.7900390625,17.200000762939453,92.91000366210938,0.5,102.26,72.24,0.25,0.0,271.965,278.639,231.85,166.525646648667,0.125,-0.375,-169.70499999999998,0.04774014174652893,3.2114770394895187
2021-07-26,1151.1199951171875,1149.5842808314733,1140.101338704427,0.10522222622078026,3224.949951171875,4422.2998046875,17.579999923706055,92.6500015258789,0.5,102.26,72.15,0.25,0.0,271.965,278.639,231.85,166.525646648667,0.125,-0.375,-169.70499999999998,0.047729691567705276,3.7764949907624468
2021-07-27,1151.760009765625,1149.825718470982,1140.8000040690104,0.05559929904375149,3232.530029296875,4401.4599609375,19.360000610351562,92.43000030517578,0.5,102.26,71.68,0.25,0.0,271.965,278.639,231.85,166.525646648667,0.125,-0.375,-169.70499999999998,0.04769632913586526,3.561568536801585
2021-07-28,1153.56005859375,1150.694301060268,1141.740673828125,0.1562867969770343,3236.860107421875,4400.64013671875,18.309999465942383,92.31999969482422,0.5,102.26,72.37,0.25,0.0,271.965,278.639,231.85,166.525646648667,0.125,-0.375,-169.70499999999998,0.04486904510348522,4.049936232010443
2021-07-29,1149.4100341796875,1150.7971714564733,1142.4196736653646,-0.35975798426322037,3242.64990234375,4419.14990234375,17.700000762939453,91.86000061035156,0.5,102.26,73.62,0.25,0.0,271.965,278.639,231.85,166.525646648667,0.125,-0.375,-169.70499999999998,0.04601435456443329,3.865793364368897
2021-07-30,1142.1199951171875,1149.6843087332588,1142.8066731770834,-0.6342418149936191,3202.320068359375,4395.259765625,18.239999771118164,92.16999816894531,0.5,102.26,73.93,0.25,0.0,271.965,278.639,231.85,166.525646648667,0.125,-0.375,-169.70499999999998,0.05014942320311065,3.2070330713771966
2021-07-31,1142.1199951171875,1148.5714460100446,1143.2240071614583,0.0,3202.320068359375,4395.259765625,18.239999771118164,92.16999816894531,0.5,102.26,73.93,0.25,0.0,271.965,278.639,231.85,166.525646648667,0.125,-0.375,-169.70499999999998,0.05004311435699435,3.2070330713771966
2021-08-01,1142.1199951171875,1147.4585832868304,1143.5476725260417,0.0,3202.320068359375,4395.259765625,18.239999771118164,92.16999816894531,0.75,102.75,73.93,0.25,0.0,272.752,279.021,233.415,166.525646648667,0.125,-0.625,-170.002,0.04964716180921999,2.270853641767201
2021-08-02,1150.9300537109375,1147.4314488002233,1144.1650065104166,0.7713776688452079,3223.0400390625,4387.16015625,19.459999084472656,92.05000305175781,0.75,102.75,71.31,0.25,0.0,272.752,279.021,233.415,166.525646648667,0.125,-0.625,-170.002,0.05409129543043748,2.724922227027027
2021-08-03,1149.56005859375,1147.1171700613838,1144.7366739908855,-0.11903374256065913,3237.139892578125,4423.14990234375,18.040000915527344,92.08000183105469,0.75,102.75,70.64,0.25,0.0,272.752,279.021,233.415,166.525646648667,0.125,-0.625,-170.002,0.05430539198741588,2.1912885177558072
2021-08-04,1148.5799560546875,1146.405726841518,1145.363671875,-0.08525892420631065,3280.3798828125,4402.66015625,17.969999313354492,92.2699966430664,0.75,102.75,68.19,0.25,0.0,272.752,279.021,233.415,166.525646648667,0.125,-0.625,-170.002,0.053800605474876036,2.1877388619079285
2021-08-05,1144.06005859375,1145.6414446149554,1145.8510091145833,-0.3935204891144961,3276.1298828125,4429.10009765625,17.280000686645508,92.23999786376953,0.75,102.75,69.1,0.25,0.0,272.752,279.021,233.415,166.525646648667,0.125,-0.625,-170.002,0.055314506428796734,2.2038827953151374
2021-08-06,1143.1199951171875,1145.7843017578125,1146.1056762695312,-0.08216906704338056,3270.360107421875,4436.52001953125,16.149999618530273,92.80000305175781,0.75,102.75,68.26,0.25,0.0,272.752,279.021,233.415,166.525646648667,0.125,-0.625,-170.002,0.05340997760027839,2.1199028183401136
2021-08-07,1143.1199951171875,1145.9271589006696,1146.1923421223958,0.0,3270.360107421875,4436.52001953125,16.149999618530273,92.80000305175781,0.75,102.75,68.26,0.25,0.0,272.752,279.021,233.415,166.525646648667,0.125,-0.625,-170.002,0.051897810149030194,2.1199028183401136
2021-08-08,1143.1199951171875,1146.0700160435267,1146.0870076497397,0.0,3270.360107421875,4436.52001953125,16.149999618530273,92.80000305175781,0.75,102.75,68.26,0.25,0.0,272.752,279.021,233.415,166.525646648667,0.125,-0.625,-170.002,0.04971390400084998,2.80133683775341
2021-08-09,1144.9200439453125,1145.2114432198662,1146.0416748046875,0.1574680554809582,3260.419921875,4432.35009765625,16.719999313354492,92.94999694824219,0.75,102.75,66.56,0.25,0.0,272.752,279.021,233.415,166.525646648667,0.125,-0.625,-170.002,0.04994686875294474,2.633702409059513
2021-08-10,1145.8900146484375,1144.6871512276787,1146.0286743164063,0.08471951454203097,3243.18994140625,4436.75,16.790000915527344,93.05999755859375,0.75,102.75,68.33,0.25,0.0,272.752,279.021,233.415,166.525646648667,0.125,-0.625,-170.002,0.0500123084262753,2.4735550524314087
2021-08-11,1152.47998046875,1145.2442975725446,1146.301005045573,0.5750958413172302,3220.6201171875,4442.41015625,16.170000076293945,92.91000366210938,0.75,102.75,69.3,0.25,0.0,272.752,279.021,233.415,166.525646648667,0.125,-0.625,-170.002,0.05241806228493767,1.8451754447945223
2021-08-12,1152.8499755859375,1146.5,1146.6926717122396,0.032104255471487875,3208.3798828125,4460.830078125,15.59000015258789,93.04000091552734,0.75,102.75,69.12,0.25,0.0,272.752,279.021,233.415,166.525646648667,0.125,-0.625,-170.002,0.05161553015573162,2.4118349108746884
2021-08-13,1162.06005859375,1149.2057233537946,1147.138008626302,0.798896925259629,3171.2900390625,4468.0,15.449999809265137,92.5199966430664,0.75,102.75,68.36,0.25,0.0,272.752,279.021,233.415,166.525646648667,0.125,-0.625,-170.002,0.0531487701995993,3.2299999110796396
2021-08-14,1162.06005859375,1151.9114467075892,1147.759676106771,0.0,3171.2900390625,4468.0,15.449999809265137,92.5199966430664,0.75,102.75,68.36,0.25,0.0,272.752,279.021,233.415,166.525646648667,0.125,-0.625,-170.002,0.051020361524478364,3.2299999110796396
2021-08-15,1162.06005859375,1154.6171700613838,1148.4910115559896,0.0,3171.2900390625,4468.0,15.449999809265137,92.5199966430664,0.75,102.75,68.36,0.25,0.0,272.752,279.021,233.415,166.525646648667,0.125,-0.625,-170.002,0.05001508164750021,3.245584599790341
2021-08-16,1161.3800048828125,1156.9685930524554,1149.1996785481772,-0.058521391033816705,3171.2900390625,4479.7099609375,16.1200008392334,92.62999725341797,0.75,102.75,67.44,0.25,0.0,272.752,279.021,233.415,166.525646648667,0.125,-0.625,-170.002,0.05010886090613475,2.278270987899722
2021-08-17,1164.5,1159.627162388393,1150.012345377604,0.2686454996702281,3143.090087890625,4448.080078125,17.90999984741211,93.12999725341797,0.75,102.75,66.5,0.25,0.0,272.752,279.021,233.415,166.525646648667,0.125,-0.625,-170.002,0.05042355299005375,3.3145824712127903
2021-08-18,1176.449951171875,1163.0514439174108,1151.17734375,1.0261873054422388,3158.929931640625,4400.27001953125,21.56999969482422,93.13999938964844,0.75,102.75,65.36,0.25,0.0,272.752,279.021,233.415,166.525646648667,0.125,-0.625,-170.002,0.057527342609684215,4.0765374393992415
2021-08-19,1169.6800537109375,1165.4557407924108,1151.8310139973958,-0.5754513784622883,3097.830078125,4405.7998046875,21.670000076293945,93.56999969482422,0.75,102.75,63.69,0.25,0.0,272.752,279.021,233.415,166.525646648667,0.125,-0.625,-170.002,0.057355845828568654,3.782441154866012
2021-08-20,1175.3900146484375,1167.3600202287946,1152.761348470052,0.48816434198262204,3060.510009765625,4441.669921875,18.559999465942383,93.5,0.75,102.75,62.25,0.25,0.0,272.752,279.021,233.415,166.525646648667,0.125,-0.625,-170.002,0.0580283491003805,4.289070025823172
2021-08-21,1175.3900146484375,1169.2642996651787,1153.6513509114584,0.0,3060.510009765625,4441.669921875,18.559999465942383,93.5,0.75,102.75,62.25,0.25,0.0,272.752,279.021,233.415,166.525646648667,0.125,-0.625,-170.002,0.058069866542827066,4.289070025823172
2021-08-22,1175.3900146484375,1171.1685791015625,1154.50068359375,0.0,3060.510009765625,4441.669921875,18.559999465942383,93.5,0.75,102.75,62.25,0.25,0.0,272.752,279.021,233.415,166.525646648667,0.125,-0.625,-170.002,0.05810544198389732,4.313135003072377
2021-08-23,1174.239990234375,1173.0057198660713,1155.3116821289063,-0.09784194180061379,3090.2099609375,4479.52978515625,17.149999618530273,92.95999908447266,0.75,102.75,65.65,0.25,0.0,272.752,279.021,233.415,166.525646648667,0.125,-0.625,-170.002,0.058282248497768356,4.638256582740308
2021-08-24,1167.6099853515625,1173.4500034877233,1155.901680501302,-0.5646209410300473,3138.300048828125,4486.22998046875,17.219999313354492,92.88999938964844,0.75,102.75,67.5,0.25,0.0,272.752,279.021,233.415,166.525646648667,0.125,-0.625,-170.002,0.06110446664680881,4.122597180924514
2021-08-25,1163.469970703125,1171.5957205636162,1156.3133463541667,-0.3545717063383025,3146.81005859375,4496.18994140625,16.790000915527344,92.83000183105469,0.75,102.75,68.54,0.25,0.0,272.752,279.021,233.415,166.525646648667,0.125,-0.625,-170.002,0.062197488686964036,4.2984393226778606
2021-08-26,1163.3299560546875,1170.6885637555804,1156.6990112304688,-0.012034229671853414,3128.530029296875,4470.0,18.84000015258789,93.05999755859375,0.75,102.75,67.42,0.25,0.0,272.752,279.021,233.415,166.525646648667,0.125,-0.625,-170.002,0.06221015752223519,4.119744492523814
2021-08-27,1170.0,1169.9185616629463,1157.2470092773438,0.573357877582148,3133.89990234375,4509.3701171875,16.389999389648438,92.69000244140625,0.75,102.75,68.84,0.25,0.0,272.752,279.021,233.415,166.525646648667,0.125,-0.625,-170.002,0.06406880881957289,4.716723249690102
2021-08-28,1170.0,1169.1485595703125,1157.9333414713542,0.0,3133.89990234375,4509.3701171875,16.389999389648438,92.69000244140625,0.75,102.75,68.84,0.25,0.0,272.752,279.021,233.415,166.525646648667,0.125,-0.625,-170.002,0.06291745805727453,4.716723249690102
2021-08-29,1170.0,1168.3785574776787,1158.862674967448,0.0,3133.89990234375,4509.3701171875,16.389999389648438,92.69000244140625,0.75,102.75,68.84,0.25,0.0,272.752,279.021,233.415,166.525646648667,0.125,-0.625,-170.002,0.05942484445897809,5.135465306900144
2021-08-30,1161.3299560546875,1166.5342668805804,1159.5030069986979,-0.7410293970352533,3144.18994140625,4528.7900390625,16.190000534057617,92.6500015258789,0.75,102.75,69.28,0.25,0.0,272.752,279.021,233.415,166.525646648667,0.125,-0.625,-170.002,0.06400798214327703,4.909752348269492
2021-08-31,1165.510009765625,1166.2342703683037,1160.2826741536458,0.35993678533343676,3199.27001953125,4522.68017578125,16.479999542236328,92.62999725341797,0.75,102.75,68.43,0.25,0.0,272.752,279.021,233.415,166.525646648667,0.125,-0.625,-170.002,0.06457993142421996,5.265491721078908
2021-09-01,1158.4100341796875,1165.5114222935267,1160.5320068359374,-0.6091732826357443,3207.02001953125,4524.08984375,16.110000610351562,92.44999694824219,0.75,103.17,68.63,0.25,0.0,273.942,279.727,235.678,166.525646648667,0.125,-0.625,-170.772,0.0639130442620598,4.372547400022686
2021-09-02,1155.280029296875,1164.3614327566963,1160.7226725260416,-0.2701983572707012,3175.85009765625,4536.9501953125,16.40999984741211,92.2300033569336,0.75,103.17,70.07,0.25,0.0,273.942,279.727,235.678,166.525646648667,0.125,-0.625,-170.772,0.06435233278185441,3.5716927834230194
2021-09-03,1157.1300048828125,1162.5228620256696,1161.007674153646,0.16013222240700564,3201.06005859375,4535.43017578125,16.40999984741211,92.04000091552734,0.75,103.17,69.34,0.25,0.0,273.942,279.727,235.678,166.525646648667,0.125,-0.625,-170.772,0.06440535232655215,3.737544436861673
2021-09-04,1157.1300048828125,1160.684291294643,1161.443339029948,0.0,3201.06005859375,4535.43017578125,16.40999984741211,92.04000091552734,0.75,103.17,69.34,0.25,0.0,273.942,279.727,235.678,166.525646648667,0.125,-0.625,-170.772,0.06317867032016451,3.737544436861673
2021-09-05,1157.1300048828125,1158.8457205636162,1161.9103393554688,0.0,3201.06005859375,4535.43017578125,16.40999984741211,92.04000091552734,0.75,103.17,69.34,0.25,0.0,273.942,279.727,235.678,166.525646648667,0.125,-0.625,-170.772,0.06308695831925767,4.2760028904903935
2021-09-06,1154.75,1157.905726841518,1162.298006184896,-0.20568171880164243,3203.330078125,4535.43017578125,16.40999984741211,92.04000091552734,0.75,103.17,69.34,0.25,0.0,273.942,279.727,235.678,166.525646648667,0.125,-0.625,-170.772,0.06348456984989186,4.095306666296938
2021-09-07,1155.5400390625,1156.4814453125,1162.7120076497397,0.06841645919029027,3187.419921875,4520.02978515625,18.139999389648438,92.5199966430664,0.75,103.17,68.49,0.25,0.0,273.942,279.727,235.678,166.525646648667,0.125,-0.625,-170.772,0.06348321052631284,3.4605040699758005
2021-09-08,1161.0,1156.8514404296875,1163.2480061848958,0.47250296423564375,3162.989990234375,4514.06982421875,17.959999084472656,92.6500015258789,0.75,103.17,69.36,0.25,0.0,273.942,279.727,235.678,166.525646648667,0.125,-0.625,-170.772,0.06464945722666816,3.994049180422876
2021-09-09,1166.489990234375,1158.4528634207588,1163.9346720377605,0.4728673759151647,3114.699951171875,4493.27978515625,18.799999237060547,92.4800033569336,0.75,103.17,68.26,0.25,0.0,273.942,279.727,235.678,166.525646648667,0.125,-0.625,-170.772,0.0658129707433338,4.97003221418888
2021-09-10,1169.1300048828125,1160.1671491350446,1164.4896728515625,0.22632124326305014,3125.760009765625,4458.580078125,20.950000762939453,92.58000183105469,0.75,103.17,69.82,0.25,0.0,273.942,279.727,235.678,166.525646648667,0.125,-0.625,-170.772,0.06419851711025676,5.207601696149644
2021-09-11,1169.1300048828125,1161.8814348493304,1165.0323404947917,0.0,3125.760009765625,4458.580078125,20.950000762939453,92.58000183105469,0.75,103.17,69.82,0.25,0.0,273.942,279.727,235.678,166.525646648667,0.125,-0.625,-170.772,0.06421243270064834,5.207601696149644
2021-09-12,1169.1300048828125,1163.5957205636162,1165.2680053710938,0.0,3125.760009765625,4458.580078125,20.950000762939453,92.58000183105469,0.75,103.17,69.82,0.25,0.0,273.942,279.727,235.678,166.525646648667,0.125,-0.625,-170.772,0.06013447458854668,4.803007817620797
2021-09-13,1169.3800048828125,1165.6857212611608,1165.5120035807292,0.021383421771403732,3127.860107421875,4468.72998046875,19.3700008392334,92.62000274658203,0.75,103.17,70.54,0.25,0.0,273.942,279.727,235.678,166.525646648667,0.125,-0.625,-170.772,0.06013120583109206,4.7531228632199385
2021-09-14,1171.1099853515625,1167.9099993024554,1165.8136678059896,0.14793997344972887,3148.830078125,4443.0498046875,19.459999084472656,92.6500015258789,0.75,103.17,70.53,0.25,0.0,273.942,279.727,235.678,166.525646648667,0.125,-0.625,-170.772,0.060237745705845634,4.935347133032719
2021-09-15,1170.800048828125,1169.3100062779017,1166.1276692708334,-0.026465193475777582,3153.39990234375,4480.7001953125,18.18000030517578,92.48999786376953,0.75,103.17,72.59,0.25,0.0,273.942,279.727,235.678,166.525646648667,0.125,-0.625,-170.772,0.06020555880394095,3.4321391697600845
2021-09-16,1165.219970703125,1169.1285749162946,1166.1516682942708,-0.4766038514078641,3130.090087890625,4473.75,18.690000534057617,92.86000061035156,0.75,103.17,72.69,0.25,0.0,273.942,279.727,235.678,166.525646648667,0.125,-0.625,-170.772,0.06147419169999164,2.7947783535574144
2021-09-17,1174.4200439453125,1169.8842947823662,1166.084004720052,0.7895567767033596,3140.510009765625,4432.990234375,20.809999465942383,93.19999694824219,0.75,103.17,72.09,0.25,0.0,273.942,279.727,235.678,166.525646648667,0.125,-0.625,-170.772,0.05835442884775794,3.606401492145128
2021-09-18,1174.4200439453125,1170.6400146484375,1166.2420043945312,0.0,3140.510009765625,4432.990234375,20.809999465942383,93.19999694824219,0.75,103.17,72.09,0.25,0.0,273.942,279.727,235.678,166.525646648667,0.125,-0.625,-170.772,0.05579424881840796,3.606401492145128
2021-09-19,1174.4200439453125,1171.3957345145088,1166.2096720377604,0.0,3140.510009765625,4432.990234375,20.809999465942383,93.19999694824219,0.75,103.17,72.09,0.25,0.0,273.942,279.727,235.678,166.525646648667,0.125,-0.625,-170.772,0.053953327174139934,3.541551152330835
2021-09-20,1181.1099853515625,1173.0714460100446,1166.4003377278646,0.5696378770730037,3140.510009765625,4357.72998046875,25.709999084472656,93.23999786376953,0.75,103.17,70.41,0.25,0.0,273.942,279.727,235.678,166.525646648667,0.125,-0.625,-170.772,0.05644202705040847,4.491570772197284
2021-09-21,1186.3199462890625,1175.2442975725446,1166.764668782552,0.44110717901932883,3140.510009765625,4354.18994140625,24.360000610351562,93.19999694824219,0.75,103.17,70.51,0.25,0.0,273.942,279.727,235.678,166.525646648667,0.125,-0.625,-170.772,0.05776046264637688,4.751387277766628
2021-09-22,1182.9200439453125,1176.9757254464287,1167.05400390625,-0.2865923610561594,3140.510009765625,4395.64013671875,20.8700008392334,93.45999908447266,0.75,103.17,72.37,0.25,0.0,273.942,279.727,235.678,166.525646648667,0.125,-0.625,-170.772,0.05838343549887812,4.441957888807924
2021-09-23,1181.030029296875,1179.2343052455358,1167.501338704427,-0.1597753506766053,3127.580078125,4448.97998046875,18.6299991607666,93.0999984741211,0.75,103.17,73.43,0.25,0.0,273.942,279.727,235.678,166.525646648667,0.125,-0.625,-170.772,0.055958044618261565,4.441986054104308
2021-09-24,1174.699951171875,1179.2742919921875,1167.8756713867188,-0.535979438962153,3125.239990234375,4455.47998046875,17.75,93.33000183105469,0.75,103.17,74.18,0.25,0.0,273.942,279.727,235.678,166.525646648667,0.125,-0.625,-170.772,0.05729690113503283,3.882198483210586
2021-09-25,1174.699951171875,1179.3142787388392,1168.2546712239584,0.0,3125.239990234375,4455.47998046875,17.75,93.33000183105469,0.75,103.17,74.18,0.25,0.0,273.942,279.727,235.678,166.525646648667,0.125,-0.625,-170.772,0.05728980613237626,3.882198483210586
2021-09-26,1174.699951171875,1179.3542654854912,1168.4113362630208,0.0,3125.239990234375,4455.47998046875,17.75,93.33000183105469,0.75,103.17,74.18,0.25,0.0,273.942,279.727,235.678,166.525646648667,0.125,-0.625,-170.772,0.054953388855999735,4.386228770928047
2021-09-27,1179.199951171875,1179.0814034598213,1168.7180013020834,0.3830765461010577,3133.639892578125,4443.10986328125,18.760000228881836,93.37999725341797,0.75,103.17,75.54,0.25,0.0,273.942,279.727,235.678,166.525646648667,0.125,-0.625,-170.772,0.05598088931458994,4.442704454575885
2021-09-28,1176.9599609375,1177.7442626953125,1168.95,-0.1899584741458793,3097.919921875,4352.6298828125,23.25,93.7699966430664,0.75,103.17,75.44,0.25,0.0,273.942,279.727,235.678,166.525646648667,0.125,-0.625,-170.772,0.05632929515254472,4.108760716015669
2021-09-29,1186.8900146484375,1178.3114013671875,1169.802001953125,0.8437036127403763,3060.27001953125,4359.4599609375,22.559999465942383,94.33999633789062,0.75,103.17,75.06,0.25,0.0,273.942,279.727,235.678,166.525646648667,0.125,-0.625,-170.772,0.05644027701747684,5.071710366564308
2021-09-30,1187.4300537109375,1179.2256905691963,1170.5326700846354,0.04550034593222563,3068.820068359375,4307.5400390625,23.139999389648438,94.25,0.75,103.17,75.22,0.25,0.0,273.942,279.727,235.678,166.525646648667,0.125,-0.625,-170.772,0.055784101612144525,4.858665842810739
2021-10-01,1183.719970703125,1180.5142647879463,1171.3763346354167,-0.312446446526915,3019.179931640625,4357.0400390625,21.100000381469727,94.04000091552734,0.75,103.35,76.01,0.25,0.0,276.528,281.649,240.465,187.093663900572,0.125,-0.625,-173.17800000000003,0.05328540250855073,4.531038667509346
2021-10-02,1183.719970703125,1181.8028390066963,1172.3243326822917,0.0,3019.179931640625,4357.0400390625,21.100000381469727,94.04000091552734,0.75,103.35,76.01,0.25,0.0,276.528,281.649,240.465,187.093663900572,0.125,-0.625,-173.17800000000003,0.052341950848478855,4.531038667509346
2021-10-03,1183.719970703125,1183.0914132254463,1173.2106648763022,0.0,3019.179931640625,4357.0400390625,21.100000381469727,94.04000091552734,0.75,103.35,76.01,0.25,0.0,276.528,281.649,240.465,187.093663900572,0.125,-0.625,-173.17800000000003,0.05233899044727663,4.775303844074319
2021-10-04,1180.0,1183.2057059151787,1173.972998046875,-0.3142610410564739,3019.179931640625,4300.4599609375,22.959999084472656,93.80999755859375,0.75,103.35,77.68,0.25,0.0,276.528,281.649,240.465,187.093663900572,0.125,-0.625,-173.17800000000003,0.05351627540788784,4.47656017289404
2021-10-05,1183.780029296875,1184.1800013950892,1174.8613321940104,0.32034146583685974,2962.169921875,4345.72021484375,21.299999237060547,93.9800033569336,0.75,103.35,79.17,0.25,0.0,276.528,281.649,240.465,187.093663900572,0.125,-0.625,-173.17800000000003,0.05397734563192773,4.253712056480796
2021-10-06,1187.1700439453125,1184.220005580357,1175.942000325521,0.28637200869583435,2908.31005859375,4363.5498046875,21.0,94.2699966430664,0.75,103.35,77.66,0.25,0.0,276.528,281.649,240.465,187.093663900572,0.125,-0.625,-173.17800000000003,0.05362494222069678,4.090241610422196
2021-10-07,1191.3800048828125,1184.7842843191963,1177.1366658528646,0.35462156065773076,2959.4599609375,4399.759765625,19.540000915527344,94.22000122070312,0.75,103.35,78.46,0.25,0.0,276.528,281.649,240.465,187.093663900572,0.125,-0.625,-173.17800000000003,0.05415043218778422,3.934464043101382
2021-10-08,1191.1500244140625,1185.8457205636162,1178.1416666666667,-0.019303703923800875,2956.300048828125,4391.33984375,18.770000457763672,94.06999969482422,0.75,103.35,79.55,0.25,0.0,276.528,281.649,240.465,187.093663900572,0.125,-0.625,-173.17800000000003,0.05309548820030892,3.9144008418876997
2021-10-09,1191.1500244140625,1186.9071568080358,1178.9636678059896,0.0,2956.300048828125,4391.33984375,18.770000457763672,94.06999969482422,0.75,103.35,79.55,0.25,0.0,276.528,281.649,240.465,187.093663900572,0.125,-0.625,-173.17800000000003,0.051856095282742445,3.9144008418876997
2021-10-10,1191.1500244140625,1187.9685930524554,1179.6976684570313,0.0,2956.300048828125,4391.33984375,18.770000457763672,94.06999969482422,0.75,103.35,79.55,0.25,0.0,276.528,281.649,240.465,187.093663900572,0.125,-0.625,-173.17800000000003,0.05167883286237314,4.0932932004350775
2021-10-11,1195.5799560546875,1190.194301060268,1180.5793334960938,0.37190375266156206,2956.300048828125,4361.18994140625,20.0,94.31999969482422,0.75,103.35,80.64,0.25,0.0,276.528,281.649,240.465,187.093663900572,0.125,-0.625,-173.17800000000003,0.05240553457011153,4.774338939125422
2021-10-12,1195.800048828125,1191.9114467075892,1181.4683349609375,0.01840887113595535,2916.3798828125,4350.64990234375,19.850000381469727,94.5199966430664,0.75,103.35,80.75,0.25,0.0,276.528,281.649,240.465,187.093663900572,0.125,-0.625,-173.17800000000003,0.05238531481944343,4.100295957025124
2021-10-13,1196.8900146484375,1193.300013950893,1182.3853352864583,0.09114950458319893,2944.409912109375,4363.7998046875,18.639999389648438,94.08000183105469,0.75,103.35,80.67,0.25,0.0,276.528,281.649,240.465,187.093663900572,0.125,-0.625,-173.17800000000003,0.052361428705217886,4.677235538440772
2021-10-14,1186.7099609375,1192.6328648158483,1182.9053344726562,-0.8505421205245556,2988.639892578125,4438.259765625,16.860000610351562,93.95999908447266,0.75,103.35,81.43,0.25,0.0,276.528,281.649,240.465,187.093663900572,0.125,-0.625,-173.17800000000003,0.058804052308255604,4.086408976234446
2021-10-15,1182.1300048828125,1191.3442905970983,1183.2829996744792,-0.3859372724123178,3015.06005859375,4471.3701171875,16.299999237060547,93.94000244140625,0.75,103.35,82.39,0.25,0.0,276.528,281.649,240.465,187.093663900572,0.125,-0.625,-173.17800000000003,0.060091364980487304,3.6847007284796396
2021-10-16,1182.1300048828125,1190.0557163783483,1183.8466674804688,0.0,3015.06005859375,4471.3701171875,16.299999237060547,93.94000244140625,0.75,103.35,82.39,0.25,0.0,276.528,281.649,240.465,187.093663900572,0.125,-0.625,-173.17800000000003,0.05813637571427894,3.6847007284796396
2021-10-17,1182.1300048828125,1188.7671421595983,1184.1036661783853,0.0,3015.06005859375,4471.3701171875,16.299999237060547,93.94000244140625,0.75,103.35,82.39,0.25,0.0,276.528,281.649,240.465,187.093663900572,0.125,-0.625,-173.17800000000003,0.0537296464547256,3.5593521579336374
2021-10-18,1181.7900390625,1186.797154017857,1184.3493326822916,-0.028758750637258856,3006.679931640625,4486.4599609375,16.309999465942383,93.94999694824219,0.75,103.35,82.62,0.25,0.0,276.528,281.649,240.465,187.093663900572,0.125,-0.625,-173.17800000000003,0.05374651234978988,2.7581011812184864
2021-10-19,1185.6800537109375,1185.3514404296875,1184.7246663411458,0.32916292402696,3029.0400390625,4519.6298828125,15.699999809265137,93.79000091552734,0.75,103.35,83.19,0.25,0.0,276.528,281.649,240.465,187.093663900572,0.125,-0.625,-173.17800000000003,0.05447433212835532,3.329040496774738
2021-10-20,1175.6500244140625,1182.3171561104912,1184.5426676432292,-0.8459305076005119,3013.1298828125,4536.18994140625,15.489999771118164,93.55999755859375,0.75,103.35,84.4,0.25,0.0,276.528,281.649,240.465,187.093663900572,0.125,-0.625,-173.17800000000003,0.0576969267116567,2.3470287356053054
2021-10-21,1174.5899658203125,1180.585728236607,1184.1516682942708,-0.09016787068739651,3007.330078125,4549.77978515625,15.010000228881836,93.7699966430664,0.75,103.35,82.64,0.25,0.0,276.528,281.649,240.465,187.093663900572,0.125,-0.625,-173.17800000000003,0.05608097576224832,2.1462489157450415
2021-10-22,1176.550048828125,1179.7885916573662,1183.939335123698,0.16687380829476517,3006.159912109375,4544.89990234375,15.430000305175781,93.61000061035156,0.75,103.35,84.53,0.25,0.0,276.528,281.649,240.465,187.093663900572,0.125,-0.625,-173.17800000000003,0.05583519327661566,2.316704251340984
2021-10-23,1176.550048828125,1178.991455078125,1183.7900024414062,0.0,3006.159912109375,4544.89990234375,15.430000305175781,93.61000061035156,0.75,103.35,84.53,0.25,0.0,276.528,281.649,240.465,187.093663900572,0.125,-0.625,-173.17800000000003,0.05567295026158498,2.316704251340984
2021-10-24,1176.550048828125,1178.1943184988838,1183.8516723632813,0.0,3006.159912109375,4544.89990234375,15.430000305175781,93.61000061035156,0.75,103.35,84.53,0.25,0.0,276.528,281.649,240.465,187.093663900572,0.125,-0.625,-173.17800000000003,0.05341133351156877,2.2091575004175468
2021-10-25,1176.5400390625,1177.4443184988838,1183.9130086263021,-0.0008507726156681272,3020.5400390625,4566.47998046875,15.239999771118164,93.80999755859375,0.75,103.35,84.64,0.25,0.0,276.528,281.649,240.465,187.093663900572,0.125,-0.625,-173.17800000000003,0.05341141939532555,2.151492419147072
2021-10-26,1167.06005859375,1174.7843191964287,1183.6583455403645,-0.8057507737946557,3049.080078125,4574.7900390625,15.979999542236328,93.94999694824219,0.75,103.35,85.64,0.25,0.0,276.528,281.649,240.465,187.093663900572,0.125,-0.625,-173.17800000000003,0.058362743638498346,1.1702901725339832
2021-10-27,1167.3299560546875,1173.595738002232,1183.2626790364584,0.023126270062112653,3025.489990234375,4551.68017578125,16.979999542236328,93.86000061035156,0.75,103.35,82.66,0.25,0.0,276.528,281.649,240.465,187.093663900572,0.125,-0.625,-173.17800000000003,0.057115740952270636,1.559053892181228
2021-10-28,1172.1700439453125,1173.250034877232,1183.1030151367188,0.4146289457852559,3009.550048828125,4596.419921875,16.530000686645508,93.3499984741211,0.75,103.35,82.78,0.25,0.0,276.528,281.649,240.465,187.093663900572,0.125,-0.625,-173.17800000000003,0.05834744709187638,2.6310763279336236
2021-10-29,1167.3699951171875,1171.9385986328125,1182.4523478190104,-0.40950106624196847,2970.679931640625,4605.3798828125,16.260000228881836,94.12000274658203,0.75,103.35,83.5,0.25,0.0,276.528,281.649,240.465,187.093663900572,0.125,-0.625,-173.17800000000003,0.05345943068567523,2.2108009760751335
2021-10-30,1167.3699951171875,1170.627162388393,1181.7836791992188,0.0,2970.679931640625,4605.3798828125,16.260000228881836,94.12000274658203,0.75,103.35,83.5,0.25,0.0,276.528,281.649,240.465,187.093663900572,0.125,-0.625,-173.17800000000003,0.05340154796911757,2.2108009760751335
2021-10-31,1167.3699951171875,1169.3157261439733,1181.238680013021,0.0,2970.679931640625,4605.3798828125,16.260000228881836,94.12000274658203,0.75,103.35,83.5,0.25,0.0,276.528,281.649,240.465,187.093663900572,0.125,-0.625,-173.17800000000003,0.052863972337730686,1.4284049107278651
2021-11-01,1174.3800048828125,1169.0071498325892,1180.9273478190105,0.6004959691396916,2978.93994140625,4613.669921875,16.40999984741211,93.87999725341797,1.0,103.87,84.08,0.25,0.0,278.824,283.411,243.287,187.093663900572,0.125,-0.875,-174.954,0.056083080925712014,2.1590821726552134
2021-11-02,1176.5699462890625,1170.3657052176338,1180.689013671875,0.18647638729751836,3013.489990234375,4630.64990234375,16.030000686645508,94.08999633789062,1.0,103.87,83.91,0.25,0.0,278.824,283.411,243.287,187.093663900572,0.125,-0.875,-174.954,0.05641703754234257,2.4369213555248903
2021-11-03,1178.0400390625,1171.895717075893,1180.623681640625,0.12494733339689645,2975.7099609375,4660.56982421875,15.100000381469727,93.86000061035156,1.0,103.87,80.82,0.25,0.0,278.824,283.411,243.287,187.093663900572,0.125,-0.875,-174.954,0.05585685666679637,2.9701220852441423
2021-11-04,1179.3399658203125,1172.9199916294642,1180.4756795247397,0.11034656842792145,2983.219970703125,4680.06005859375,15.4399995803833,94.3499984741211,1.0,103.87,78.88,0.25,0.0,278.824,283.411,243.287,187.093663900572,0.125,-0.875,-174.954,0.05512092695708973,3.1685186907619345
2021-11-05,1185.8299560546875,1175.55712890625,1180.4310099283855,0.5503069871680921,2969.27001953125,4697.52978515625,16.479999542236328,94.31999969482422,1.0,103.87,81.25,0.25,0.0,278.824,283.411,243.287,187.093663900572,0.125,-0.875,-174.954,0.05686535667983361,3.736262257675027
2021-11-06,1185.8299560546875,1178.1942661830358,1180.2460083007813,0.0,2969.27001953125,4697.52978515625,16.479999542236328,94.31999969482422,1.0,103.87,81.25,0.25,0.0,278.824,283.411,243.287,187.093663900572,0.125,-0.875,-174.954,0.05584631620079947,3.736262257675027
2021-11-07,1185.8299560546875,1180.8314034598213,1180.068672688802,0.0,2969.27001953125,4697.52978515625,16.479999542236328,94.31999969482422,1.0,103.87,81.25,0.25,0.0,278.824,283.411,243.287,187.093663900572,0.125,-0.875,-174.954,0.05584781508089342,3.573167604647942
2021-11-08,1180.5,1181.7056884765625,1179.713671875,-0.44947051872601396,2960.199951171875,4701.7001953125,17.219999313354492,94.05000305175781,1.0,103.87,81.96,0.25,0.0,278.824,283.411,243.287,187.093663900572,0.125,-0.875,-174.954,0.05724938461755037,3.020358403435508
2021-11-09,1199.8599853515625,1185.0328369140625,1180.00400390625,1.639981817159053,2962.4599609375,4685.25,17.780000686645508,93.95999908447266,1.0,103.87,84.12,0.25,0.0,278.824,283.411,243.287,187.093663900572,0.125,-0.875,-174.954,0.07496815257245569,4.111134742968936
2021-11-10,1177.5,1184.9556884765625,1179.4013387044272,-1.8635495494927268,2930.169921875,4646.7099609375,18.729999542236328,94.8499984741211,1.0,103.87,81.23,0.25,0.0,278.824,283.411,243.287,187.093663900572,0.125,-0.875,-174.954,0.09204120529296994,2.1381814577854374
2021-11-11,1184.1400146484375,1185.6414097377233,1179.0126708984376,0.5639078257696495,2924.919921875,4649.27001953125,17.65999984741211,95.18000030517578,1.0,103.87,81.47,0.25,0.0,278.824,283.411,243.287,187.093663900572,0.125,-0.875,-174.954,0.09373148727652757,1.9000701290264876
2021-11-12,1183.1099853515625,1185.2528424944196,1178.5533365885417,-0.08698543112579671,2968.800048828125,4682.85009765625,16.290000915527344,95.12999725341797,1.0,103.87,80.87,0.25,0.0,278.824,283.411,243.287,187.093663900572,0.125,-0.875,-174.954,0.0936719839756519,1.8114319137072732
2021-11-13,1183.1099853515625,1184.8642752511162,1178.4333374023438,0.0,2968.800048828125,4682.85009765625,16.290000915527344,95.12999725341797,1.0,103.87,80.87,0.25,0.0,278.824,283.411,243.287,187.093663900572,0.125,-0.875,-174.954,0.09044010135295043,1.8114319137072732
2021-11-14,1183.1099853515625,1184.4757080078125,1178.4660034179688,0.0,2968.800048828125,4682.85009765625,16.290000915527344,95.12999725341797,1.0,103.87,80.87,0.25,0.0,278.824,283.411,243.287,187.093663900572,0.125,-0.875,-174.954,0.0897296235540231,1.871048268214559
2021-11-15,1179.1099853515625,1184.277134486607,1178.3653361002605,-0.3380919821086126,2999.52001953125,4682.7998046875,16.489999771118164,95.41000366210938,1.0,103.87,80.85,0.25,0.0,278.824,283.411,243.287,187.093663900572,0.125,-0.875,-174.954,0.09027710014038115,1.2546144569826057
2021-11-16,1183.510009765625,1181.9414236886162,1178.4113362630208,0.3731648844234492,2997.2099609375,4700.89990234375,16.3700008392334,95.91999816894531,1.0,103.87,80.76,0.25,0.0,278.824,283.411,243.287,187.093663900572,0.125,-0.875,-174.954,0.09094745939168108,0.6001155073972697
2021-11-17,1184.050048828125,1182.8771449497767,1178.486669921875,0.04563029108701766,2962.419921875,4688.669921875,17.110000610351562,95.83000183105469,1.0,103.87,78.32,0.25,0.0,278.824,283.411,243.287,187.093663900572,0.125,-0.875,-174.954,0.09094867989690547,1.2285406655945907
2021-11-18,1181.22998046875,1182.46142578125,1178.3383341471354,-0.23817138153628958,2947.3798828125,4704.5400390625,17.59000015258789,95.54000091552734,1.0,103.87,78.92,0.25,0.0,278.824,283.411,243.287,187.093663900572,0.125,-0.875,-174.954,0.0906935934166962,0.49685344843253265
2021-11-19,1182.9000244140625,1182.431431361607,1178.5800008138021,0.14138177771696459,2971.02001953125,4697.9599609375,17.90999984741211,96.06999969482422,1.0,103.87,76.11,0.25,0.0,278.824,283.411,243.287,187.093663900572,0.125,-0.875,-174.954,0.08724348443313383,0.6389376863875418
2021-11-20,1182.9000244140625,1182.4014369419642,1178.857002766927,0.0,2971.02001953125,4697.9599609375,17.90999984741211,96.06999969482422,1.0,103.87,76.11,0.25,0.0,278.824,283.411,243.287,187.093663900572,0.125,-0.875,-174.954,0.08718190346223287,0.6389376863875418
2021-11-21,1182.9000244140625,1182.3714425223213,1179.0686686197917,0.0,2971.02001953125,4697.9599609375,17.90999984741211,96.06999969482422,1.0,103.87,76.11,0.25,0.0,278.824,283.411,243.287,187.093663900572,0.125,-0.875,-174.954,0.08707996006280147,0.7375012136964454
2021-11-22,1191.6300048828125,1184.1600167410713,1179.5713338216146,0.7380150721591372,3013.25,4682.93994140625,19.170000076293945,96.5,1.0,103.87,76.74,0.25,0.0,278.824,283.411,243.287,187.093663900572,0.125,-0.875,-174.954,0.08952963346960932,2.057195453327476
2021-11-23,1189.5,1185.0157296316963,1180.002998860677,-0.17874716766820287,2997.330078125,4690.7001953125,19.3799991607666,96.48999786376953,1.0,103.87,78.32,0.25,0.0,278.824,283.411,243.287,187.093663900572,0.125,-0.875,-174.954,0.08975557220820776,2.237275559518226
2021-11-24,1189.949951171875,1185.8585728236608,1180.4499959309896,0.037826916509042796,2994.2900390625,4701.4599609375,18.579999923706055,96.83999633789062,1.0,103.87,78.32,0.25,0.0,278.824,283.411,243.287,187.093663900572,0.125,-0.875,-174.954,0.08974800801113852,2.2882583723251138
2021-11-25,1187.8800048828125,1186.8085763113838,1181.143994140625,-0.17395238236902477,2980.27001953125,4701.4599609375,18.579999923706055,96.83999633789062,1.0,103.87,78.32,0.25,0.0,278.824,283.411,243.287,187.093663900572,0.125,-0.875,-174.954,0.0863833736078742,1.5282055455395405
2021-11-26,1190.219970703125,1187.854282924107,1181.9069946289062,0.1969867167301409,2936.43994140625,4594.6201171875,28.6200008392334,96.08999633789062,1.0,103.87,78.32,0.25,0.0,278.824,283.411,243.287,187.093663900572,0.125,-0.875,-174.954,0.08646512651508693,1.728202624198727
2021-11-27,1190.219970703125,1188.8999895368304,1182.5086588541667,0.0,2936.43994140625,4594.6201171875,28.6200008392334,96.08999633789062,1.0,103.87,78.32,0.25,0.0,278.824,283.411,243.287,187.093663900572,0.125,-0.875,-174.954,0.08584604185169716,1.728202624198727
2021-11-28,1190.219970703125,1189.9456961495537,1183.2703247070312,0.0,2936.43994140625,4594.6201171875,28.6200008392334,96.08999633789062,1.0,103.87,78.32,0.25,0.0,278.824,283.411,243.287,187.093663900572,0.125,-0.875,-174.954,0.08474490727537502,2.487666360263696
2021-11-29,1194.6099853515625,1190.3714076450892,1184.1783243815105,0.3688406140458289,2909.320068359375,4655.27001953125,22.959999084472656,96.33999633789062,1.0,103.87,69.88,0.25,0.0,278.824,283.411,243.287,187.093663900572,0.125,-0.875,-174.954,0.085168408386524,2.4967589589204087
2021-11-30,1190.739990234375,1190.548549107143,1184.95732421875,-0.3239546935520199,2839.010009765625,4567.0,27.190000534057617,95.98999786376953,1.0,103.87,66.14,0.25,0.0,278.824,283.411,243.287,187.093663900572,0.125,-0.875,-174.954,0.08594127714398338,2.79089053968542
2021-12-01,1182.8599853515625,1189.5356968470983,1185.239990234375,-0.6617737665182033,2899.719970703125,4513.0400390625,31.1200008392334,96.05000305175781,1.0,104.04,65.44,0.25,0.0,280.806,285.221,241.338,187.093663900572,0.125,-0.875,-176.76599999999996,0.08691991068978883,2.3872961840665674
2021-12-02,1177.1099853515625,1187.9971226283483,1185.2579915364583,-0.4861099429524618,2945.27001953125,4577.10009765625,27.950000762939453,96.12999725341797,1.0,104.04,66.6,0.25,0.0,280.806,285.221,241.338,187.093663900572,0.125,-0.875,-176.76599999999996,0.08801604159934391,1.7266841568742697
2021-12-03,1176.77001953125,1186.0757010323662,1185.2156575520833,-0.028881398046332052,2968.330078125,4538.43017578125,30.670000076293945,96.12000274658203,1.0,104.04,66.39,0.25,0.0,280.806,285.221,241.338,187.093663900572,0.125,-0.875,-176.76599999999996,0.08794375248586589,1.6973040683035956
2021-12-04,1176.77001953125,1184.1542794363838,1185.1299926757813,0.0,2968.330078125,4538.43017578125,30.670000076293945,96.12000274658203,1.0,104.04,66.39,0.25,0.0,280.806,285.221,241.338,187.093663900572,0.125,-0.875,-176.76599999999996,0.08787926620365,1.6973040683035956
2021-12-05,1176.77001953125,1182.2328578404017,1184.8279947916667,0.0,2968.330078125,4538.43017578125,30.670000076293945,96.12000274658203,1.0,104.04,66.39,0.25,0.0,280.806,285.221,241.338,187.093663900572,0.125,-0.875,-176.76599999999996,0.08628616459372308,1.9069079481489393
2021-12-06,1183.1400146484375,1180.5942905970983,1184.738330078125,0.5413118121181393,2973.25,4591.669921875,27.18000030517578,96.29000091552734,1.0,104.04,69.62,0.25,0.0,280.806,285.221,241.338,187.093663900572,0.125,-0.875,-176.76599999999996,0.08783017683723238,2.388491497735523
2021-12-07,1180.56005859375,1179.1400146484375,1184.5626668294271,-0.21806007934354055,2991.719970703125,4686.75,21.889999389648438,96.37000274658203,1.0,104.04,71.94,0.25,0.0,280.806,285.221,241.338,187.093663900572,0.125,-0.875,-176.76599999999996,0.0880441646770139,1.6847595687984551
2021-12-08,1176.8399658203125,1178.2800118582588,1184.4406656901042,-0.31511253886301605,3001.800048828125,4701.2099609375,19.899999618530273,95.88999938964844,1.0,104.04,72.43,0.25,0.0,280.806,285.221,241.338,187.093663900572,0.125,-0.875,-176.76599999999996,0.08755057938960431,0.8872751307414051
2021-12-09,1172.56005859375,1177.6300223214287,1183.5306681315103,-0.363677929953643,3029.570068359375,4667.4501953125,21.579999923706055,96.2699966430664,1.0,104.04,70.87,0.25,0.0,280.806,285.221,241.338,187.093663900572,0.125,-0.875,-176.76599999999996,0.07277166322485551,0.29338514079804145
2021-12-10,1177.3299560546875,1177.7100132533483,1183.525,0.40679344533174344,3010.22998046875,4712.02001953125,18.690000534057617,96.05000305175781,1.0,104.04,71.71,0.25,0.0,280.806,285.221,241.338,187.093663900572,0.125,-0.875,-176.76599999999996,0.0507051351806285,0.7013720576521276
2021-12-11,1177.3299560546875,1177.790004185268,1183.297998046875,0.0,3010.22998046875,4712.02001953125,18.690000534057617,96.05000305175781,1.0,104.04,71.71,0.25,0.0,280.806,285.221,241.338,187.093663900572,0.125,-0.875,-176.76599999999996,0.04780676672330075,0.7013720576521276
2021-12-12,1177.3299560546875,1177.8699951171875,1183.105330403646,0.0,3010.22998046875,4712.02001953125,18.690000534057617,96.05000305175781,1.0,104.04,71.71,0.25,0.0,280.806,285.221,241.338,187.093663900572,0.125,-0.875,-176.76599999999996,0.04776539211026666,0.6798432621285988
2021-12-13,1178.969970703125,1177.2742745535713,1182.9673299153646,0.13929949204156689,3001.659912109375,4668.97021484375,20.309999465942383,96.31999969482422,1.0,104.04,71.19,0.25,0.0,280.806,285.221,241.338,187.093663900572,0.125,-0.875,-176.76599999999996,0.04797580888457863,0.6711568896069942
2021-12-14,1185.0999755859375,1177.9228341238838,1183.0336629231772,0.5199458031281967,2987.949951171875,4634.08984375,21.889999389648438,96.56999969482422,1.0,104.04,70.57,0.25,0.0,280.806,285.221,241.338,187.093663900572,0.125,-0.875,-176.76599999999996,0.0503877581560555,1.2213807790771414
2021-12-15,1184.22998046875,1178.978550502232,1183.2043294270834,-0.07341111594887373,2989.389892578125,4709.85009765625,19.290000915527344,96.51000213623047,1.0,104.04,70.89,0.25,0.0,280.806,285.221,241.338,187.093663900572,0.125,-0.875,-176.76599999999996,0.049390799012944984,1.6314524504891459
2021-12-16,1184.4000244140625,1180.6699741908483,1183.2339965820313,0.01435903060360566,3006.409912109375,4668.669921875,20.56999969482422,96.04000091552734,1.0,104.04,72.34,0.25,0.0,280.806,285.221,241.338,187.093663900572,0.125,-0.875,-176.76599999999996,0.04820989949568232,0.8497794737241993
2021-12-17,1186.1500244140625,1181.9299839564733,1183.3039957682292,0.14775413407017712,3017.72998046875,4620.64013671875,21.56999969482422,96.56999969482422,1.0,104.04,70.93,0.25,0.0,280.806,285.221,241.338,187.093663900572,0.125,-0.875,-176.76599999999996,0.04837902286052483,0.9987891920972825
2021-12-18,1186.1500244140625,1183.1899937220983,1183.467997233073,0.0,3017.72998046875,4620.64013671875,21.56999969482422,96.56999969482422,1.0,104.04,70.93,0.25,0.0,280.806,285.221,241.338,187.093663900572,0.125,-0.875,-176.76599999999996,0.04782220721070221,0.9987891920972825
2021-12-19,1186.1500244140625,1184.4500034877233,1183.5763305664063,0.0,3017.72998046875,4620.64013671875,21.56999969482422,96.56999969482422,1.0,104.04,70.93,0.25,0.0,280.806,285.221,241.338,187.093663900572,0.125,-0.875,-176.76599999999996,0.04767103155466293,0.4267205531244267
2021-12-20,1186.3900146484375,1185.510009765625,1183.6926635742188,0.020232704922262812,2963.0,4568.02001953125,22.8700008392334,96.55000305175781,1.0,104.04,68.69,0.25,0.0,280.806,285.221,241.338,187.093663900572,0.125,-0.875,-176.76599999999996,0.04767110436003297,0.0059063627475985925
2021-12-21,1190.1199951171875,1186.2271554129463,1183.933329264323,0.3143974934630034,2975.030029296875,4649.22998046875,21.010000228881836,96.48999786376953,1.0,104.04,71.1,0.25,0.0,280.806,285.221,241.338,187.093663900572,0.125,-0.875,-176.76599999999996,0.04847639294528204,0.6086591573730926
2021-12-22,1191.27001953125,1187.232875279018,1183.9213297526042,0.09663096316177011,2984.47998046875,4696.56005859375,18.6299991607666,96.08000183105469,1.0,104.04,72.82,0.25,0.0,280.806,285.221,241.338,187.093663900572,0.125,-0.875,-176.76599999999996,0.04354281749744724,0.8670389389227706
2021-12-23,1187.77001953125,1187.7143031529017,1183.863663736979,-0.29380408661482393,2998.169921875,4725.7900390625,17.959999084472656,96.0199966430664,1.0,104.04,73.89,0.25,0.0,280.806,285.221,241.338,187.093663900572,0.125,-0.875,-176.76599999999996,0.04407619268440688,1.1126303654253489
2021-12-24,1185.5,1187.6214425223213,1183.71533203125,-0.19111608256839885,3012.429931640625,4725.7900390625,17.959999084472656,96.0199966430664,1.0,104.04,73.89,0.25,0.0,280.806,285.221,241.338,187.093663900572,0.125,-0.875,-176.76599999999996,0.044383628097125684,0.9193878672890898
2021-12-25,1185.5,1187.5285818917412,1183.6359985351562,0.0,3012.429931640625,4725.7900390625,17.959999084472656,96.0199966430664,1.0,104.04,73.89,0.25,0.0,280.806,285.221,241.338,187.093663900572,0.125,-0.875,-176.76599999999996,0.044117985455128496,0.9193878672890898
2021-12-26,1185.5,1187.4357212611608,1183.4786661783853,0.0,3012.429931640625,4725.7900390625,17.959999084472656,96.0199966430664,1.0,104.04,73.89,0.25,0.0,280.806,285.221,241.338,187.093663900572,0.125,-0.875,-176.76599999999996,0.04369659879307388,0.5342646785105432
2021-12-27,1185.9200439453125,1187.3685825892858,1183.3353352864583,0.03543179631484428,2999.550048828125,4791.18994140625,17.68000030517578,96.08999633789062,1.0,104.04,75.49,0.25,0.0,280.806,285.221,241.338,187.093663900572,0.125,-0.875,-176.76599999999996,0.043717734229072165,0.7612903841414775
2021-12-28,1185.6500244140625,1186.730015345982,1183.1830037434895,-0.022768780461090987,3020.239990234375,4786.35009765625,17.540000915527344,96.19999694824219,1.0,104.04,76.01,0.25,0.0,280.806,285.221,241.338,187.093663900572,0.125,-0.875,-176.76599999999996,0.04371742109512776,-0.10447389556498266
2021-12-29,1187.8499755859375,1186.2414376395088,1182.9576700846353,0.18554810665669663,2993.2900390625,4793.06005859375,16.950000762939453,95.93000030517578,1.0,104.04,76.58,0.25,0.0,280.806,285.221,241.338,187.093663900572,0.125,-0.875,-176.76599999999996,0.04263768057047828,0.035363925116072004
2021-12-30,1183.6700439453125,1185.655726841518,1182.7220052083333,-0.3518905355504254,2977.64990234375,4778.72998046875,17.329999923706055,95.97000122070312,1.0,104.04,76.83,0.25,0.0,280.806,285.221,241.338,187.093663900572,0.125,-0.875,-176.76599999999996,0.04281885294245338,-0.00421778453081334
2021-12-31,1189.8900146484375,1186.2828717912946,1182.9563395182292,0.5254818042360165,2977.64990234375,4766.18017578125,17.219999313354492,95.66999816894531,1.0,104.04,75.33,0.25,0.0,280.806,285.221,241.338,187.093663900572,0.125,-0.875,-176.76599999999996,0.04113689005608475,0.5212418560149423
2022-01-01,1189.8900146484375,1186.9100167410713,1183.3823404947916,0.0,2977.64990234375,4766.18017578125,17.219999313354492,95.66999816894531,1.25,104.85,75.33,0.25,0.0,282.542,286.799,246.453,211.872594329841,0.125,-1.125,-177.69199999999998,0.038250454017621116,0.5212418560149423
2022-01-02,1189.8900146484375,1187.5371616908483,1183.8196736653647,0.0,2977.64990234375,4766.18017578125,17.219999313354492,95.66999816894531,1.25,104.85,75.33,0.25,0.0,282.542,286.799,246.453,211.872594329841,0.125,-1.125,-177.69199999999998,0.03821684308881279,0.8381368346133566
2022-01-03,1187.780029296875,1187.8028738839287,1184.1866739908853,-0.17732608271243677,2977.64990234375,4796.56005859375,16.600000381469727,96.23999786376953,1.25,104.85,75.99,0.25,0.0,282.542,286.799,246.453,211.872594329841,0.125,-1.125,-177.69199999999998,0.03870941287182373,0.33790061506409064
2022-01-04,1194.6800537109375,1189.0928780691963,1184.7836751302084,0.5809176988896825,2989.239990234375,4793.5400390625,16.90999984741211,96.29000091552734,1.25,104.85,77.0,0.25,0.0,282.542,286.799,246.453,211.872594329841,0.125,-1.125,-177.69199999999998,0.04183604825180814,0.6325976471464045
2022-01-05,1196.5,1190.3285958426338,1185.2290079752604,0.1523375470620314,2953.969970703125,4700.580078125,19.729999542236328,96.19000244140625,1.25,104.85,77.83,0.25,0.0,282.542,286.799,246.453,211.872594329841,0.125,-1.125,-177.69199999999998,0.03931523402971302,0.429753319361037
2022-01-06,1199.25,1192.5543038504463,1185.8520060221354,0.22983702465524392,2920.530029296875,4696.0498046875,19.610000610351562,96.25,1.25,104.85,79.47,0.25,0.0,282.542,286.799,246.453,211.872594329841,0.125,-1.125,-177.69199999999998,0.03892414768676816,0.6800130478880728
2022-01-07,1205.780029296875,1194.8243059430804,1186.8166748046874,0.5445094264644679,2954.889892578125,4677.02978515625,18.760000228881836,95.73999786376953,1.25,104.85,79.0,0.25,0.0,282.542,286.799,246.453,211.872594329841,0.125,-1.125,-177.69199999999998,0.0398292029341439,1.2282252094994561
2022-01-08,1205.780029296875,1197.0943080357142,1187.9240071614583,0.0,2954.889892578125,4677.02978515625,18.760000228881836,95.73999786376953,1.25,104.85,79.0,0.25,0.0,282.542,286.799,246.453,211.872594329841,0.125,-1.125,-177.69199999999998,0.03763253900548769,1.2282252094994561
2022-01-09,1205.780029296875,1199.3643101283483,1188.8723429361978,0.0,2954.889892578125,4677.02978515625,18.760000228881836,95.73999786376953,1.25,104.85,79.0,0.25,0.0,282.542,286.799,246.453,211.872594329841,0.125,-1.125,-177.69199999999998,0.036519538819381574,0.8531485653077375
2022-01-10,1196.8800048828125,1200.664306640625,1189.5240112304687,-0.7381134367644426,2926.719970703125,4670.2900390625,19.399999618530273,95.98999786376953,1.25,104.85,78.11,0.25,0.0,282.542,286.799,246.453,211.872594329841,0.125,-1.125,-177.69199999999998,0.04351765360956576,0.09031242771280201
2022-01-11,1198.0899658203125,1201.1514369419642,1190.2160115559896,0.10109291930384678,2927.3798828125,4713.06982421875,18.40999984741211,95.62000274658203,1.25,104.85,81.17,0.25,0.0,282.542,286.799,246.453,211.872594329841,0.125,-1.125,-177.69199999999998,0.04350470512858524,0.10025575927521402
2022-01-12,1189.4300537109375,1200.1414446149554,1190.5646809895834,-0.7228098353570411,2972.47998046875,4726.35009765625,17.6200008392334,95.0,1.25,104.85,82.51,0.25,0.0,282.542,286.799,246.453,211.872594329841,0.125,-1.125,-177.69199999999998,0.04895029021716137,0.22921293854216707
2022-01-13,1185.8800048828125,1198.2314453125,1190.590681966146,-0.2984663803515919,2962.090087890625,4659.02978515625,20.309999465942383,94.79000091552734,1.25,104.85,81.97,0.25,0.0,282.542,286.799,246.453,211.872594329841,0.125,-1.125,-177.69199999999998,0.0475579561371128,0.3172239926666709
2022-01-14,1186.6099853515625,1195.4928676060267,1190.6700154622397,0.061556014583619145,2921.919921875,4662.85009765625,19.190000534057617,95.16999816894531,1.25,104.85,83.82,0.25,0.0,282.542,286.799,246.453,211.872594329841,0.125,-1.125,-177.69199999999998,0.047531303943834445,0.37897527769747974
2022-01-15,1186.6099853515625,1192.7542898995537,1190.7436808268228,0.0,2921.919921875,4662.85009765625,19.190000534057617,95.16999816894531,1.25,104.85,83.82,0.25,0.0,282.542,286.799,246.453,211.872594329841,0.125,-1.125,-177.69199999999998,0.047531227172089095,0.37897527769747974
2022-01-16,1186.6099853515625,1190.0157121930804,1190.759012858073,0.0,2921.919921875,4662.85009765625,19.190000534057617,95.16999816894531,1.25,104.85,83.82,0.25,0.0,282.542,286.799,246.453,211.872594329841,0.125,-1.125,-177.69199999999998,0.04734259837206726,0.40785132127920676
2022-01-17,1188.9599609375,1188.88427734375,1190.852677408854,0.19804110996430868,2890.10009765625,4662.85009765625,19.190000534057617,95.16999816894531,1.25,104.85,83.82,0.25,0.0,282.542,286.799,246.453,211.872594329841,0.125,-1.125,-177.69199999999998,0.04768305533519153,0.27662666807095615
2022-01-18,1190.06005859375,1187.7371477399554,1190.9830118815105,0.09252604733489544,2864.239990234375,4577.10986328125,22.790000915527344,95.7300033569336,1.25,104.85,85.42,0.25,0.0,282.542,286.799,246.453,211.872594329841,0.125,-1.125,-177.69199999999998,0.047744387482978094,1.2257078110358144
2022-01-19,1192.97998046875,1188.2442801339287,1191.2026774088542,0.24535920300110536,2842.280029296875,4532.759765625,23.850000381469727,95.51000213623047,1.25,104.85,86.84,0.25,0.0,282.542,286.799,246.453,211.872594329841,0.125,-1.125,-177.69199999999998,0.04822397742749948,1.5656539885043452
2022-01-20,1188.1600341796875,1188.5699986049108,1191.137345377604,-0.4040257479566933,2862.679931640625,4482.72998046875,25.59000015258789,95.73999786376953,1.25,104.85,86.29,0.25,0.0,282.542,286.799,246.453,211.872594329841,0.125,-1.125,-177.69199999999998,0.048889354672909155,0.9867821061353421
2022-01-21,1192.4300537109375,1189.4014369419642,1191.1760131835938,0.3593808416723965,2834.2900390625,4397.93994140625,28.850000381469727,95.63999938964844,1.25,104.85,85.16,0.25,0.0,282.542,286.799,246.453,211.872594329841,0.125,-1.125,-177.69199999999998,0.049945824482902586,1.3497092536462363
2022-01-22,1192.4300537109375,1190.232875279018,1191.33134765625,0.0,2834.2900390625,4397.93994140625,28.850000381469727,95.63999938964844,1.25,104.85,85.16,0.25,0.0,282.542,286.799,246.453,211.872594329841,0.125,-1.125,-177.69199999999998,0.04914442053171544,1.3497092536462363
2022-01-23,1192.4300537109375,1191.0643136160713,1191.5623494466147,0.0,2834.2900390625,4397.93994140625,28.850000381469727,95.63999938964844,1.25,104.85,85.16,0.25,0.0,282.542,286.799,246.453,211.872594329841,0.125,-1.125,-177.69199999999998,0.0487635855313058,1.3505715165545107
2022-01-24,1191.5,1191.4271763392858,1191.7623494466145,-0.07799650034340244,2792.0,4410.1298828125,29.899999618530273,95.91999816894531,1.25,104.85,84.48,0.25,0.0,282.542,286.799,246.453,211.872594329841,0.125,-1.125,-177.69199999999998,0.04884355789777597,2.0941459889989744
2022-01-25,1195.6600341796875,1192.2271728515625,1192.1010172526042,0.3491426084504923,2720.389892578125,4356.4501953125,31.15999984741211,95.94999694824219,1.25,104.85,86.61,0.25,0.0,282.542,286.799,246.453,211.872594329841,0.125,-1.125,-177.69199999999998,0.0497754946345561,2.4269126289493403
2022-01-26,1196.0999755859375,1192.672886439732,1192.4403483072917,0.03679485754091161,2709.239990234375,4349.93017578125,31.959999084472656,96.48999786376953,1.25,104.85,88.33,0.25,0.0,282.542,286.799,246.453,211.872594329841,0.125,-1.125,-177.69199999999998,0.049775665134680264,2.04150684145461
2022-01-27,1200.6300048828125,1194.454310825893,1192.9396809895834,0.3787333324420272,2614.489990234375,4326.509765625,30.489999771118164,97.26000213623047,1.25,104.85,87.61,0.25,0.0,282.542,286.799,246.453,211.872594329841,0.125,-1.125,-177.69199999999998,0.05076342251152545,2.849140367213754
2022-01-28,1203.4599609375,1196.0300118582588,1193.4600138346354,0.23570592465442797,2663.340087890625,4431.85009765625,27.65999984741211,97.2699966430664,1.25,104.85,87.67,0.25,0.0,282.542,286.799,246.453,211.872594329841,0.125,-1.125,-177.69199999999998,0.05090698048901537,3.091561884515426
2022-01-29,1203.4599609375,1197.605712890625,1194.119677734375,0.0,2663.340087890625,4431.85009765625,27.65999984741211,97.2699966430664,1.25,104.85,87.67,0.25,0.0,282.542,286.799,246.453,211.872594329841,0.125,-1.125,-177.69199999999998,0.04953188706695896,3.091561884515426
2022-01-30,1203.4599609375,1199.1814139229912,1194.5720092773438,0.0,2663.340087890625,4431.85009765625,27.65999984741211,97.2699966430664,1.25,104.85,87.67,0.25,0.0,282.542,286.799,246.453,211.872594329841,0.125,-1.125,-177.69199999999998,0.04750137165570081,2.4761964554726346
2022-01-31,1207.7099609375,1201.4971226283483,1195.1660074869792,0.353148433512418,2663.340087890625,4515.5498046875,24.829999923706055,96.54000091552734,1.25,104.85,89.16,0.25,0.0,282.542,286.799,246.453,211.872594329841,0.125,-1.125,-177.69199999999998,0.04834945993215106,2.6466777216819226
2022-02-01,1205.1199951171875,1202.8485456194196,1195.673673502604,-0.21445263383453872,2663.340087890625,4546.5400390625,21.959999084472656,96.38999938964844,1.25,105.42,88.22,0.25,0.0,284.525,288.256,252.66,211.872594329841,0.125,-1.125,-179.10499999999996,0.04893813747275315,2.2987296829264148
2022-02-02,1202.5,1203.7628348214287,1196.1643391927084,-0.21740533123697503,2663.340087890625,4589.3798828125,22.09000015258789,95.94000244140625,1.25,105.42,88.16,0.25,0.0,284.525,288.256,252.66,211.872594329841,0.125,-1.125,-179.10499999999996,0.04910832820921337,1.963813221879418
2022-02-03,1199.9599609375,1203.6671142578125,1196.3403361002604,-0.2112298596673612,2707.820068359375,4477.43994140625,24.350000381469727,95.37999725341797,1.25,105.42,90.17,0.25,0.0,284.525,288.256,252.66,211.872594329841,0.125,-1.125,-179.10499999999996,0.046863078795333774,1.1915709171173017
2022-02-04,1200.3299560546875,1203.219970703125,1196.4680013020834,0.03083395523451049,2750.260009765625,4500.52978515625,23.219999313354492,95.4800033569336,1.25,105.42,92.27,0.25,0.0,284.525,288.256,252.66,211.872594329841,0.125,-1.125,-179.10499999999996,0.046685909162425744,1.2227722807949704
2022-02-05,1200.3299560546875,1202.7728271484375,1196.5039998372397,0.0,2750.260009765625,4500.52978515625,23.219999313354492,95.4800033569336,1.25,105.42,92.27,0.25,0.0,284.525,288.256,252.66,211.872594329841,0.125,-1.125,-179.10499999999996,0.046222975794838195,1.2227722807949704
2022-02-06,1200.3299560546875,1202.32568359375,1196.3223307291667,0.0,2750.260009765625,4500.52978515625,23.219999313354492,95.4800033569336,1.25,105.42,92.27,0.25,0.0,284.525,288.256,252.66,211.872594329841,0.125,-1.125,-179.10499999999996,0.04328467619872267,1.6797929737134787
2022-02-07,1197.0899658203125,1200.8085414341517,1196.0326619466146,-0.2699249667170167,2745.06005859375,4483.8701171875,22.860000610351562,95.4000015258789,1.25,105.42,91.25,0.25,0.0,284.525,288.256,252.66,211.872594329841,0.125,-1.125,-179.10499999999996,0.04390729677611137,-0.23086189764369713
2022-02-08,1196.8499755859375,1199.6271100725446,1195.7349934895833,-0.02004780269045936,2746.469970703125,4521.5400390625,21.440000534057617,95.63999938964844,1.25,105.42,89.32,0.25,0.0,284.525,288.256,252.66,211.872594329841,0.125,-1.125,-179.10499999999996,0.04390172299037882,1.643310028529732
2022-02-09,1196.3599853515625,1198.749965122768,1195.7176595052083,-0.040939987832233626,2768.85009765625,4587.18017578125,19.959999084472656,95.48999786376953,1.25,105.42,89.57,0.25,0.0,284.525,288.256,252.66,211.872594329841,0.125,-1.125,-179.10499999999996,0.038352144897062665,1.031970083939182
2022-02-10,1194.030029296875,1197.90283203125,1195.5823282877604,-0.19475376000667177,2771.929931640625,4504.080078125,23.90999984741211,95.55000305175781,1.25,105.42,89.83,0.25,0.0,284.525,288.256,252.66,211.872594329841,0.125,-1.125,-179.10499999999996,0.03862422307966007,0.9229948255459641
2022-02-11,1199.3499755859375,1197.7628348214287,1195.9129923502603,0.44554543508383837,2747.7099609375,4418.64013671875,27.360000610351562,96.08000183105469,1.25,105.42,93.1,0.25,0.0,284.525,288.256,252.66,211.872594329841,0.125,-1.125,-179.10499999999996,0.03454254585989483,1.372652621941084
2022-02-12,1199.3499755859375,1197.622837611607,1196.361991373698,0.0,2747.7099609375,4418.64013671875,27.360000610351562,96.08000183105469,1.25,105.42,93.1,0.25,0.0,284.525,288.256,252.66,211.872594329841,0.125,-1.125,-179.10499999999996,0.033146894668474675,1.372652621941084
2022-02-13,1199.3499755859375,1197.4828404017858,1196.7866577148438,0.0,2747.7099609375,4418.64013671875,27.360000610351562,96.08000183105469,1.25,105.42,93.1,0.25,0.0,284.525,288.256,252.66,211.872594329841,0.125,-1.125,-179.10499999999996,0.033156676337471484,1.7165481155975604
2022-02-14,1199.239990234375,1197.7899867466517,1197.207657877604,-0.009170413457404436,2704.47998046875,4401.669921875,28.329999923706055,96.37000274658203,1.25,105.42,95.52,0.25,0.0,284.525,288.256,252.66,211.872594329841,0.125,-1.125,-179.10499999999996,0.03316634773568344,1.329095684781323
2022-02-15,1197.3599853515625,1197.8628452845983,1197.5659912109375,-0.15676636020494072,2676.5400390625,4471.06982421875,25.700000762939453,95.98999786376953,1.25,105.42,92.07,0.25,0.0,284.525,288.256,252.66,211.872594329841,0.125,-1.125,-179.10499999999996,0.033620299691048426,1.1241025273053706
2022-02-16,1196.8299560546875,1197.9299839564733,1197.8283243815104,-0.04426649490206769,2729.679931640625,4475.009765625,24.290000915527344,95.69999694824219,1.25,105.42,93.83,0.25,0.0,284.525,288.256,252.66,211.872594329841,0.125,-1.125,-179.10499999999996,0.03330162601611142,1.320655235972512
2022-02-17,1196.75,1198.3185511997767,1198.0513224283854,-0.006680652859913927,2744.090087890625,4380.259765625,28.110000610351562,95.80000305175781,1.25,105.42,91.78,0.25,0.0,284.525,288.256,252.66,211.872594329841,0.125,-1.125,-179.10499999999996,0.03324366740523673,1.1708492095769518
2022-02-18,1198.6600341796875,1198.2199881417412,1198.2406575520833,0.1596017697670815,2744.52001953125,4348.8701171875,27.75,96.04000091552734,1.25,105.42,91.26,0.25,0.0,284.525,288.256,252.66,211.872594329841,0.125,-1.125,-179.10499999999996,0.03282632164799523,1.3323196754038147
2022-02-19,1198.6600341796875,1198.1214250837054,1198.5906575520833,0.0,2744.52001953125,4348.8701171875,27.75,96.04000091552734,1.25,105.42,91.26,0.25,0.0,284.525,288.256,252.66,211.872594329841,0.125,-1.125,-179.10499999999996,0.03032702733755644,1.3323196754038147
2022-02-20,1198.6600341796875,1198.0228620256696,1198.7983235677084,0.0,2744.52001953125,4348.8701171875,27.75,96.04000091552734,1.25,105.42,91.26,0.25,0.0,284.525,288.256,252.66,211.872594329841,0.125,-1.125,-179.10499999999996,0.02867380358025226,0.5899506783203501
2022-02-21,1195.0699462890625,1197.4271414620537,1198.886319986979,-0.2995084334385001,2743.800048828125,4348.8701171875,27.75,96.04000091552734,1.25,105.42,91.26,0.25,0.0,284.525,288.256,252.66,211.872594329841,0.125,-1.125,-179.10499999999996,0.030110858089476708,0.46825946103929983
2022-02-22,1194.6800537109375,1197.0442940848213,1198.961319986979,-0.03262508435892819,2706.7900390625,4304.759765625,28.809999465942383,96.02999877929688,1.25,105.42,92.11,0.25,0.0,284.525,288.256,252.66,211.872594329841,0.125,-1.125,-179.10499999999996,0.030132800982241997,0.3975043264974554
2022-02-23,1192.6800537109375,1196.451450892857,1199.0006551106771,-0.16740883835697495,2719.530029296875,4225.5,31.020000457763672,96.19000244140625,1.25,105.42,92.14,0.25,0.0,284.525,288.256,252.66,211.872594329841,0.125,-1.125,-179.10499999999996,0.030460215272831877,0.40408532919102846
2022-02-24,1192.4000244140625,1195.8300258091517,1198.8919881184895,-0.023478995561609928,2648.800048828125,4288.7001953125,30.31999969482422,97.13999938964844,1.25,105.42,92.77,0.25,0.0,284.525,288.256,252.66,211.872594329841,0.125,-1.125,-179.10499999999996,0.028646231856161462,0.18316393310471302
2022-02-25,1206.0,1196.8785923549108,1199.2219889322917,1.1405547892889834,2676.760009765625,4384.64990234375,27.59000015258789,96.62000274658203,1.25,105.42,91.68,0.25,0.0,284.525,288.256,252.66,211.872594329841,0.125,-1.125,-179.10499999999996,0.043951157512419264,1.325807807404944
2022-02-26,1206.0,1197.9271589006696,1199.4009887695313,0.0,2676.760009765625,4384.64990234375,27.59000015258789,96.62000274658203,1.25,105.42,91.68,0.25,0.0,284.525,288.256,252.66,211.872594329841,0.125,-1.125,-179.10499999999996,0.04267594638523316,1.325807807404944
2022-02-27,1206.0,1198.9757254464287,1199.4856567382812,0.0,2676.760009765625,4384.64990234375,27.59000015258789,96.62000274658203,1.25,105.42,91.68,0.25,0.0,284.525,288.256,252.66,211.872594329841,0.125,-1.125,-179.10499999999996,0.04216143150415696,0.9534504807513056
2022-02-28,1197.5899658203125,1199.335728236607,1199.289990234375,-0.6973494344682862,2699.179931640625,4373.93994140625,30.149999618530273,96.70999908447266,1.25,105.42,96.13,0.25,0.0,284.525,288.256,252.66,211.872594329841,0.125,-1.125,-179.10499999999996,0.046850871282064145,0.575270474000722
2022-03-01,1200.9300537109375,1200.2285853794642,1199.2056599934897,0.27890079125179046,2699.179931640625,4306.259765625,33.31999969482422,97.41000366210938,1.25,106.1,103.66,0.25,0.0,287.467,289.044,260.014,211.872594329841,0.125,-1.125,-181.367,0.04762394429360573,1.5276591129257167
2022-03-02,1205.3699951171875,1202.0414341517858,1199.1276611328126,0.3697085764928998,2703.52001953125,4386.5400390625,30.739999771118164,97.38999938964844,1.25,106.1,110.74,0.25,0.0,287.467,289.044,260.014,211.872594329841,0.125,-1.125,-181.367,0.04773493036038008,2.4007960273299878
2022-03-03,1203.1500244140625,1203.5771484375,1199.0619954427084,-0.1841733834522019,2747.080078125,4363.490234375,30.479999542236328,97.79000091552734,1.25,106.1,107.69,0.25,0.0,287.467,289.044,260.014,211.872594329841,0.125,-1.125,-181.367,0.04762799362214637,2.241729857574093
2022-03-04,1205.989990234375,1203.575718470982,1199.178328450521,0.2360441975385097,2713.429931640625,4328.8701171875,31.979999542236328,98.6500015258789,1.25,106.1,115.77,0.25,0.0,287.467,289.044,260.014,211.872594329841,0.125,-1.125,-181.367,0.04768406413518787,2.48306552836588
2022-03-05,1205.989990234375,1203.5742885044642,1199.3793294270833,0.0,2713.429931640625,4328.8701171875,31.979999542236328,98.6500015258789,1.25,106.1,115.77,0.25,0.0,287.467,289.044,260.014,211.872594329841,0.125,-1.125,-181.367,0.047222875274842445,2.48306552836588
2022-03-06,1205.989990234375,1203.5728585379463,1199.567997233073,0.0,2713.429931640625,4328.8701171875,31.979999542236328,98.6500015258789,1.25,106.1,115.77,0.25,0.0,287.467,289.044,260.014,211.872594329841,0.125,-1.125,-181.367,0.047223559322964306,1.9312993646595
2022-03-07,1216.7099609375,1206.3042864118304,1200.1139973958334,0.8888938374224553,2651.31005859375,4201.08984375,36.45000076293945,99.29000091552734,1.25,106.1,119.26,0.25,0.0,287.467,289.044,260.014,211.872594329841,0.125,-1.125,-181.367,0.053562023379490224,3.062097695123689
2022-03-08,1232.300048828125,1210.7857142857142,1201.179667154948,1.2813314915752327,2622.39990234375,4170.7001953125,35.130001068115234,99.05999755859375,1.25,106.1,123.64,0.25,0.0,287.467,289.044,260.014,211.872594329841,0.125,-1.125,-181.367,0.06439066386610982,4.712627427566529
2022-03-09,1233.1099853515625,1214.748570033482,1202.3803344726562,0.06572559371458286,2622.39990234375,4277.8798828125,32.45000076293945,97.97000122070312,1.25,106.1,108.81,0.25,0.0,287.467,289.044,260.014,211.872594329841,0.125,-1.125,-181.367,0.06349598242767703,5.163908348577895
2022-03-10,1223.22998046875,1217.6171351841517,1203.25966796875,-0.8012265734751667,2680.320068359375,4259.52001953125,30.229999542236328,98.51000213623047,1.25,106.1,105.93,0.25,0.0,287.467,289.044,260.014,211.872594329841,0.125,-1.125,-181.367,0.06860634871635067,3.898654253891287
2022-03-11,1228.5999755859375,1220.847133091518,1204.334334309896,0.43900126737652645,2661.280029296875,4204.31005859375,30.75,99.12000274658203,1.25,106.1,109.31,0.25,0.0,287.467,289.044,260.014,211.872594329841,0.125,-1.125,-181.367,0.06931653862683888,4.354770662853036
2022-03-12,1228.5999755859375,1224.0771309988838,1205.4866658528647,0.0,2661.280029296875,4204.31005859375,30.75,99.12000274658203,1.25,106.1,109.31,0.25,0.0,287.467,289.044,260.014,211.872594329841,0.125,-1.125,-181.367,0.06885055719225686,4.354770662853036
2022-03-13,1228.5999755859375,1227.30712890625,1206.4616658528646,0.0,2661.280029296875,4204.31005859375,30.75,99.12000274658203,1.25,106.1,109.31,0.25,0.0,287.467,289.044,260.014,211.872594329841,0.125,-1.125,-181.367,0.06809224750119856,4.209607209351884
2022-03-14,1236.8900146484375,1230.1899937220983,1207.7130004882813,0.6747549427995381,2645.64990234375,4173.10986328125,31.770000457763672,99.05999755859375,1.25,106.1,103.22,0.25,0.0,287.467,289.044,260.014,211.872594329841,0.125,-1.125,-181.367,0.07016934238405141,4.370098736766392
2022-03-15,1242.050048828125,1231.5828508649554,1209.136336263021,0.4171780933290181,2621.530029296875,4262.4501953125,29.829999923706055,99.06999969482422,1.25,106.1,96.42,0.25,0.0,287.467,289.044,260.014,211.872594329841,0.125,-1.125,-181.367,0.07067334745879125,4.882503340819677
2022-03-16,1241.6800537109375,1232.8071463448662,1210.551005045573,-0.029789066675423026,2659.22998046875,4357.85986328125,26.670000076293945,98.37999725341797,1.25,106.1,94.85,0.25,0.0,287.467,289.044,260.014,211.872594329841,0.125,-1.125,-181.367,0.07070801268338132,4.836206359013895
2022-03-17,1223.0,1232.7742919921875,1211.405672200521,-1.5044176360173855,2694.510009765625,4411.669921875,25.670000076293945,98.01000213623047,1.25,106.1,102.97,0.5,0.25,287.467,289.044,260.014,211.872594329841,0.375,-0.875,-181.367,0.08465383996974549,3.1066875882029166
2022-03-18,1210.3299560546875,1230.1642892020088,1211.8556722005208,-1.0359806987172981,2707.02001953125,4463.1201171875,23.8700008392334,98.2300033569336,1.25,106.1,104.69,0.5,0.25,287.467,289.044,260.014,211.872594329841,0.375,-0.875,-181.367,0.09051432665723455,2.0385222057023977
2022-03-19,1210.3299560546875,1227.5542864118304,1212.3083374023438,0.0,2707.02001953125,4463.1201171875,23.8700008392334,98.2300033569336,1.25,106.1,104.69,0.5,0.25,287.467,289.044,260.014,211.872594329841,0.375,-0.875,-181.367,0.09051160593884648,2.0385222057023977
2022-03-20,1210.3299560546875,1224.9442836216517,1212.697334798177,0.0,2707.02001953125,4463.1201171875,23.8700008392334,98.2300033569336,1.25,106.1,104.69,0.5,0.25,287.467,289.044,260.014,211.872594329841,0.375,-0.875,-181.367,0.09044528071099021,2.0178812288254244
2022-03-21,1210.3699951171875,1221.1557094029017,1213.087666829427,0.0033081113377075866,2686.050048828125,4461.18017578125,23.530000686645508,98.5,1.25,106.1,112.14,0.5,0.25,287.467,289.044,260.014,211.872594329841,0.375,-0.875,-181.367,0.09044425499151426,1.7015090985011083
2022-03-22,1219.780029296875,1217.9742780412946,1213.7916666666667,0.7774510453538053,2710.0,4511.60986328125,22.940000534057617,98.48999786376953,1.25,106.1,111.03,0.5,0.25,287.467,289.044,260.014,211.872594329841,0.375,-0.875,-181.367,0.09296219831762902,2.3932449653054633
2022-03-23,1214.949951171875,1214.1556919642858,1214.4543334960938,-0.3959794396522609,2735.050048828125,4456.240234375,23.56999969482422,98.62000274658203,1.25,106.1,114.89,0.5,0.25,287.467,289.044,260.014,211.872594329841,0.375,-0.875,-181.367,0.0933276257021317,2.2883160202470387
2022-03-24,1218.010009765625,1213.442836216518,1215.2319986979167,0.2518670494038311,2729.659912109375,4520.16015625,21.670000076293945,98.79000091552734,1.25,106.1,114.2,0.5,0.25,287.467,289.044,260.014,211.872594329841,0.375,-0.875,-181.367,0.09345521105090417,2.74230364956769
2022-03-25,1217.550048828125,1214.4742780412946,1216.0609985351562,-0.037763313422067846,2729.97998046875,4543.06005859375,20.809999465942383,98.80999755859375,1.25,106.1,116.2,0.5,0.25,287.467,289.044,260.014,211.872594329841,0.375,-0.875,-181.367,0.09324895566817577,2.7035047514234467
2022-03-26,1217.550048828125,1215.5057198660713,1216.8993326822917,0.0,2729.97998046875,4543.06005859375,20.809999465942383,98.80999755859375,1.25,106.1,116.2,0.5,0.25,287.467,289.044,260.014,211.872594329841,0.375,-0.875,-181.367,0.09323087787813396,2.7035047514234467
2022-03-27,1217.550048828125,1216.5371616908483,1217.284334309896,0.0,2729.97998046875,4543.06005859375,20.809999465942383,98.80999755859375,1.25,106.1,116.2,0.5,0.25,287.467,289.044,260.014,211.872594329841,0.375,-0.875,-181.367,0.0875509975540603,2.6671279437681106
2022-03-28,1224.3800048828125,1218.5385916573662,1217.8970011393228,0.5609589569858908,2729.56005859375,4575.52001953125,19.6299991607666,99.08999633789062,1.25,106.1,107.55,0.5,0.25,287.467,289.044,260.014,211.872594329841,0.375,-0.875,-181.367,0.0888655665279409,3.2665609303968113
2022-03-29,1223.6600341796875,1219.0928780691963,1218.4856689453125,-0.058802879845620826,2741.070068359375,4631.60009765625,18.899999618530273,98.4000015258789,1.25,106.1,104.25,0.5,0.25,287.467,289.044,260.014,211.872594329841,0.375,-0.875,-181.367,0.0889117669798057,3.0146954017560734
2022-03-30,1209.1300048828125,1218.2614571707588,1218.8703369140626,-1.187423703562862,2746.739990234375,4602.4501953125,19.329999923706055,97.79000091552734,1.25,106.1,107.81,0.5,0.25,287.467,289.044,260.014,211.872594329841,0.375,-0.875,-181.367,0.09350703827612505,2.150933958980583
2022-03-31,1210.43994140625,1217.1800188337054,1219.1873331705729,0.10833711165445514,2757.64990234375,4530.41015625,20.559999465942383,98.30999755859375,1.25,106.1,100.53,0.5,0.25,287.467,289.044,260.014,211.872594329841,0.375,-0.875,-181.367,0.09324861900078424,1.7270442229809113
2022-04-01,1214.5,1216.7442975725446,1219.4916666666666,0.3354200778465044,2739.85009765625,4545.85986328125,19.6299991607666,98.62999725341797,1.5,106.83,99.32,0.5,0.25,288.582,290.474,265.31,228.73523262177,0.375,-1.125,-181.752,0.0931446605221129,2.0682571539045735
2022-04-02,1214.5,1216.3085763113838,1219.869999186198,0.0,2739.85009765625,4545.85986328125,19.6299991607666,98.62999725341797,1.5,106.83,99.32,0.5,0.25,288.582,290.474,265.31,228.73523262177,0.375,-1.125,-181.752,0.0929348391106107,2.0682571539045735
2022-04-03,1214.5,1215.8728550502233,1220.1536661783855,0.0,2739.85009765625,4545.85986328125,19.6299991607666,98.62999725341797,1.5,106.83,99.32,0.5,0.25,288.582,290.474,265.31,228.73523262177,0.375,-1.125,-181.752,0.09273821629817254,2.2495723150811164
2022-04-04,1218.780029296875,1215.0728585379463,1220.5800008138021,0.3524108107760382,2757.89990234375,4582.64013671875,18.56999969482422,98.98999786376953,1.5,106.83,103.29,0.5,0.25,288.582,290.474,265.31,228.73523262177,0.375,-1.125,-181.752,0.09321657305254313,2.017274458636664
2022-04-05,1213.9000244140625,1213.6785714285713,1220.8436686197917,-0.4004007914067853,2759.199951171875,4525.1201171875,21.030000686645508,99.47000122070312,1.5,106.83,101.98,0.5,0.25,288.582,290.474,265.31,228.73523262177,0.375,-1.125,-181.752,0.09407250421104797,1.4542435782751717
2022-04-06,1218.75,1215.0528564453125,1220.911669921875,0.3995366577473014,2735.030029296875,4481.14990234375,22.100000381469727,99.5999984741211,1.5,106.83,96.39,0.5,0.25,288.582,290.474,265.31,228.73523262177,0.375,-1.125,-181.752,0.09118550563592209,1.6260162601626105
2022-04-07,1217.5999755859375,1216.075718470982,1220.4216674804688,-0.09436097756410078,2695.860107421875,4500.2099609375,21.549999237060547,99.75,1.5,106.83,96.05,0.5,0.25,288.582,290.474,265.31,228.73523262177,0.375,-1.125,-181.752,0.08281432899160651,0.9802738477892259
2022-04-08,1222.6600341796875,1217.2414376395088,1220.0733357747397,0.41557643686014334,2700.389892578125,4488.27978515625,21.15999984741211,99.80000305175781,1.5,106.83,98.35,0.5,0.25,288.582,290.474,265.31,228.73523262177,0.375,-1.125,-181.752,0.08381229976200553,1.3999240717774697
2022-04-09,1222.6600341796875,1218.4071568080358,1220.054337565104,0.0,2700.389892578125,4488.27978515625,21.15999984741211,99.80000305175781,1.5,106.83,98.35,0.5,0.25,288.582,290.474,265.31,228.73523262177,0.375,-1.125,-181.752,0.08053368879157578,1.3999240717774697
2022-04-10,1222.6600341796875,1219.5728759765625,1219.856339518229,0.0,2700.389892578125,4488.27978515625,21.15999984741211,99.80000305175781,1.5,106.83,98.35,0.5,0.25,288.582,290.474,265.31,228.73523262177,0.375,-1.125,-181.752,0.07945056311040422,2.153935999574097
2022-04-11,1228.239990234375,1220.9242989676338,1219.8443400065105,0.45637837981931106,2693.10009765625,4412.52978515625,24.3700008392334,99.93000030517578,1.5,106.83,94.22,0.5,0.25,288.582,290.474,265.31,228.73523262177,0.375,-1.125,-181.752,0.08061758986190681,2.516507547362634
2022-04-12,1235.050048828125,1223.9457310267858,1220.0593424479166,0.5544566736058298,2666.760009765625,4397.4501953125,24.260000228881836,100.29000091552734,1.5,106.83,100.52,0.5,0.25,288.582,290.474,265.31,228.73523262177,0.375,-1.125,-181.752,0.08220197782951566,3.83545001026806
2022-04-13,1228.5999755859375,1225.3528703962054,1219.7830078125,-0.5222519725664232,2716.489990234375,4446.58984375,21.81999969482422,99.87999725341797,1.5,106.83,104.26,0.5,0.25,288.582,290.474,265.31,228.73523262177,0.375,-1.125,-181.752,0.08121610901865281,3.602385614668191
2022-04-14,1223.1199951171875,1226.1414446149554,1219.1520060221353,-0.44603455784186785,2716.7099609375,4392.58984375,22.700000762939453,100.31999969482422,1.5,106.83,106.84,0.5,0.25,288.582,290.474,265.31,228.73523262177,0.375,-1.125,-181.752,0.08102098207611741,3.0768331816125816
2022-04-15,1230.0999755859375,1227.2042933872767,1218.7660034179687,0.5706701302091943,2696.06005859375,4392.58984375,22.700000762939453,100.31999969482422,1.5,106.83,106.84,0.5,0.25,288.582,290.474,265.31,228.73523262177,0.375,-1.125,-181.752,0.08299558425033363,3.6650618797456014
2022-04-16,1230.0999755859375,1228.2671421595983,1219.0026692708334,0.0,2696.06005859375,4392.58984375,22.700000762939453,100.31999969482422,1.5,106.83,106.84,0.5,0.25,288.582,290.474,265.31,228.73523262177,0.375,-1.125,-181.752,0.07024374778445766,3.6650618797456014
2022-04-17,1230.0999755859375,1229.3299909319196,1219.661669921875,0.0,2696.06005859375,4392.58984375,22.700000762939453,100.31999969482422,1.5,106.83,106.84,0.5,0.25,288.582,290.474,265.31,228.73523262177,0.375,-1.125,-181.752,0.06272178620552793,3.4601682142431756
2022-04-18,1228.0899658203125,1229.308558872768,1220.2536702473958,-0.1634021466155655,2693.2099609375,4391.68994140625,22.170000076293945,100.77999877929688,1.5,106.83,108.24,0.5,0.25,288.582,290.474,265.31,228.73523262177,0.375,-1.125,-181.752,0.06302385867779182,3.195629241729292
2022-04-19,1235.3499755859375,1229.3514055524554,1221.0876708984374,0.5911626971706108,2718.889892578125,4462.2099609375,21.3700008392334,100.95999908447266,1.5,106.83,102.54,0.5,0.25,288.582,290.474,265.31,228.73523262177,0.375,-1.125,-181.752,0.06492211451111159,3.5516099021661196
2022-04-20,1239.5999755859375,1230.9228341238838,1222.0620035807292,0.34403206249178364,2718.68994140625,4459.4501953125,20.31999969482422,100.38999938964844,1.5,106.83,102.56,0.5,0.25,288.582,290.474,265.31,228.73523262177,0.375,-1.125,-181.752,0.06537183763294409,4.329378192034916
2022-04-21,1234.0899658203125,1232.4899727957588,1222.5390014648438,-0.4444990217929434,2728.2099609375,4393.66015625,22.68000030517578,100.58000183105469,1.5,106.83,103.89,0.5,0.25,288.582,290.474,265.31,228.73523262177,0.375,-1.125,-181.752,0.06361932797532248,3.4936986014169946
2022-04-22,1242.489990234375,1234.259974888393,1223.4570027669272,0.6806654819917268,2704.7099609375,4271.77978515625,28.209999084472656,101.22000122070312,1.5,106.83,102.86,0.5,0.25,288.582,290.474,265.31,228.73523262177,0.375,-1.125,-181.752,0.06485346059602845,4.198144483833421
2022-04-23,1242.489990234375,1236.0299769810267,1224.2730021158854,0.0,2704.7099609375,4271.77978515625,28.209999084472656,101.22000122070312,1.5,106.83,102.86,0.5,0.25,288.582,290.474,265.31,228.73523262177,0.375,-1.125,-181.752,0.06466900410476051,4.198144483833421
2022-04-24,1242.489990234375,1237.7999790736608,1225.1043334960937,0.0,2704.7099609375,4271.77978515625,28.209999084472656,101.22000122070312,1.5,106.83,102.86,0.5,0.25,288.582,290.474,265.31,228.73523262177,0.375,-1.125,-181.752,0.06462501188490227,4.2794788278955
2022-04-25,1243.1600341796875,1239.952845982143,1225.9579996744792,0.05392751254165162,2657.1298828125,4296.1201171875,27.020000457763672,101.75,1.5,106.83,99.6,0.5,0.25,288.582,290.474,265.31,228.73523262177,0.375,-1.125,-181.752,0.06459429605434072,3.972701156026215
2022-04-26,1249.2099609375,1241.9328438895088,1227.013330078125,0.4866571150515364,2668.31005859375,4175.2001953125,33.52000045776367,102.30000305175781,1.5,106.83,102.62,0.5,0.25,288.582,290.474,265.31,228.73523262177,0.375,-1.125,-181.752,0.06566567621840129,4.440263057905791
2022-04-27,1260.7099609375,1244.9485560825892,1228.2243286132812,0.920581836488843,2639.06005859375,4183.9599609375,31.600000381469727,102.94999694824219,1.5,106.83,101.96,0.5,0.25,288.582,290.474,265.31,228.73523262177,0.375,-1.125,-181.752,0.06868184024722346,5.004035865366507
2022-04-28,1266.280029296875,1249.5471365792412,1229.6449951171876,0.44181996906194065,2667.489990234375,4287.5,29.989999771118164,103.62000274658203,1.5,106.83,105.47,0.5,0.25,288.582,290.474,265.31,228.73523262177,0.375,-1.125,-181.752,0.06921651665365895,5.219954996295684
2022-04-29,1272.2900390625,1253.8042864118304,1231.7503295898437,0.47461932799826023,2695.050048828125,4131.93017578125,33.400001525878906,102.95999908447266,1.5,106.83,104.59,0.5,0.25,288.582,290.474,265.31,228.73523262177,0.375,-1.125,-181.752,0.05787007434002151,5.719349239619165
2022-04-30,1272.2900390625,1258.0614362444196,1233.8119995117188,0.0,2695.050048828125,4131.93017578125,33.400001525878906,102.95999908447266,1.5,106.83,104.59,0.5,0.25,288.582,290.474,265.31,228.73523262177,0.375,-1.125,-181.752,0.05805609877681901,5.719349239619165
2022-05-01,1272.2900390625,1262.3185860770088,1235.7383341471354,0.0,2695.050048828125,4131.93017578125,33.400001525878906,102.95999908447266,1.75,107.5,104.59,0.5,0.25,291.299,292.039,273.251,228.73523262177,0.375,-1.375,-183.79899999999998,0.058023951299511045,5.347316840449756
2022-05-02,1262.530029296875,1265.085728236607,1237.339335123698,-0.7671214476234312,2687.449951171875,4155.3798828125,32.34000015258789,103.73999786376953,1.75,107.5,105.18,0.5,0.25,291.299,292.039,273.251,228.73523262177,0.375,-1.375,-183.79899999999998,0.06378638041452213,4.763843800807965
2022-05-03,1266.75,1267.5914481026787,1239.0810017903646,0.334247154935019,2680.4599609375,4175.47998046875,29.25,103.47000122070312,1.75,107.5,102.53,0.5,0.25,291.299,292.039,273.251,228.73523262177,0.375,-1.375,-183.79899999999998,0.06392922359301724,5.343035343035352
2022-05-04,1261.06005859375,1267.6414620535713,1240.4903361002605,-0.4491763494178014,2677.570068359375,4300.169921875,25.420000076293945,102.58999633789062,1.75,107.5,107.84,0.5,0.25,291.299,292.039,273.251,228.73523262177,0.375,-1.375,-183.79899999999998,0.06582223393076007,5.091844698594272
2022-05-05,1251.5,1265.530029296875,1241.7436686197916,-0.7580970096230599,2677.570068359375,4146.8701171875,31.200000762939453,103.75,1.75,107.5,108.17,1.0,0.75,291.299,292.039,273.251,228.73523262177,0.875,-0.875,-183.79899999999998,0.06899401115119344,4.262998160397591
2022-05-06,1268.699951171875,1265.0171595982142,1243.4086669921876,1.3743468774970014,2644.510009765625,4123.33984375,30.190000534057617,103.66000366210938,1.75,107.5,109.72,1.0,0.75,291.299,292.039,273.251,228.73523262177,0.875,-0.875,-183.79899999999998,0.07785477168812546,5.695933419999766
2022-05-07,1268.699951171875,1264.5042898995537,1245.1119995117188,0.0,2644.510009765625,4123.33984375,30.190000534057617,103.66000366210938,1.75,107.5,109.72,1.0,0.75,291.299,292.039,273.251,228.73523262177,0.875,-0.875,-183.79899999999998,0.07766085445926423,5.695933419999766
2022-05-08,1268.699951171875,1263.991420200893,1246.6466634114583,0.0,2644.510009765625,4123.33984375,30.190000534057617,103.66000366210938,1.75,107.5,109.72,1.0,0.75,291.299,292.039,273.251,228.73523262177,0.875,-0.875,-183.79899999999998,0.07730464316903063,5.982005312565741
2022-05-09,1270.1300048828125,1265.0771309988838,1248.2289957682292,0.11271803940848812,2644.510009765625,3991.239990234375,34.75,103.6500015258789,1.75,107.5,103.08,1.0,0.75,291.299,292.039,273.251,228.73523262177,0.875,-0.875,-183.79899999999998,0.07721595983495759,6.122741428891243
2022-05-10,1274.8599853515625,1266.2357003348213,1249.968994140625,0.37240128573976516,2596.56005859375,4001.050048828125,32.9900016784668,103.91999816894531,1.75,107.5,99.74,1.0,0.75,291.299,292.039,273.251,228.73523262177,0.875,-0.875,-183.79899999999998,0.07743276023812876,6.5615701762987255
2022-05-11,1276.550048828125,1268.4485560825892,1251.5793294270834,0.1325685562321821,2592.27001953125,3935.179931640625,32.560001373291016,103.8499984741211,1.75,107.5,105.5,1.0,0.75,291.299,292.039,273.251,228.73523262177,0.875,-0.875,-183.79899999999998,0.07685182792728923,6.911050602290403
2022-05-12,1278.1500244140625,1272.2557024274554,1253.015995279948,0.12533590730785527,2550.080078125,3930.080078125,31.770000457763672,104.8499984741211,1.75,107.5,106.15,1.0,0.75,291.299,292.039,273.251,228.73523262177,0.875,-0.875,-183.79899999999998,0.07579043990763328,6.57022974379331
2022-05-13,1290.75,1275.4057094029017,1255.0876627604166,0.9857978598180273,2604.239990234375,4023.889892578125,28.8700008392334,104.55999755859375,1.75,107.5,110.52,1.0,0.75,291.299,292.039,273.251,228.73523262177,0.875,-0.875,-183.79899999999998,0.07735011448095304,7.62079678781078
2022-05-14,1290.75,1278.5557163783483,1257.3419962565104,0.0,2604.239990234375,4023.889892578125,28.8700008392334,104.55999755859375,1.75,107.5,110.52,1.0,0.75,291.299,292.039,273.251,228.73523262177,0.875,-0.875,-183.79899999999998,0.07533853864598498,7.62079678781078
2022-05-15,1290.75,1281.7057233537946,1259.363663736979,0.0,2604.239990234375,4023.889892578125,28.8700008392334,104.55999755859375,1.75,107.5,110.52,1.0,0.75,291.299,292.039,273.251,228.73523262177,0.875,-0.875,-183.79899999999998,0.07458303549688808,7.630666964978428
2022-05-16,1277.5699462890625,1282.7685721261162,1260.94599609375,-1.021115917949833,2596.580078125,4008.010009765625,27.469999313354492,104.19000244140625,1.75,107.5,114.07,1.0,0.75,291.299,292.039,273.251,228.73523262177,0.875,-0.875,-183.79899999999998,0.08200788478915998,6.69890107559834
2022-05-17,1279.8499755859375,1283.4814278738838,1262.6043294270833,0.17846610304961263,2620.43994140625,4088.85009765625,26.100000381469727,103.36000061035156,1.75,107.5,112.31,1.0,0.75,291.299,292.039,273.251,228.73523262177,0.875,-0.875,-183.79899999999998,0.0819297023808586,6.9366595572960765
2022-05-18,1266.6600341796875,1282.068568638393,1263.889998372396,-1.0305849636955577,2625.97998046875,3923.679931640625,30.959999084472656,103.80999755859375,1.75,107.5,109.67,1.0,0.75,291.299,292.039,273.251,228.73523262177,0.875,-0.875,-183.79899999999998,0.08827044019796694,5.841657336928141
2022-05-19,1275.5799560546875,1281.701416015625,1265.2309977213542,0.7042080459084499,2592.340087890625,3900.7900390625,29.350000381469727,102.72000122070312,1.75,107.5,112.21,1.0,0.75,291.299,292.039,273.251,228.73523262177,0.875,-0.875,-183.79899999999998,0.08887065208307408,6.417159134503114
2022-05-20,1263.550048828125,1277.815708705357,1266.0293334960938,-0.943093152997676,2639.2900390625,3901.360107421875,29.43000030517578,103.1500015258789,1.75,107.5,112.63,1.0,0.75,291.299,292.039,273.251,228.73523262177,0.875,-0.875,-183.79899999999998,0.093608252341233,5.413546193090979
2022-05-21,1263.550048828125,1273.9300013950892,1267.011336263021,0.0,2639.2900390625,3901.360107421875,29.43000030517578,103.1500015258789,1.75,107.5,112.63,1.0,0.75,291.299,292.039,273.251,228.73523262177,0.875,-0.875,-183.79899999999998,0.09238236491708483,5.413546193090979
2022-05-22,1263.550048828125,1270.0442940848213,1267.7133382161458,0.0,2639.2900390625,3901.360107421875,29.43000030517578,103.1500015258789,1.75,107.5,112.63,1.0,0.75,291.299,292.039,273.251,228.73523262177,0.875,-0.875,-183.79899999999998,0.09062826607487258,5.730217110028346
2022-05-23,1273.2099609375,1269.4214390345983,1268.7373372395834,0.7645056971296027,2647.3798828125,3973.75,28.479999542236328,102.08000183105469,1.75,107.5,110.32,1.0,0.75,291.299,292.039,273.251,228.73523262177,0.875,-0.875,-183.79899999999998,0.09288640042918861,6.573300272540039
2022-05-24,1258.8199462890625,1266.4171491350446,1269.281669108073,-1.1302153682368088,2605.8701171875,3941.47998046875,29.450000762939453,101.86000061035156,1.75,107.5,112.55,1.0,0.75,291.299,292.039,273.251,228.73523262177,0.875,-0.875,-183.79899999999998,0.09931826184304873,5.545484924673261
2022-05-25,1260.989990234375,1265.607142857143,1269.8760009765624,0.17238715923668657,2617.219970703125,3978.72998046875,28.3700008392334,102.05999755859375,1.75,107.5,112.88,1.0,0.75,291.299,292.039,273.251,228.73523262177,0.875,-0.875,-183.79899999999998,0.09938639103251116,5.752261356587707
2022-05-26,1266.5999755859375,1264.3242885044642,1270.4556681315105,0.44488738174042197,2612.449951171875,4057.840087890625,27.5,101.83000183105469,1.75,107.5,116.19,1.0,0.75,291.299,292.039,273.251,228.73523262177,0.875,-0.875,-183.79899999999998,0.09923394939179535,5.024873597507251
2022-05-27,1258.8900146484375,1263.6585693359375,1270.3950032552084,-0.6087131759128117,2638.050048828125,4158.240234375,25.719999313354492,101.66999816894531,1.75,107.5,114.96,1.0,0.75,291.299,292.039,273.251,228.73523262177,0.875,-0.875,-183.79899999999998,0.0974305880733754,4.3855733539334585
2022-05-28,1258.8900146484375,1262.9928501674108,1270.1486694335938,0.0,2638.050048828125,4158.240234375,25.719999313354492,101.66999816894531,1.75,107.5,114.96,1.0,0.75,291.299,292.039,273.251,228.73523262177,0.875,-0.875,-183.79899999999998,0.09651497460897598,4.3855733539334585
2022-05-29,1258.8900146484375,1262.3271309988838,1269.702001953125,0.0,2638.050048828125,4158.240234375,25.719999313354492,101.66999816894531,1.75,107.5,114.96,1.0,0.75,291.299,292.039,273.251,228.73523262177,0.875,-0.875,-183.79899999999998,0.0953847577890453,5.118617438159334
2022-05-30,1251.5899658203125,1259.238560267857,1269.0119995117188,-0.5798797943570633,2669.659912109375,4158.240234375,25.719999313354492,101.66999816894531,1.75,107.5,114.96,1.0,0.75,291.299,292.039,273.251,228.73523262177,0.875,-0.875,-183.79899999999998,0.09667940835311677,4.218389901462882
2022-05-31,1236.1700439453125,1256.0028599330358,1267.807999674479,-1.2320266457947815,2685.89990234375,4132.14990234375,26.190000534057617,101.75,1.75,107.5,114.38,1.0,0.75,291.299,292.039,273.251,228.73523262177,0.875,-0.875,-183.79899999999998,0.1025120935760222,2.555236064684907
2022-06-01,1241.739990234375,1253.2528599330358,1267.1149983723958,0.450580914522547,2685.89990234375,4101.22998046875,25.690000534057617,102.55000305175781,1.75,108.21,115.26,1.0,0.75,295.072,294.009,280.251,228.73523262177,0.875,-0.875,-186.86200000000002,0.10163481192081042,3.20741096598538
2022-06-02,1246.949951171875,1250.4457135881696,1266.4549967447917,0.4195693928256805,2658.989990234375,4176.81982421875,24.719999313354492,101.7699966430664,1.75,108.21,116.88,1.0,0.75,295.072,294.009,280.251,228.73523262177,0.875,-0.875,-186.86200000000002,0.10194716463574842,3.3963765262711387
2022-06-03,1240.8399658203125,1247.8671351841517,1265.7809936523438,-0.48999443368359374,2670.64990234375,4108.5400390625,24.790000915527344,102.13999938964844,1.75,108.21,118.97,1.0,0.75,295.072,294.009,280.251,228.73523262177,0.875,-0.875,-186.86200000000002,0.10209263106119398,2.889740036661892
2022-06-04,1240.8399658203125,1245.2885567801338,1265.4256591796875,0.0,2670.64990234375,4108.5400390625,24.790000915527344,102.13999938964844,1.75,108.21,118.97,1.0,0.75,295.072,294.009,280.251,228.73523262177,0.875,-0.875,-186.86200000000002,0.09987586032806259,2.889740036661892
2022-06-05,1240.8399658203125,1242.7099783761162,1264.4969930013021,0.0,2670.64990234375,4108.5400390625,24.790000915527344,102.13999938964844,1.75,108.21,118.97,1.0,0.75,295.072,294.009,280.251,228.73523262177,0.875,-0.875,-186.86200000000002,0.09064009202901925,1.9832175010895625
2022-06-06,1250.530029296875,1242.558558872768,1263.8913289388022,0.7809277379421387,2670.64990234375,4121.43017578125,25.06999969482422,102.44000244140625,1.75,108.21,118.41,1.0,0.75,295.072,294.009,280.251,228.73523262177,0.875,-0.875,-186.86200000000002,0.09394769186187485,1.4793459179106572
2022-06-07,1254.47998046875,1245.1742640904017,1263.4173299153647,0.315862160790803,2626.340087890625,4160.68017578125,24.020000457763672,102.31999969482422,1.75,108.21,119.55,1.0,0.75,295.072,294.009,280.251,228.73523262177,0.875,-0.875,-186.86200000000002,0.09452741634839527,1.733016143819066
2022-06-08,1254.5799560546875,1247.008544921875,1262.898994954427,0.007969484367542634,2626.14990234375,4115.77001953125,23.959999084472656,102.54000091552734,1.75,108.21,121.94,1.0,0.75,295.072,294.009,280.251,228.73523262177,0.875,-0.875,-186.86200000000002,0.09443306370360813,2.5628848284052097
2022-06-09,1256.739990234375,1248.4071219308037,1262.2949951171875,0.17217190257687864,2625.43994140625,4017.820068359375,26.09000015258789,103.22000122070312,1.75,108.21,121.52,1.0,0.75,295.072,294.009,280.251,228.73523262177,0.875,-0.875,-186.86200000000002,0.09385095320354424,2.2904130886879592
2022-06-10,1264.02001953125,1251.7185581752233,1261.8773274739583,0.5792788765731416,2595.8701171875,3900.860107421875,27.75,104.1500015258789,1.75,108.21,120.73,1.0,0.75,295.072,294.009,280.251,228.73523262177,0.875,-0.875,-186.86200000000002,0.09546866231548352,2.8829598444701343
2022-06-11,1264.02001953125,1255.029994419643,1261.4063273111979,0.0,2595.8701171875,3900.860107421875,27.75,104.1500015258789,1.75,108.21,120.73,1.0,0.75,295.072,294.009,280.251,228.73523262177,0.875,-0.875,-186.86200000000002,0.09535921844679683,2.8829598444701343
2022-06-12,1264.02001953125,1258.3414306640625,1260.5153279622396,0.0,2595.8701171875,3900.860107421875,27.75,104.1500015258789,1.75,108.21,120.73,1.0,0.75,295.072,294.009,280.251,228.73523262177,0.875,-0.875,-186.86200000000002,0.0903343522018339,2.193404794404752
2022-06-13,1278.280029296875,1262.3057163783483,1260.0996622721354,1.1281474616923637,2504.510009765625,3749.6298828125,34.02000045776367,105.08000183105469,1.75,108.21,120.92,1.0,0.75,295.072,294.009,280.251,228.73523262177,0.875,-0.875,-186.86200000000002,0.09676267444304669,2.916950126360285
2022-06-14,1291.800048828125,1267.6371547154017,1260.1346638997395,1.0576727494277405,2492.969970703125,3735.47998046875,32.689998626708984,105.5199966430664,1.75,108.21,118.92,1.0,0.75,295.072,294.009,280.251,228.73523262177,0.875,-0.875,-186.86200000000002,0.10177850990377428,4.036466154658491
2022-06-15,1289.47998046875,1272.6228724888392,1260.5316650390625,-0.17959964945656326,2447.3798828125,3789.989990234375,29.6200008392334,105.16000366210938,1.75,108.21,115.32,1.0,0.75,295.072,294.009,280.251,228.73523262177,0.875,-0.875,-186.86200000000002,0.0972288910435069,5.435811976185612
2022-06-16,1278.1600341796875,1275.6828787667412,1260.4753336588542,-0.8778690992121918,2451.409912109375,3666.77001953125,32.95000076293945,103.62999725341797,1.75,108.21,117.56,1.75,1.5,295.072,294.009,280.251,228.73523262177,1.625,-0.125,-186.86200000000002,0.10061439683227492,5.60426334865789
2022-06-17,1288.1800537109375,1279.134312220982,1261.1926676432292,0.7839409200179448,2440.929931640625,3674.840087890625,31.1299991607666,104.69999694824219,1.75,108.21,109.56,1.75,1.5,295.072,294.009,280.251,228.73523262177,1.625,-0.125,-186.86200000000002,0.09821785798512185,6.432138382331543
2022-06-18,1288.1800537109375,1282.5857456752233,1261.6126708984375,0.0,2440.929931640625,3674.840087890625,31.1299991607666,104.69999694824219,1.75,108.21,109.56,1.75,1.5,295.072,294.009,280.251,228.73523262177,1.625,-0.125,-186.86200000000002,0.09629366051962474,6.432138382331543
2022-06-19,1288.1800537109375,1286.0371791294642,1262.4336710611979,0.0,2440.929931640625,3674.840087890625,31.1299991607666,104.69999694824219,1.75,108.21,109.56,1.75,1.5,295.072,294.009,280.251,228.73523262177,1.625,-0.125,-186.86200000000002,0.09174528831878763,6.428617605165976
2022-06-20,1290.5,1287.7828892299108,1263.3320027669272,0.1800948774497213,2391.030029296875,3674.840087890625,31.1299991607666,104.69999694824219,1.75,108.21,109.56,1.75,1.5,295.072,294.009,280.251,228.73523262177,1.625,-0.125,-186.86200000000002,0.09178120318812662,5.797764269340466
2022-06-21,1292.3800048828125,1287.8657400948662,1264.2930013020834,0.14568034737021396,2408.929931640625,3764.7900390625,30.190000534057617,104.44000244140625,1.75,108.21,110.49,1.75,1.5,295.072,294.009,280.251,228.73523262177,1.625,-0.125,-186.86200000000002,0.091779026970144,6.373106450702148
2022-06-22,1291.5999755859375,1288.1685965401787,1264.9060017903646,-0.060356032585462405,2342.81005859375,3759.889892578125,28.950000762939453,104.19999694824219,1.75,108.21,106.22,1.75,1.5,295.072,294.009,280.251,228.73523262177,1.625,-0.125,-186.86200000000002,0.0894937239620054,6.041819462097275
2022-06-23,1297.6800537109375,1290.9571707589287,1266.2013387044271,0.4707400309636789,2314.320068359375,3795.72998046875,29.049999237060547,104.43000030517578,1.75,108.21,105.75,1.75,1.5,295.072,294.009,280.251,228.73523262177,1.625,-0.125,-186.86200000000002,0.08294654982377146,6.5812493671152605
2022-06-24,1299.81005859375,1292.6186000279017,1267.495340983073,0.16413944845043993,2366.60009765625,3911.739990234375,27.229999542236328,104.19000244140625,1.75,108.21,109.07,1.75,1.5,295.072,294.009,280.251,228.73523262177,1.625,-0.125,-186.86200000000002,0.08294087413212956,6.756191241978038
2022-06-25,1299.81005859375,1294.280029296875,1268.60234375,0.0,2366.60009765625,3911.739990234375,27.229999542236328,104.19000244140625,1.75,108.21,109.07,1.75,1.5,295.072,294.009,280.251,228.73523262177,1.625,-0.125,-186.86200000000002,0.08234483204473221,6.756191241978038
2022-06-26,1299.81005859375,1295.9414585658483,1269.9663452148438,0.0,2366.60009765625,3911.739990234375,27.229999542236328,104.19000244140625,1.75,108.21,109.07,1.75,1.5,295.072,294.009,280.251,228.73523262177,1.625,-0.125,-186.86200000000002,0.07971998087548648,6.160673435544806
2022-06-27,1288.2900390625,1295.6257498604912,1270.9463460286458,-0.8862848425494896,2401.919921875,3900.110107421875,26.950000762939453,103.94000244140625,1.75,108.21,111.44,1.75,1.5,295.072,294.009,280.251,228.73523262177,1.625,-0.125,-186.86200000000002,0.08474253489550104,5.28169614742211
2022-06-28,1286.199951171875,1294.742885044643,1271.8566772460938,-0.16223737103067126,2422.090087890625,3821.550048828125,28.360000610351562,104.51000213623047,1.75,108.21,113.66,1.75,1.5,295.072,294.009,280.251,228.73523262177,1.625,-0.125,-186.86200000000002,0.08500294517411627,6.3739999816258
2022-06-29,1292.030029296875,1294.8043212890625,1273.204679361979,0.453279299201359,2377.989990234375,3818.830078125,28.15999984741211,105.11000061035156,1.75,108.21,111.65,1.75,1.5,295.072,294.009,280.251,228.73523262177,1.625,-0.125,-186.86200000000002,0.08336627188189889,6.740531694272778
2022-06-30,1301.72998046875,1295.3828822544642,1275.390010579427,0.7507527651778867,2332.639892578125,3785.3798828125,28.709999084472656,104.69000244140625,1.75,108.21,107.76,1.75,1.5,295.072,294.009,280.251,228.73523262177,1.625,-0.125,-186.86200000000002,0.07507851524908365,7.182377971902021
2022-07-01,1287.7099609375,1293.654296875,1276.922342936198,-1.0770297789562622,2305.419921875,3825.330078125,26.700000762939453,105.13999938964844,2.25,108.73,110.3,1.75,1.5,294.94,295.08,272.274,230.461208164273,1.625,-0.625,-186.20999999999998,0.08283319659813668,6.027991843351166
2022-07-02,1287.7099609375,1291.9257114955358,1278.2810099283854,0.0,2305.419921875,3825.330078125,26.700000762939453,105.13999938964844,2.25,108.73,110.3,1.75,1.5,294.94,295.08,272.274,230.461208164273,1.625,-0.625,-186.20999999999998,0.08241746200532536,6.027991843351166
2022-07-03,1287.7099609375,1290.1971261160713,1279.8433430989583,0.0,2305.419921875,3825.330078125,26.700000762939453,105.13999938964844,2.25,108.73,110.3,1.75,1.5,294.94,295.08,272.274,230.461208164273,1.625,-0.625,-186.20999999999998,0.08052694413657902,5.655649910869576
2022-07-04,1297.8900146484375,1291.5685511997767,1281.745011393229,0.7905548624882908,2300.340087890625,3825.330078125,26.700000762939453,105.13999938964844,2.25,108.73,110.3,1.75,1.5,294.94,295.08,272.274,230.461208164273,1.625,-0.625,-186.20999999999998,0.0826919142720519,6.919020392549724
2022-07-05,1295.6800537109375,1292.9228515625,1283.5730143229166,-0.17027336003494487,2341.780029296875,3831.389892578125,27.540000915527344,106.5,2.25,108.73,101.55,1.75,1.5,294.94,295.08,272.274,230.461208164273,1.625,-0.625,-186.20999999999998,0.08310877537245127,6.312209535256419
2022-07-06,1308.6600341796875,1295.2985665457588,1285.5106811523438,1.0017890166306387,2292.010009765625,3845.080078125,26.729999542236328,107.0999984741211,2.25,108.73,100.31,1.75,1.5,294.94,295.08,272.274,230.461208164273,1.625,-0.625,-186.20999999999998,0.08480515520812452,7.478651479927123
2022-07-07,1304.8499755859375,1295.7442801339287,1287.1896809895834,-0.2911419692080863,2334.27001953125,3902.6201171875,26.079999923706055,107.12999725341797,2.25,108.73,104.62,1.75,1.5,294.94,295.08,272.274,230.461208164273,1.625,-0.625,-186.20999999999998,0.08561280226306377,6.722223603341493
2022-07-08,1297.6500244140625,1297.1642892020088,1288.625349934896,-0.5517838300638234,2350.610107421875,3899.3798828125,24.639999389648438,107.01000213623047,2.25,108.73,106.78,1.75,1.5,294.94,295.08,272.274,230.461208164273,1.625,-0.625,-186.20999999999998,0.08782993181356986,6.133347630413688
2022-07-09,1297.6500244140625,1298.5842982700892,1289.9890177408854,0.0,2350.610107421875,3899.3798828125,24.639999389648438,107.01000213623047,2.25,108.73,106.78,1.75,1.5,294.94,295.08,272.274,230.461208164273,1.625,-0.625,-186.20999999999998,0.08787267742750855,6.133347630413688
2022-07-10,1297.6500244140625,1300.0043073381696,1291.110017903646,0.0,2350.610107421875,3899.3798828125,24.639999389648438,107.01000213623047,2.25,108.73,106.78,1.75,1.5,294.94,295.08,272.274,230.461208164273,1.625,-0.625,-186.20999999999998,0.08677177748060341,5.651178493743925
2022-07-11,1293.7900390625,1299.4185965401787,1292.1023518880208,-0.29745966007325153,2340.27001953125,3854.429931640625,26.170000076293945,108.0199966430664,2.25,108.73,106.09,1.75,1.5,294.94,295.08,272.274,230.461208164273,1.625,-0.625,-186.20999999999998,0.08746244911648261,4.756081770946063
2022-07-12,1310.8599853515625,1301.587158203125,1293.6636840820313,1.319375306168813,2317.760009765625,3818.800048828125,27.290000915527344,108.06999969482422,2.25,108.73,97.69,1.75,1.5,294.94,295.08,272.274,230.461208164273,1.625,-0.625,-186.20999999999998,0.09450161199326042,6.6954266156805
2022-07-13,1305.8299560546875,1301.182861328125,1294.5820149739584,-0.38371979868818684,2328.610107421875,3801.780029296875,26.81999969482422,107.95999908447266,2.25,108.73,98.44,1.75,1.5,294.94,295.08,272.274,230.461208164273,1.625,-0.625,-186.20999999999998,0.09060749998327798,6.762211497456194
2022-07-14,1304.8499755859375,1301.182861328125,1295.0170125325521,-0.07504656055761227,2322.320068359375,3790.3798828125,26.399999618530273,108.54000091552734,2.25,108.73,97.79,1.75,1.5,294.94,295.08,272.274,230.461208164273,1.625,-0.625,-186.20999999999998,0.0857229825983948,6.076741848921197
2022-07-15,1316.1800537109375,1303.8300083705358,1295.9070149739584,0.8683050417280569,2330.97998046875,3863.159912109375,24.229999542236328,108.05999755859375,2.25,108.73,99.59,1.75,1.5,294.94,295.08,272.274,230.461208164273,1.625,-0.625,-186.20999999999998,0.08877026783758248,6.997811546496235
2022-07-16,1316.1800537109375,1306.4771554129463,1297.1743489583334,0.0,2330.97998046875,3863.159912109375,24.229999542236328,108.05999755859375,2.25,108.73,99.59,1.75,1.5,294.94,295.08,272.274,230.461208164273,1.625,-0.625,-186.20999999999998,0.0841522445706266,6.997811546496235
2022-07-17,1316.1800537109375,1309.124302455357,1298.1076822916666,0.0,2330.97998046875,3863.159912109375,24.229999542236328,108.05999755859375,2.25,108.73,99.59,1.75,1.5,294.94,295.08,272.274,230.461208164273,1.625,-0.625,-186.20999999999998,0.08163820524143081,7.172934421932564
2022-07-18,1318.1199951171875,1312.6000104631696,1299.1056803385416,0.1473917949736725,2375.25,3830.85009765625,25.299999237060547,107.37000274658203,2.25,108.73,104.48,1.75,1.5,294.94,295.08,272.274,230.461208164273,1.625,-0.625,-186.20999999999998,0.08163547555982167,6.700127183957849
2022-07-19,1318.9100341796875,1313.7500174386162,1300.1300130208333,0.05993680889651021,2370.969970703125,3936.68994140625,24.5,106.68000030517578,2.25,108.73,106.12,1.75,1.5,294.94,295.08,272.274,230.461208164273,1.625,-0.625,-186.20999999999998,0.08160425705238385,6.398036475941482
2022-07-20,1305.5,1313.702880859375,1300.6300130208333,-1.016751243994296,2386.85009765625,3959.89990234375,23.8799991607666,107.08000183105469,2.25,108.73,104.45,1.75,1.5,294.94,295.08,272.274,230.461208164273,1.625,-0.625,-186.20999999999998,0.08748757394348414,5.786452864659708
2022-07-21,1312.8699951171875,1314.848597935268,1301.3130126953124,0.5645342870308268,2409.159912109375,3998.949951171875,23.110000610351562,106.91000366210938,2.25,108.73,98.44,1.75,1.5,294.94,295.08,272.274,230.461208164273,1.625,-0.625,-186.20999999999998,0.0887602180144164,5.664432344403547
2022-07-22,1306.8499755859375,1313.5157296316963,1301.8213460286458,-0.4585388921705569,2393.139892578125,3961.6298828125,23.030000686645508,106.7300033569336,2.25,108.73,97.71,1.75,1.5,294.94,295.08,272.274,230.461208164273,1.625,-0.625,-186.20999999999998,0.08994812012113763,5.179919826913215
2022-07-23,1306.8499755859375,1312.182861328125,1302.1270100911458,0.0,2393.139892578125,3961.6298828125,23.030000686645508,106.7300033569336,2.25,108.73,97.71,1.75,1.5,294.94,295.08,272.274,230.461208164273,1.625,-0.625,-186.20999999999998,0.08902230437858877,5.179919826913215
2022-07-24,1306.8499755859375,1310.8499930245537,1302.3616739908855,0.0,2393.139892578125,3961.6298828125,23.030000686645508,106.7300033569336,2.25,108.73,97.71,1.75,1.5,294.94,295.08,272.274,230.461208164273,1.625,-0.625,-186.20999999999998,0.08892642142546027,5.123229484148961
2022-07-25,1309.3199462890625,1309.5928431919642,1302.6786702473958,0.18900185555097426,2403.68994140625,3966.840087890625,23.360000610351562,106.4800033569336,2.25,108.73,99.83,1.75,1.5,294.94,295.08,272.274,230.461208164273,1.625,-0.625,-186.20999999999998,0.08905898220605152,4.811840061413819
2022-07-26,1310.4000244140625,1308.3771275111608,1303.031669108073,0.0824915352478417,2412.9599609375,3921.050048828125,24.690000534057617,107.19000244140625,2.25,108.73,97.74,1.75,1.5,294.94,295.08,272.274,230.461208164273,1.625,-0.625,-186.20999999999998,0.08907028942191549,3.9414349863319487
2022-07-27,1310.9000244140625,1309.1485595703125,1303.7853352864583,0.038156287445390014,2415.530029296875,4023.610107421875,23.239999771118164,106.44999694824219,2.25,108.73,100.03,1.75,1.5,294.94,295.08,272.274,230.461208164273,1.625,-0.625,-186.20999999999998,0.08474403438399486,3.5237067698180136
2022-07-28,1305.949951171875,1308.1599818638392,1304.4436686197917,-0.3776087535279471,2435.27001953125,4072.429931640625,22.329999923706055,106.3499984741211,2.25,108.73,99.11,2.5,2.25,294.94,295.08,272.274,230.461208164273,2.375,0.125,-186.20999999999998,0.08546033270215425,2.6456162569800323
2022-07-29,1295.1500244140625,1306.488560267857,1304.5476684570312,-0.8269786103304644,2451.5,4130.2900390625,21.329999923706055,105.9000015258789,2.25,108.73,101.31,2.5,2.25,294.94,295.08,272.274,230.461208164273,2.375,0.125,-186.20999999999998,0.08824904336587536,1.796758966092904
2022-07-30,1295.1500244140625,1304.817138671875,1304.3283365885416,0.0,2451.5,4130.2900390625,21.329999923706055,105.9000015258789,2.25,108.73,101.31,2.5,2.25,294.94,295.08,272.274,230.461208164273,2.375,0.125,-186.20999999999998,0.08540626356265668,1.796758966092904
2022-07-31,1295.1500244140625,1303.145717075893,1304.5763387044271,0.0,2451.5,4130.2900390625,21.329999923706055,105.9000015258789,2.25,108.73,101.31,2.5,2.25,294.94,295.08,272.274,230.461208164273,2.375,0.125,-186.20999999999998,0.07925677394259943,2.5837005346600828
2022-08-01,1302.280029296875,1302.1400146484375,1305.0620076497396,0.5505157509484881,2452.25,4118.6298828125,22.84000015258789,105.44999694824219,2.5,108.63,96.59,2.5,2.25,295.162,296.582,269.546,230.461208164273,2.375,-0.125,-186.53199999999998,0.08072600358686365,2.8048177854252954
2022-08-02,1306.75,1301.6185825892858,1305.6966756184895,0.34324189902061875,2439.6201171875,4091.18994140625,23.93000030517578,106.23999786376953,2.5,108.63,97.14,2.5,2.25,295.162,296.582,269.546,230.461208164273,2.375,-0.125,-186.53199999999998,0.08119440695741784,3.623137620994865
2022-08-03,1314.6300048828125,1302.1514369419642,1306.2546752929688,0.6030231400659947,2461.449951171875,4155.169921875,21.950000762939453,106.51000213623047,2.5,108.63,93.25,2.5,2.25,295.162,296.582,269.546,230.461208164273,2.375,-0.125,-186.53199999999998,0.0798797752318557,5.044347174016184
2022-08-04,1307.3800048828125,1302.3557303292412,1306.6446736653645,-0.5514859673879324,2473.110107421875,4151.93994140625,21.440000534057617,105.69000244140625,2.5,108.63,91.29,2.5,2.25,295.162,296.582,269.546,230.461208164273,2.375,-0.125,-186.53199999999998,0.0815154984924839,3.048794450981851
2022-08-05,1302.0799560546875,1303.3457205636162,1306.4253377278646,-0.4053946678341691,2490.800048828125,4145.18994140625,21.149999618530273,106.62000274658203,2.5,108.63,91.77,2.5,2.25,295.162,296.582,269.546,230.461208164273,2.375,-0.125,-186.53199999999998,0.07703607282803372,2.631040133010165
2022-08-06,1302.0799560546875,1304.3357107979912,1306.3330037434896,0.0,2490.800048828125,4145.18994140625,21.149999618530273,106.62000274658203,2.5,108.63,91.77,2.5,2.25,295.162,296.582,269.546,230.461208164273,2.375,-0.125,-186.53199999999998,0.0765922360687384,2.631040133010165
2022-08-07,1302.0799560546875,1305.3257010323662,1306.4806681315104,0.0,2490.800048828125,4145.18994140625,21.149999618530273,106.62000274658203,2.5,108.63,91.77,2.5,2.25,295.162,296.582,269.546,230.461208164273,2.375,-0.125,-186.53199999999998,0.07482444073195989,2.515486686327262
2022-08-08,1302.739990234375,1305.3914097377233,1306.6503336588542,0.05069075647914367,2493.10009765625,4140.06005859375,21.290000915527344,106.44000244140625,2.5,108.63,93.52,2.5,2.25,295.162,296.582,269.546,230.461208164273,2.375,-0.125,-186.53199999999998,0.07483154445837875,2.18690720574497
2022-08-09,1299.030029296875,1304.2885567801338,1306.6963338216146,-0.28478138118970264,2503.4599609375,4122.47021484375,21.770000457763672,106.37000274658203,2.5,108.63,93.18,2.5,2.25,295.162,296.582,269.546,230.461208164273,2.375,-0.125,-186.53199999999998,0.07533176059042385,1.7609948383446872
2022-08-10,1307.56005859375,1303.278564453125,1307.1553344726562,0.6566460439326516,2480.8798828125,4210.240234375,19.739999771118164,105.19999694824219,2.5,108.63,94.68,2.5,2.25,295.162,296.582,269.546,230.461208164273,2.375,-0.125,-186.53199999999998,0.07706247524452395,2.3009845180865796
2022-08-11,1296.699951171875,1301.7528424944196,1306.6833333333334,-0.8305627990468634,2523.780029296875,4207.27001953125,20.200000762939453,105.08999633789062,2.5,108.63,97.02,2.5,2.25,295.162,296.582,269.546,230.461208164273,2.375,-0.125,-186.53199999999998,0.07090600165712008,0.46096851999806177
2022-08-12,1306.8299560546875,1302.4314139229912,1306.7166666666667,0.7812142565176705,2527.93994140625,4280.14990234375,19.530000686645508,105.62999725341797,2.5,108.63,94.86,2.5,2.25,295.162,296.582,269.546,230.461208164273,2.375,-0.125,-186.53199999999998,0.07390574751459597,1.2457839283120276
2022-08-13,1306.8299560546875,1303.1099853515625,1306.782666015625,0.0,2527.93994140625,4280.14990234375,19.530000686645508,105.62999725341797,2.5,108.63,94.86,2.5,2.25,295.162,296.582,269.546,230.461208164273,2.375,-0.125,-186.53199999999998,0.07386834806080986,1.2457839283120276
2022-08-14,1306.8299560546875,1303.7885567801338,1306.47099609375,0.0,2527.93994140625,4280.14990234375,19.530000686645508,105.62999725341797,2.5,108.63,94.86,2.5,2.25,295.162,296.582,269.546,230.461208164273,2.375,-0.125,-186.53199999999998,0.06920073750211038,2.2902863244878446
2022-08-15,1301.3800048828125,1303.594273158482,1305.9776611328125,-0.4170359844159366,2527.93994140625,4297.14013671875,19.950000762939453,106.55000305175781,2.5,108.63,92.24,2.5,2.25,295.162,296.582,269.546,230.461208164273,2.375,-0.125,-186.53199999999998,0.07013044041060477,1.6822307073153686
2022-08-16,1313.1800537109375,1305.6157052176338,1305.8776611328126,0.906733527782122,2533.52001953125,4305.2001953125,19.690000534057617,106.5,2.5,108.63,89.23,2.5,2.25,295.162,296.582,269.546,230.461208164273,2.375,-0.125,-186.53199999999998,0.07527814528579638,3.6726523515346665
2022-08-17,1311.0,1306.1071254185267,1305.6403279622396,-0.16601331285659437,2516.469970703125,4274.0400390625,19.899999618530273,106.56999969482422,2.5,108.63,90.85,2.5,2.25,295.162,296.582,269.546,230.461208164273,2.375,-0.125,-186.53199999999998,0.07526934877528953,2.776779595601764
2022-08-18,1314.8299560546875,1308.6971261160713,1305.504325358073,0.2921400499380278,2508.050048828125,4283.740234375,19.559999465942383,107.4800033569336,2.5,108.63,93.2,2.5,2.25,295.162,296.582,269.546,230.461208164273,2.375,-0.125,-186.53199999999998,0.07577466895684087,4.058399370418431
2022-08-19,1326.9100341796875,1311.565708705357,1306.2179931640626,0.9187559250055211,2492.68994140625,4228.47998046875,20.600000381469727,108.16999816894531,2.5,108.63,93.55,2.5,2.25,295.162,296.582,269.546,230.461208164273,2.375,-0.125,-186.53199999999998,0.07415864856372872,5.014442080100068
2022-08-20,1326.9100341796875,1314.434291294643,1306.6859944661458,0.0,2492.68994140625,4228.47998046875,20.600000381469727,108.16999816894531,2.5,108.63,93.55,2.5,2.25,295.162,296.582,269.546,230.461208164273,2.375,-0.125,-186.53199999999998,0.07257811760588652,5.014442080100068
2022-08-21,1326.9100341796875,1317.3028738839287,1307.3546630859375,0.0,2492.68994140625,4228.47998046875,20.600000381469727,108.16999816894531,2.5,108.63,93.55,2.5,2.25,295.162,296.582,269.546,230.461208164273,2.375,-0.125,-186.53199999999998,0.07106138077627909,4.217691888197805
2022-08-22,1334.8599853515625,1322.085728236607,1308.288330078125,0.5991326440446754,2462.5,4137.990234375,23.799999237060547,109.05000305175781,2.5,108.63,93.42,2.5,2.25,295.162,296.582,269.546,230.461208164273,2.375,-0.125,-186.53199999999998,0.07278291532374699,6.040581044704774
2022-08-23,1343.3599853515625,1326.3971470424108,1309.5053304036458,0.6367709043103353,2435.340087890625,4128.72998046875,24.110000610351562,108.62000274658203,2.5,108.63,96.46,2.5,2.25,295.162,296.582,269.546,230.461208164273,2.375,-0.125,-186.53199999999998,0.07455583982580419,6.532168832036311
2022-08-24,1339.0799560546875,1330.4085693359375,1310.4973307291666,-0.31860628152884374,2447.449951171875,4140.77001953125,22.81999969482422,108.68000030517578,2.5,108.63,95.52,2.5,2.25,295.162,296.582,269.546,230.461208164273,2.375,-0.125,-186.53199999999998,0.07543395405013027,5.722405010723319
2022-08-25,1340.0,1334.0042898995537,1311.4839965820313,0.0687071702591302,2477.260009765625,4199.1201171875,21.780000686645508,108.47000122070312,2.5,108.63,93.33,2.5,2.25,295.162,296.582,269.546,230.461208164273,2.375,-0.125,-186.53199999999998,0.07543398671951093,6.442976305139214
2022-08-26,1334.43994140625,1335.0799909319196,1312.268660481771,-0.4149297458022394,2481.030029296875,4057.659912109375,25.559999465942383,108.80000305175781,2.5,108.63,93.63,2.5,2.25,295.162,296.582,269.546,230.461208164273,2.375,-0.125,-186.53199999999998,0.07676061733472332,6.0013127341319805
2022-08-27,1334.43994140625,1336.1556919642858,1313.2183268229167,0.0,2481.030029296875,4057.659912109375,25.559999465942383,108.80000305175781,2.5,108.63,93.63,2.5,2.25,295.162,296.582,269.546,230.461208164273,2.375,-0.125,-186.53199999999998,0.0756602425300231,6.0013127341319805
2022-08-28,1334.43994140625,1337.2313929966517,1314.5279907226563,0.0,2481.030029296875,4057.659912109375,25.559999465942383,108.80000305175781,2.5,108.63,93.63,2.5,2.25,295.162,296.582,269.546,230.461208164273,2.375,-0.125,-186.53199999999998,0.0707487076685461,6.61957812450471
2022-08-29,1341.1800537109375,1338.1342599051338,1316.062325032552,0.5050892209944369,2426.889892578125,4030.610107421875,26.209999084472656,108.83999633789062,2.5,108.63,97.4,2.5,2.25,295.162,296.582,269.546,230.461208164273,2.375,-0.125,-186.53199999999998,0.07163341632850727,8.494786803802423
2022-08-30,1345.72998046875,1338.4728306361608,1317.7483235677084,0.3392480185805846,2450.929931640625,3986.159912109375,26.209999084472656,108.7699966430664,2.5,108.63,92.08,2.5,2.25,295.162,296.582,269.546,230.461208164273,2.375,-0.125,-186.53199999999998,0.07182455757901843,8.374538232818551
2022-08-31,1350.18994140625,1340.0599714006696,1319.345320638021,0.3314157373492277,2472.050048828125,3955.0,25.8700008392334,108.69999694824219,2.5,108.63,90.09,2.5,2.25,295.162,296.582,269.546,230.461208164273,2.375,-0.125,-186.53199999999998,0.07098238132376043,8.279401281290454
2022-09-01,1342.260009765625,1340.3828299386162,1320.5289876302083,-0.5873197094303451,2415.610107421875,3966.85009765625,25.559999465942383,109.69000244140625,2.5,108.82,87.09,2.5,2.25,296.421,298.281,267.898,230.461208164273,2.375,-0.125,-187.601,0.07353384063914621,8.17349914082306
2022-09-02,1355.0999755859375,1343.334263392857,1321.8779866536458,0.9565930391202349,2409.409912109375,3924.260009765625,25.469999313354492,109.52999877929688,2.5,108.82,87.29,2.5,2.25,296.421,298.281,267.898,230.461208164273,2.375,-0.125,-187.601,0.07633611726247498,9.208279303776967
2022-09-03,1355.0999755859375,1346.2856968470983,1323.46865234375,0.0,2409.409912109375,3924.260009765625,25.469999313354492,109.52999877929688,2.5,108.82,87.29,2.5,2.25,296.421,298.281,267.898,230.461208164273,2.375,-0.125,-187.601,0.07386557879248493,9.208279303776967
2022-09-04,1355.0999755859375,1349.2371303013392,1325.235986328125,0.0,2409.409912109375,3924.260009765625,25.469999313354492,109.52999877929688,2.5,108.82,87.29,2.5,2.25,296.421,298.281,267.898,230.461208164273,2.375,-0.125,-187.601,0.07227429230121264,8.362049997940325
2022-09-05,1361.510009765625,1352.1414097377233,1327.2169881184896,0.4730303516473633,2403.679931640625,3924.260009765625,25.469999313354492,109.52999877929688,2.5,108.82,87.29,2.5,2.25,296.421,298.281,267.898,230.461208164273,2.375,-0.125,-187.601,0.07280977028018001,8.531824418344414
2022-09-06,1361.81005859375,1354.4385637555804,1329.2079915364584,0.022037945073694054,2410.02001953125,3908.18994140625,26.90999984741211,110.20999908447266,2.5,108.82,87.35,2.5,2.25,296.421,298.281,267.898,230.461208164273,2.375,-0.125,-187.601,0.07277313708910432,8.547091958672137
2022-09-07,1378.1099853515625,1358.4271414620537,1331.7203247070313,1.1969310003954847,2376.4599609375,3979.8701171875,24.639999389648438,109.83999633789062,2.5,108.82,82.5,2.5,2.25,296.421,298.281,267.898,230.461208164273,2.375,-0.125,-187.601,0.07874316571216487,9.657526302998654
2022-09-08,1374.31005859375,1363.0057198660713,1334.2296590169271,-0.2757346509497327,2384.280029296875,4006.179931640625,23.610000610351562,109.70999908447266,2.5,108.82,84.04,2.5,2.25,296.421,298.281,267.898,230.461208164273,2.375,-0.125,-187.601,0.07869630448891266,8.725339579937973
2022-09-09,1383.0,1366.9914376395088,1336.7443237304688,0.6323130178601755,2384.280029296875,4067.360107421875,22.790000915527344,109.0,2.5,108.82,87.27,2.5,2.25,296.421,298.281,267.898,230.461208164273,2.375,-0.125,-187.601,0.07857375733889632,9.412824055814607
2022-09-10,1383.0,1370.9771554129463,1339.6209920247395,0.0,2384.280029296875,4067.360107421875,22.790000915527344,109.0,2.5,108.82,87.27,2.5,2.25,296.421,298.281,267.898,230.461208164273,2.375,-0.125,-187.601,0.07268124928773897,9.412824055814607
2022-09-11,1383.0,1374.9628731863838,1342.1599934895833,0.0,2384.280029296875,4067.360107421875,22.790000915527344,109.0,2.5,108.82,87.27,2.5,2.25,296.421,298.281,267.898,230.461208164273,2.375,-0.125,-187.601,0.07090729434871194,8.192255867497744
2022-09-12,1379.06005859375,1377.4700230189733,1344.5676635742188,-0.28488368808748943,2384.280029296875,4110.41015625,23.8700008392334,108.33000183105469,2.5,108.82,88.18,2.5,2.25,296.421,298.281,267.898,230.461208164273,2.375,-0.125,-187.601,0.07204218236724434,6.754916122257781
2022-09-13,1375.81005859375,1379.4700230189733,1346.8670003255208,-0.23566776368783016,2449.5400390625,3932.68994140625,27.270000457763672,109.81999969482422,2.5,108.82,87.84,2.5,2.25,296.421,298.281,267.898,230.461208164273,2.375,-0.125,-187.601,0.07287419764479797,6.6949529603101965
2022-09-14,1393.469970703125,1381.664306640625,1349.9366658528645,1.2836010319204672,2411.419921875,3946.010009765625,26.15999984741211,109.66000366210938,2.5,108.82,88.88,2.5,2.25,296.421,298.281,267.898,230.461208164273,2.375,-0.125,-187.601,0.07744208492386295,9.021557038234462
2022-09-15,1391.1800537109375,1384.0743059430804,1352.5366658528646,-0.16433199425403,2401.830078125,3901.35009765625,26.270000457763672,109.73999786376953,2.5,108.82,85.72,2.5,2.25,296.421,298.281,267.898,230.461208164273,2.375,-0.125,-187.601,0.07549787882051096,7.995776654302467
2022-09-16,1398.6300048828125,1386.307163783482,1355.457666015625,0.5355130812868092,2382.780029296875,3873.330078125,26.299999237060547,109.76000213623047,2.5,108.82,85.57,2.5,2.25,296.421,298.281,267.898,230.461208164273,2.375,-0.125,-187.601,0.07533175427194708,8.57410816552353
2022-09-17,1398.6300048828125,1388.5400216238838,1358.2510009765624,0.0,2382.780029296875,3873.330078125,26.299999237060547,109.76000213623047,2.5,108.82,85.57,2.5,2.25,296.421,298.281,267.898,230.461208164273,2.375,-0.125,-187.601,0.07555402262978363,8.57410816552353
2022-09-18,1398.6300048828125,1390.7728794642858,1360.6416666666667,0.0,2382.780029296875,3873.330078125,26.299999237060547,109.76000213623047,2.5,108.82,85.57,2.5,2.25,296.421,298.281,267.898,230.461208164273,2.375,-0.125,-187.601,0.0726731558251681,8.378923276467454
2022-09-19,1385.22998046875,1391.654296875,1362.5856648763022,-0.9580821494806435,2355.659912109375,3899.889892578125,25.760000228881836,109.73999786376953,2.5,108.82,86.15,2.5,2.25,296.421,298.281,267.898,230.461208164273,2.375,-0.125,-187.601,0.07966520746194879,7.184417526976272
2022-09-20,1390.1099853515625,1393.6971435546875,1364.6923299153646,0.35228842514376524,2367.85009765625,3855.929931640625,27.15999984741211,110.22000122070312,2.5,108.82,84.69,2.5,2.25,296.421,298.281,267.898,230.461208164273,2.375,-0.125,-187.601,0.07976343643976345,7.626975195701413
2022-09-21,1392.510009765625,1393.5600062779017,1366.6139973958334,0.17264996578350011,2347.2099609375,3789.929931640625,27.989999771118164,110.63999938964844,2.5,108.82,83.38,2.5,2.25,296.421,298.281,267.898,230.461208164273,2.375,-0.125,-187.601,0.07865663680376306,7.30765305234562
2022-09-22,1397.56005859375,1394.471435546875,1368.4206665039062,0.3626579911605088,2332.31005859375,3757.989990234375,27.350000381469727,111.3499984741211,2.5,108.82,84.02,3.25,3.0,296.421,298.281,267.898,230.461208164273,3.125,0.625,-187.601,0.07755246021091337,7.520329555362459
2022-09-23,1403.6600341796875,1395.1900111607142,1370.5733357747397,0.43647323407878247,2290.0,3693.22998046875,29.920000076293945,113.19000244140625,2.5,108.82,79.07,3.25,3.0,296.421,298.281,267.898,230.461208164273,3.125,0.625,-187.601,0.0768151259540844,7.989627015064937
2022-09-24,1403.6600341796875,1395.9085867745537,1372.6953369140624,0.0,2290.0,3693.22998046875,29.920000076293945,113.19000244140625,2.5,108.82,79.07,3.25,3.0,296.421,298.281,267.898,230.461208164273,3.125,0.625,-187.601,0.0769104771658582,7.989627015064937
2022-09-25,1403.6600341796875,1396.627162388393,1375.0026733398438,0.0,2290.0,3693.22998046875,29.920000076293945,113.19000244140625,2.5,108.82,79.07,3.25,3.0,296.421,298.281,267.898,230.461208164273,3.125,0.625,-187.601,0.07515423938105618,8.955281157117634
2022-09-26,1421.81005859375,1401.8528878348213,1377.9150105794272,1.293049881887498,2220.93994140625,3655.0400390625,32.2599983215332,114.0999984741211,2.5,108.82,77.17,3.25,3.0,296.421,298.281,267.898,230.461208164273,3.125,0.625,-187.601,0.08167652434028028,10.543470111184394
2022-09-27,1429.77001953125,1407.5186070033483,1381.0926798502603,0.5598469985064636,2223.860107421875,3647.2900390625,32.599998474121094,114.11000061035156,2.5,108.82,78.91,3.25,3.0,296.421,298.281,267.898,230.461208164273,3.125,0.625,-187.601,0.08201946340785307,10.660742174029302
2022-09-28,1426.260009765625,1412.3400355747767,1383.9286783854166,-0.24549471017554225,2169.2900390625,3719.0400390625,30.18000030517578,112.5999984741211,2.5,108.82,82.61,3.25,3.0,296.421,298.281,267.898,230.461208164273,3.125,0.625,-187.601,0.08272615134865963,9.566502359577832
2022-09-29,1421.949951171875,1415.8243059430804,1386.469344075521,-0.3021930478481427,2170.929931640625,3640.469970703125,31.84000015258789,112.25,2.5,108.82,81.78,3.25,3.0,296.421,298.281,267.898,230.461208164273,3.125,0.625,-187.601,0.08391238641027916,10.424706984222087
2022-09-30,1430.1700439453125,1419.6114501953125,1389.1353474934897,0.5780859422417128,2155.489990234375,3585.6201171875,31.6200008392334,112.12000274658203,2.5,108.82,79.91,3.25,3.0,296.421,298.281,267.898,230.461208164273,3.125,0.625,-187.601,0.08458782494263102,11.063056692059469
2022-10-01,1430.1700439453125,1423.3985944475446,1392.0656819661458,0.0,2155.489990234375,3585.6201171875,31.6200008392334,112.12000274658203,3.0,109.16,79.91,3.25,3.0,297.979,299.381,265.061,192.598951685629,3.125,0.125,-188.819,0.08153513335983628,11.063056692059469
2022-10-02,1430.1700439453125,1427.1857386997767,1394.568017578125,0.0,2155.489990234375,3585.6201171875,31.6200008392334,112.12000274658203,3.0,109.16,79.91,3.25,3.0,297.979,299.381,265.061,192.598951685629,3.125,0.125,-188.819,0.07861517678270508,10.191929038972237
2022-10-03,1439.22998046875,1429.6742989676338,1397.3723510742188,0.6334866655747007,2155.489990234375,3678.429931640625,30.100000381469727,111.75,3.0,109.16,84.05,3.25,3.0,297.979,299.381,265.061,192.598951685629,3.125,0.125,-188.819,0.07948643108697491,11.079118363107732
2022-10-04,1433.3399658203125,1430.184291294643,1399.980350748698,-0.4092476343856566,2209.3798828125,3790.929931640625,29.06999969482422,110.06999969482422,3.0,109.16,86.87,3.25,3.0,297.979,299.381,265.061,192.598951685629,3.125,0.125,-188.819,0.08125627684709182,9.527297264700119
2022-10-05,1416.530029296875,1428.7942940848213,1401.8143513997395,-1.1727808422488994,2215.219970703125,3783.280029296875,28.549999237060547,111.06999969482422,3.0,109.16,88.22,3.25,3.0,297.979,299.381,265.061,192.598951685629,3.125,0.125,-188.819,0.08980071670219397,8.558842457025605
2022-10-06,1416.760009765625,1428.0528738839287,1403.646016438802,0.01623548135185615,2237.860107421875,3744.52001953125,30.520000457763672,112.26000213623047,3.0,109.16,88.9,3.25,3.0,297.979,299.381,265.061,192.598951685629,3.125,0.125,-188.819,0.08980714265402058,9.178899018273068
2022-10-07,1408.449951171875,1424.9500034877233,1404.6573486328125,-0.5865537237407459,2232.840087890625,3639.659912109375,31.360000610351562,112.80000305175781,3.0,109.16,93.07,3.25,3.0,297.979,299.381,265.061,192.598951685629,3.125,0.125,-188.819,0.08626121942353983,8.538506120542234
2022-10-08,1408.449951171875,1421.847133091518,1405.7953450520833,0.0,2232.840087890625,3639.659912109375,31.360000610351562,112.80000305175781,3.0,109.16,93.07,3.25,3.0,297.979,299.381,265.061,192.598951685629,3.125,0.125,-188.819,0.08565773515386434,8.538506120542234
2022-10-09,1408.449951171875,1418.7442626953125,1406.6436767578125,0.0,2232.840087890625,3639.659912109375,31.360000610351562,112.80000305175781,3.0,109.16,93.07,3.25,3.0,297.979,299.381,265.061,192.598951685629,3.125,0.125,-188.819,0.08408152154106764,8.862327630259026
2022-10-10,1415.97998046875,1415.4228341238838,1407.743009440104,0.534632365928922,2232.840087890625,3612.389892578125,32.45000076293945,113.13999938964844,3.0,109.16,91.6,3.25,3.0,297.979,299.381,265.061,192.598951685629,3.125,0.125,-188.819,0.08515896472582322,8.019162709356408
2022-10-11,1428.3499755859375,1414.7099783761162,1409.2546752929688,0.8735995768169413,2192.070068359375,3588.840087890625,33.630001068115234,113.22000122070312,3.0,109.16,89.75,3.25,3.0,297.979,299.381,265.061,192.598951685629,3.125,0.125,-188.819,0.08815720612875455,9.382540120416639
2022-10-12,1430.800048828125,1416.7485525948662,1410.9793416341147,0.17153171730075467,2202.469970703125,3577.030029296875,33.56999969482422,113.31999969482422,3.0,109.16,87.83,3.25,3.0,297.979,299.381,265.061,192.598951685629,3.125,0.125,-188.819,0.08737371172343503,9.652456266907627
2022-10-13,1423.9000244140625,1417.7685546875,1412.5823404947917,-0.48224938346304036,2162.8701171875,3669.909912109375,31.940000534057617,112.36000061035156,3.0,109.16,89.59,3.25,3.0,297.979,299.381,265.061,192.598951685629,3.125,0.125,-188.819,0.0885409800035893,8.18428834257221
2022-10-14,1430.300048828125,1420.8899972098213,1413.810009765625,0.4494714730197469,2212.550048828125,3583.070068359375,32.02000045776367,113.30999755859375,3.0,109.16,86.1,3.25,3.0,297.979,299.381,265.061,192.598951685629,3.125,0.125,-188.819,0.08204548130783686,8.670545856961521
2022-10-15,1430.300048828125,1424.011439732143,1415.1140096028646,0.0,2212.550048828125,3583.070068359375,32.02000045776367,113.30999755859375,3.0,109.16,86.1,3.25,3.0,297.979,299.381,265.061,192.598951685629,3.125,0.125,-188.819,0.08174348907860396,8.670545856961521
2022-10-16,1430.300048828125,1427.1328822544642,1416.169677734375,0.0,2212.550048828125,3583.070068359375,32.02000045776367,113.30999755859375,3.0,109.16,86.1,3.25,3.0,297.979,299.381,265.061,192.598951685629,3.125,0.125,-188.819,0.08069547242004521,8.510610120967343
2022-10-17,1440.760009765625,1430.672886439732,1417.5740112304688,0.7313123526822229,2219.7099609375,3677.949951171875,31.3700008392334,112.04000091552734,3.0,109.16,86.0,3.25,3.0,297.979,299.381,265.061,192.598951685629,3.125,0.125,-188.819,0.08285241236309188,9.238687433424797
2022-10-18,1430.1500244140625,1430.9300362723213,1418.6246785481771,-0.7364158693777489,2249.949951171875,3719.97998046875,30.5,112.12999725341797,3.0,109.16,83.29,3.25,3.0,297.979,299.381,265.061,192.598951685629,3.125,0.125,-188.819,0.08630421348213337,9.54806774523651
2022-10-19,1425.02001953125,1430.1043178013392,1419.9510131835937,-0.3587039677822812,2237.43994140625,3695.159912109375,30.760000228881836,112.9800033569336,3.0,109.16,86.0,3.25,3.0,297.979,299.381,265.061,192.598951685629,3.125,0.125,-188.819,0.08169013055692936,8.542355665920432
2022-10-20,1435.010009765625,1431.6914585658483,1421.4476806640625,0.7010420974760123,2218.090087890625,3665.780029296875,29.979999542236328,112.87999725341797,3.0,109.16,86.02,3.25,3.0,297.979,299.381,265.061,192.598951685629,3.125,0.125,-188.819,0.08325234449847448,9.806790111636632
2022-10-21,1430.31005859375,1431.6928885323662,1422.7076822916667,-0.3275204451460678,2213.1201171875,3752.75,29.690000534057617,112.01000213623047,3.0,109.16,85.47,3.25,3.0,297.979,299.381,265.061,192.598951685629,3.125,0.125,-188.819,0.08416847056984422,9.447150423862393
2022-10-22,1430.31005859375,1431.6943184988838,1423.7993489583334,0.0,2213.1201171875,3752.75,29.690000534057617,112.01000213623047,3.0,109.16,85.47,3.25,3.0,297.979,299.381,265.061,192.598951685629,3.125,0.125,-188.819,0.08380564002573654,9.447150423862393
2022-10-23,1430.31005859375,1431.6957484654017,1424.6876831054688,0.0,2213.1201171875,3752.75,29.690000534057617,112.01000213623047,3.0,109.16,85.47,3.25,3.0,297.979,299.381,265.061,192.598951685629,3.125,0.125,-188.819,0.08313804423271079,9.24068350502132
2022-10-24,1428.1099853515625,1429.8886021205358,1425.5026814778646,-0.15381792423040386,2236.159912109375,3797.340087890625,29.850000381469727,111.98999786376953,3.0,109.16,86.12,3.25,3.0,297.979,299.381,265.061,192.598951685629,3.125,0.125,-188.819,0.08336022834439427,8.98275020943573
2022-10-25,1443.9599609375,1431.8614501953125,1426.8460123697917,1.1098567861379083,2235.070068359375,3859.110107421875,28.459999084472656,110.94999694824219,3.0,109.16,86.93,3.25,3.0,297.979,299.381,265.061,192.598951685629,3.125,0.125,-188.819,0.08871299063081424,10.150273403413191
2022-10-26,1426.9300537109375,1432.134312220982,1427.0166788736979,-1.179389158097277,2249.56005859375,3830.60009765625,27.280000686645508,109.69999694824219,3.0,109.16,89.39,3.25,3.0,297.979,299.381,265.061,192.598951685629,3.125,0.125,-188.819,0.08866134526366976,9.263762553113363
2022-10-27,1412.68994140625,1428.9457310267858,1426.4473429361979,-0.99795447349742,2288.780029296875,3807.300048828125,27.389999389648438,110.58999633789062,3.0,109.16,89.06,3.25,3.0,297.979,299.381,265.061,192.598951685629,3.125,0.125,-188.819,0.09176122811729648,9.075390091998315
2022-10-28,1420.6500244140625,1427.5657261439733,1426.260343424479,0.5634699288570522,2268.39990234375,3901.06005859375,25.75,110.66999816894531,3.0,109.16,87.85,3.25,3.0,297.979,299.381,265.061,192.598951685629,3.125,0.125,-188.819,0.0931596982541902,9.689997114950245
2022-10-29,1420.6500244140625,1426.1857212611608,1426.2170125325522,0.0,2268.39990234375,3901.06005859375,25.75,110.66999816894531,3.0,109.16,87.85,3.25,3.0,297.979,299.381,265.061,192.598951685629,3.125,0.125,-188.819,0.0927510308148898,9.689997114950245
2022-10-30,1420.6500244140625,1424.8057163783483,1425.899678548177,0.0,2268.39990234375,3901.06005859375,25.75,110.66999816894531,3.0,109.16,87.85,3.25,3.0,297.979,299.381,265.061,192.598951685629,3.125,0.125,-188.819,0.09111134184920235,9.089442551084638
2022-10-31,1421.6500244140625,1423.8828648158483,1425.6156778971354,0.07039031308309074,2293.610107421875,3871.97998046875,25.8799991607666,111.52999877929688,3.0,109.16,86.54,3.25,3.0,297.979,299.381,265.061,192.598951685629,3.125,0.125,-188.819,0.0911480490615808,8.792808449516931
2022-11-01,1424.6700439453125,1421.127162388393,1425.4323445638022,0.2124305897645007,2335.219970703125,3856.10009765625,25.809999465942383,111.4800033569336,3.25,109.07,88.36,3.25,3.0,298.708,300.316,263.157,192.598951685629,3.125,-0.125,-189.63800000000003,0.09139276194147233,8.370418950867409
2022-11-02,1416.5999755859375,1419.6514369419642,1424.6780110677084,-0.5664517474535113,2336.8701171875,3759.68994140625,25.860000610351562,111.3499984741211,3.25,109.07,90.06,3.25,3.0,298.708,300.316,263.157,192.598951685629,3.125,-0.125,-189.63800000000003,0.09065095152251507,8.35411053367876
2022-11-03,1423.0999755859375,1421.1385846819196,1424.3366780598958,0.45884513003124905,2329.169921875,3719.889892578125,25.299999237060547,112.93000030517578,3.25,109.07,88.14,4.0,3.75,298.708,300.316,263.157,192.598951685629,3.875,0.625,-189.63800000000003,0.09116184056718658,9.294361607250412
2022-11-04,1423.6500244140625,1421.5671561104912,1424.5740112304688,0.038651453696947335,2348.429931640625,3770.550048828125,24.549999237060547,110.87999725341797,3.25,109.07,92.58,4.0,3.75,298.708,300.316,263.157,192.598951685629,3.875,0.625,-189.63800000000003,0.08438621833525431,9.336605466820425
2022-11-05,1423.6500244140625,1421.9957275390625,1424.8036783854166,0.0,2348.429931640625,3770.550048828125,24.549999237060547,110.87999725341797,3.25,109.07,92.58,4.0,3.75,298.708,300.316,263.157,192.598951685629,3.875,0.625,-189.63800000000003,0.08438783868708834,9.336605466820425
2022-11-06,1423.6500244140625,1422.4242989676338,1425.3103474934896,0.0,2348.429931640625,3770.550048828125,24.549999237060547,110.87999725341797,3.25,109.07,92.58,4.0,3.75,298.708,300.316,263.157,192.598951685629,3.875,0.625,-189.63800000000003,0.08242875148599701,9.2812099947845
2022-11-07,1402.1099853515625,1419.6328648158483,1425.099015299479,-1.513015045349042,2371.7900390625,3806.800048828125,24.350000381469727,110.12000274658203,3.25,109.07,91.8,4.0,3.75,298.708,300.316,263.157,192.598951685629,3.875,0.625,-189.63800000000003,0.09388807547685908,7.935148051233387
2022-11-08,1392.699951171875,1415.065708705357,1424.5740152994792,-0.6711338110417908,2399.0400390625,3828.110107421875,25.540000915527344,109.62000274658203,3.25,109.07,88.8,4.0,3.75,298.708,300.316,263.157,192.598951685629,3.875,0.625,-189.63800000000003,0.09580063242600308,6.511356172020966
2022-11-09,1374.1500244140625,1409.001429966518,1423.1796834309896,-1.3319399302199941,2424.409912109375,3748.570068359375,26.09000015258789,110.55000305175781,3.25,109.07,85.79,4.0,3.75,298.708,300.316,263.157,192.598951685629,3.875,0.625,-189.63800000000003,0.10126307344051798,5.972860041537986
2022-11-10,1370.550048828125,1401.4942975725446,1421.253019205729,-0.2619783518522656,2402.22998046875,3956.3701171875,23.530000686645508,108.20999908447266,3.25,109.07,86.52,4.0,3.75,298.708,300.316,263.157,192.598951685629,3.875,0.625,-189.63800000000003,0.0970569277716427,4.875928385190065
2022-11-11,1349.3699951171875,1390.8828648158483,1418.5386840820313,-1.5453688633295326,2483.159912109375,3992.929931640625,22.520000457763672,106.29000091552734,3.25,109.07,89.14,4.0,3.75,298.708,300.316,263.157,192.598951685629,3.875,0.625,-189.63800000000003,0.10478151046919257,3.2552084427975636
2022-11-12,1349.3699951171875,1380.2714320591517,1416.0543497721353,0.0,2483.159912109375,3992.929931640625,22.520000457763672,106.29000091552734,3.25,109.07,89.14,4.0,3.75,298.708,300.316,263.157,192.598951685629,3.875,0.625,-189.63800000000003,0.10455671954514086,3.2552084427975636
2022-11-13,1349.3699951171875,1369.6599993024554,1413.3566813151042,0.0,2483.159912109375,3992.929931640625,22.520000457763672,106.29000091552734,3.25,109.07,89.14,4.0,3.75,298.708,300.316,263.157,192.598951685629,3.875,0.625,-189.63800000000003,0.10301692179915536,3.6876231426881567
2022-11-14,1313.030029296875,1356.934291294643,1409.4476806640625,-2.6931061126163947,2474.64990234375,3957.25,23.729999542236328,106.66000366210938,3.25,109.07,85.85,4.0,3.75,298.708,300.316,263.157,192.598951685629,3.875,0.625,-189.63800000000003,0.12572419256372971,-0.011424512094782013
2022-11-15,1324.0799560546875,1347.1314348493304,1405.9070109049478,0.8415593330892701,2480.330078125,3991.72998046875,24.540000915527344,106.4000015258789,3.25,109.07,86.87,4.0,3.75,298.708,300.316,263.157,192.598951685629,3.875,0.625,-189.63800000000003,0.12966678769192508,0.997708318435353
2022-11-16,1316.260009765625,1338.8614327566963,1401.757010904948,-0.5905947184914218,2477.449951171875,3958.7900390625,24.110000610351562,106.27999877929688,3.25,109.07,85.62,4.0,3.75,298.708,300.316,263.157,192.598951685629,3.875,0.625,-189.63800000000003,0.12656424458944665,0.10876339593208773
2022-11-17,1336.4300537109375,1333.9871477399554,1398.6330118815104,1.5323753510451121,2442.89990234375,3946.56005859375,23.93000030517578,106.69000244140625,3.25,109.07,81.69,4.0,3.75,298.708,300.316,263.157,192.598951685629,3.875,0.625,-189.63800000000003,0.13642762410268672,0.7174577994004894
2022-11-18,1342.75,1333.0414341517858,1395.8906778971354,0.47289764784275157,2444.47998046875,3965.340087890625,23.1200008392334,106.93000030517578,3.25,109.07,80.07,4.0,3.75,298.708,300.316,263.157,192.598951685629,3.875,0.625,-189.63800000000003,0.13782578792982395,1.1937482883008776
2022-11-19,1342.75,1332.0957205636162,1392.8153442382813,0.0,2444.47998046875,3965.340087890625,23.1200008392334,106.93000030517578,3.25,109.07,80.07,4.0,3.75,298.708,300.316,263.157,192.598951685629,3.875,0.625,-189.63800000000003,0.13534345778899043,1.1937482883008776
2022-11-20,1342.75,1331.1500069754463,1389.8966756184896,0.0,2444.47998046875,3965.340087890625,23.1200008392334,106.93000030517578,3.25,109.07,80.07,4.0,3.75,298.708,300.316,263.157,192.598951685629,3.875,0.625,-189.63800000000003,0.1354454224456428,0.5910743250243877
2022-11-21,1339.030029296875,1334.864292689732,1386.8540079752604,-0.2770411992645716,2419.5,3949.93994140625,22.360000610351562,107.83999633789062,3.25,109.07,79.74,4.0,3.75,298.708,300.316,263.157,192.598951685629,3.875,0.625,-189.63800000000003,0.13531577827760888,-0.32232283988675725
2022-11-22,1359.75,1339.9600132533483,1384.5020060221354,1.5473865596580483,2405.27001953125,4003.580078125,21.290000915527344,107.22000122070312,3.25,109.07,80.83,4.0,3.75,298.708,300.316,263.157,192.598951685629,3.875,0.625,-189.63800000000003,0.14457750963905297,1.5436004289252736
2022-11-23,1352.68994140625,1345.1642892020088,1381.9880045572916,-0.5192173997977556,2418.010009765625,4027.260009765625,20.350000381469727,106.08000183105469,3.25,109.07,77.93,4.0,3.75,298.708,300.316,263.157,192.598951685629,3.875,0.625,-189.63800000000003,0.1449415383427785,0.9470105527052297
2022-11-24,1336.81005859375,1345.2185756138392,1378.4163411458333,-1.1739484656765775,2441.330078125,4027.260009765625,20.350000381469727,106.08000183105469,3.25,109.07,77.93,4.0,3.75,298.708,300.316,263.157,192.598951685629,3.875,0.625,-189.63800000000003,0.1424185632593265,0.17761137942275962
2022-11-25,1317.8900146484375,1341.6671491350446,1374.7816731770833,-1.415312805561575,2437.860107421875,4026.1201171875,20.5,105.95999908447266,3.25,109.07,76.45,4.0,3.75,298.708,300.316,263.157,192.598951685629,3.875,0.625,-189.63800000000003,0.14390876474372,-1.2402151827359154
2022-11-26,1317.8900146484375,1338.11572265625,1371.6216756184897,0.0,2437.860107421875,4026.1201171875,20.5,105.95999908447266,3.25,109.07,76.45,4.0,3.75,298.708,300.316,263.157,192.598951685629,3.875,0.625,-189.63800000000003,0.14236400790369785,-1.2402151827359154
2022-11-27,1317.8900146484375,1334.5642961774554,1368.1963419596354,0.0,2437.860107421875,4026.1201171875,20.5,105.95999908447266,3.25,109.07,76.45,4.0,3.75,298.708,300.316,263.157,192.598951685629,3.875,0.625,-189.63800000000003,0.14056942056653465,-1.7365333609054456
2022-11-28,1334.56005859375,1333.9257289341517,1365.3266764322916,1.2649040329635985,2408.27001953125,3963.93994140625,22.209999084472656,106.68000030517578,3.25,109.07,77.1,4.0,3.75,298.708,300.316,263.157,192.598951685629,3.875,0.625,-189.63800000000003,0.14712194878874793,-0.8300269769652591
2022-11-29,1340.1199951171875,1331.1214425223213,1362.6423421223958,0.4166119379667377,2433.389892578125,3957.6298828125,21.889999389648438,106.81999969482422,3.25,109.07,77.96,4.0,3.75,298.708,300.316,263.157,192.598951685629,3.875,0.625,-189.63800000000003,0.1481160341215686,-0.7458170128696429
2022-11-30,1325.3699951171875,1327.2185930524554,1359.4330078125,-1.1006477072010412,2472.530029296875,4080.110107421875,20.579999923706055,105.94999694824219,3.25,109.07,80.48,4.0,3.75,298.708,300.316,263.157,192.598951685629,3.875,0.625,-189.63800000000003,0.1502002911317913,-1.2583265928772347
2022-12-01,1279.800048828125,1319.0743059430804,1354.6040079752604,-3.4382811182497974,2479.840087890625,4076.570068359375,19.84000015258789,104.7300033569336,3.25,109.26,81.06,4.0,3.75,298.808,301.433,257.897,192.598951685629,3.875,0.625,-189.548,0.1759368866738878,-5.556780172271292
2022-12-02,1303.25,1316.982875279018,1350.8256754557292,1.8323136644155857,2434.330078125,4071.699951171875,19.059999465942383,104.55000305175781,3.25,109.26,79.86,4.0,3.75,298.808,301.433,257.897,192.598951685629,3.875,0.625,-189.548,0.18678408745860006,-3.826284150253778
2022-12-03,1303.25,1314.8914446149554,1346.8306762695313,0.0,2434.330078125,4071.699951171875,19.059999465942383,104.55000305175781,3.25,109.26,79.86,4.0,3.75,298.808,301.433,257.897,192.598951685629,3.875,0.625,-189.548,0.1856966468345137,-3.826284150253778
2022-12-04,1303.25,1312.800013950893,1342.8173421223958,0.0,2434.330078125,4071.699951171875,19.059999465942383,104.55000305175781,3.25,109.26,79.86,4.0,3.75,298.808,301.433,257.897,192.598951685629,3.875,0.625,-189.548,0.18564126862676525,-4.279073186957627
2022-12-05,1299.1700439453125,1307.7442975725446,1338.6680094401042,-0.31306012312967146,2419.320068359375,3998.840087890625,20.75,105.29000091552734,3.25,109.26,76.83,4.0,3.75,298.808,301.433,257.897,192.598951685629,3.875,0.625,-189.548,0.18544166365336084,-4.599761490462306
2022-12-06,1304.3699951171875,1302.6371547154017,1334.6920084635417,0.4002517758248114,2393.159912109375,3941.260009765625,22.170000076293945,105.58000183105469,3.25,109.26,74.21,4.0,3.75,298.808,301.433,257.897,192.598951685629,3.875,0.625,-189.548,0.1863609206286068,-5.350805887642096
2022-12-07,1319.7099609375,1301.828578404018,1331.9453409830728,1.176044057877479,2382.81005859375,3933.919921875,22.68000030517578,105.0999984741211,3.25,109.26,71.93,4.0,3.75,298.808,301.433,257.897,192.598951685629,3.875,0.625,-189.548,0.18725205911806808,-3.972909702204974
2022-12-08,1314.0999755859375,1306.7285679408483,1329.325341796875,-0.4250922943384694,2371.080078125,3963.510009765625,22.290000915527344,104.7699966430664,3.25,109.26,71.3,4.0,3.75,298.808,301.433,257.897,192.598951685629,3.875,0.625,-189.548,0.18684364915015395,-4.981925120322672
2022-12-09,1316.6300048828125,1308.6399972098213,1327.4080078125,0.19252943793313104,2389.0400390625,3934.3798828125,22.829999923706055,104.80999755859375,3.25,109.26,71.05,4.0,3.75,298.808,301.433,257.897,192.598951685629,3.875,0.625,-189.548,0.18392528922129137,-4.798987354821948
2022-12-10,1316.6300048828125,1310.5514264787946,1325.6106730143229,0.0,2389.0400390625,3934.3798828125,22.829999923706055,104.80999755859375,3.25,109.26,71.05,4.0,3.75,298.808,301.433,257.897,192.598951685629,3.875,0.625,-189.548,0.18392595391942138,-4.798987354821948
2022-12-11,1316.6300048828125,1312.462855747768,1324.5193400065104,0.0,2389.0400390625,3934.3798828125,22.829999923706055,104.80999755859375,3.25,109.26,71.05,4.0,3.75,298.808,301.433,257.897,192.598951685629,3.875,0.625,-189.548,0.1789577272108022,-4.527000352297817
2022-12-12,1303.1700439453125,1313.0342843191963,1322.9793416341147,-1.0223039796740774,2373.02001953125,3990.56005859375,25.0,105.12999725341797,3.25,109.26,72.96,4.0,3.75,298.808,301.433,257.897,192.598951685629,3.875,0.625,-189.548,0.18102307603038384,-5.279799649283323
2022-12-13,1305.9200439453125,1313.2557198660713,1321.5310099283854,0.21102388078799716,2372.39990234375,4019.64990234375,22.549999237060547,103.9800033569336,3.25,109.26,75.44,4.0,3.75,298.808,301.433,257.897,192.598951685629,3.875,0.625,-189.548,0.1812374162046163,-6.28287143594749
2022-12-14,1288.97998046875,1308.86572265625,1320.7293416341147,-1.2971746283474528,2399.25,3995.320068359375,21.139999389648438,103.7699966430664,3.25,109.26,77.14,4.0,3.75,298.808,301.433,257.897,192.598951685629,3.875,0.625,-189.548,0.16792680665144152,-7.346286555041626
2022-12-15,1295.6800537109375,1306.2343052455358,1319.7826782226562,0.5197965324295284,2360.969970703125,3895.75,22.829999923706055,104.55999755859375,3.25,109.26,75.89,4.5,4.25,298.808,301.433,257.897,192.598951685629,4.375,1.125,-189.548,0.16668645136430638,-7.360770955325025
2022-12-16,1317.0999755859375,1306.3014439174108,1319.8106770833333,1.6531798736618253,2360.02001953125,3852.360107421875,22.6200008392334,104.69999694824219,3.25,109.26,74.19,4.5,4.25,298.808,301.433,257.897,192.598951685629,4.375,1.125,-189.548,0.17312178610387308,-5.829277865642968
2022-12-17,1317.0999755859375,1306.3685825892858,1319.1663411458333,0.0,2360.02001953125,3852.360107421875,22.6200008392334,104.69999694824219,3.25,109.26,74.19,4.5,4.25,298.808,301.433,257.897,192.598951685629,4.375,1.125,-189.548,0.1669841734111595,-5.829277865642968
2022-12-18,1317.0999755859375,1306.4357212611608,1318.3113403320312,0.0,2360.02001953125,3852.360107421875,22.6200008392334,104.69999694824219,3.25,109.26,74.19,4.5,4.25,298.808,301.433,257.897,192.598951685629,4.375,1.125,-189.548,0.166275154302989,-4.918317235651937
2022-12-19,1308.8599853515625,1307.248570033482,1317.1816731770834,-0.6256161557295026,2352.169921875,3817.659912109375,22.420000076293945,104.72000122070312,3.25,109.26,75.05,4.5,4.25,298.808,301.433,257.897,192.598951685629,4.375,1.125,-189.548,0.16706921004124697,-5.844861259625556
2022-12-20,1301.3299560546875,1306.5928431919642,1315.801005045573,-0.575312056381061,2333.2900390625,3821.6201171875,21.479999542236328,103.97000122070312,3.25,109.26,75.92,4.5,4.25,298.808,301.433,257.897,192.598951685629,4.375,1.125,-189.548,0.16766147666038375,-6.547892156716639
2022-12-21,1283.6400146484375,1305.8299909319196,1313.9546712239583,-1.3593740253149633,2328.949951171875,3878.43994140625,20.06999969482422,104.16000366210938,3.25,109.26,78.17,4.5,4.25,298.808,301.433,257.897,192.598951685629,4.375,1.125,-189.548,0.17154984071849447,-8.151352297513492
2022-12-22,1280.77001953125,1303.699986049107,1311.3220052083334,-0.22358255308623232,2356.72998046875,3822.389892578125,21.969999313354492,104.43000030517578,3.25,109.26,77.68,4.5,4.25,298.808,301.433,257.897,192.598951685629,4.375,1.125,-189.548,0.16396843126205599,-8.754969982475536
2022-12-23,1290.199951171875,1299.8571254185267,1309.2390055338542,0.7362704854753099,2313.68994140625,3844.820068359375,20.8700008392334,104.30999755859375,3.25,109.26,79.57,4.5,4.25,298.808,301.433,257.897,192.598951685629,4.375,1.125,-189.548,0.16583200150879193,-8.08315975699342
2022-12-24,1290.199951171875,1296.0142647879463,1307.6853352864584,0.0,2313.68994140625,3844.820068359375,20.8700008392334,104.30999755859375,3.25,109.26,79.57,4.5,4.25,298.808,301.433,257.897,192.598951685629,4.375,1.125,-189.548,0.16301331968161145,-8.08315975699342
2022-12-25,1290.199951171875,1292.1714041573662,1306.762333170573,0.0,2313.68994140625,3844.820068359375,20.8700008392334,104.30999755859375,3.25,109.26,79.57,4.5,4.25,298.808,301.433,257.897,192.598951685629,4.375,1.125,-189.548,0.158280976581553,-9.256518240702615
2022-12-26,1279.239990234375,1287.939976283482,1305.4739990234375,-0.8494777051840097,2317.139892578125,3844.820068359375,20.8700008392334,104.30999755859375,3.25,109.26,79.57,4.5,4.25,298.808,301.433,257.897,192.598951685629,4.375,1.125,-189.548,0.1598802865033665,-10.528268689409659
2022-12-27,1275.1300048828125,1284.1971261160713,1304.0486653645833,-0.3212833700429796,2332.7900390625,3829.25,21.649999618530273,104.18000030517578,3.25,109.26,79.45,4.5,4.25,298.808,301.433,257.897,192.598951685629,4.375,1.125,-189.548,0.15998686348510374,-10.596244993761516
2022-12-28,1272.280029296875,1282.5742710658483,1301.9726643880208,-0.22350470736506312,2280.449951171875,3783.219970703125,22.139999389648438,104.45999908447266,3.25,109.26,78.89,4.5,4.25,298.808,301.433,257.897,192.598951685629,4.375,1.125,-189.548,0.1546390831389574,-10.525681424416678
2022-12-29,1274.3199462890625,1281.65283203125,1299.7793294270834,0.16033553504057885,2236.39990234375,3849.280029296875,21.440000534057617,103.83999633789062,3.25,109.26,78.43,4.5,4.25,298.808,301.433,257.897,192.598951685629,4.375,1.125,-189.548,0.15399357839712727,-10.897312408132741
2022-12-30,1260.260009765625,1277.375697544643,1297.6089965820313,-1.1033286078885762,2236.39990234375,3839.5,21.670000076293945,103.5199966430664,3.25,109.26,80.16,4.5,4.25,298.808,301.433,257.897,192.598951685629,4.375,1.125,-189.548,0.1540077805558338,-11.88040785073139
2022-12-31,1260.260009765625,1273.0985630580358,1296.9576619466145,0.0,2236.39990234375,3839.5,21.670000076293945,103.5199966430664,3.25,109.26,80.16,4.5,4.25,298.808,301.433,257.897,192.598951685629,4.375,1.125,-189.548,0.11865237604879561,-11.88040785073139
2023-01-01,1260.260009765625,1268.8214285714287,1295.5246622721354,0.0,2236.39990234375,3839.5,21.670000076293945,103.5199966430664,3.5,110.07,80.16,4.5,4.25,300.456,302.685,260.227,175.16594039245,4.375,0.875,-190.38600000000002,0.10444616068001318,-12.435119691214002
2023-01-02,1260.9100341796875,1266.2028634207588,1294.113330078125,0.05157859560929179,2225.669921875,3839.5,21.670000076293945,103.5199966430664,3.5,110.07,80.16,4.5,4.25,300.456,302.685,260.227,175.16594039245,4.375,0.875,-190.38600000000002,0.10450389820682866,-12.029939564403469
2023-01-03,1270.0999755859375,1265.4842878069196,1293.0083292643228,0.7288340291643935,2218.679931640625,3824.139892578125,22.899999618530273,104.5199966430664,3.5,110.07,76.87,4.5,4.25,300.456,302.685,260.227,175.16594039245,4.375,0.875,-190.38600000000002,0.10725666109454701,-10.337236110950732
2023-01-04,1279.0799560546875,1266.4557059151787,1292.3386596679688,0.7070294182634829,2255.97998046875,3852.969970703125,22.010000228881836,104.25,3.5,110.07,72.82,4.5,4.25,300.456,302.685,260.227,175.16594039245,4.375,0.875,-190.38600000000002,0.10941370258727433,-9.717951718139894
2023-01-05,1271.0799560546875,1265.9928501674108,1291.2289916992188,-0.6254495633467583,2264.64990234375,3808.10009765625,22.459999084472656,105.04000091552734,3.5,110.07,73.61,4.5,4.25,300.456,302.685,260.227,175.16594039245,4.375,0.875,-190.38600000000002,0.10978668665516132,-9.753274868083972
2023-01-06,1274.1800537109375,1267.9814278738838,1289.711328125,0.2438947795127211,2289.969970703125,3895.080078125,21.1299991607666,103.87999725341797,3.5,110.07,73.77,4.5,4.25,300.456,302.685,260.227,175.16594039245,4.375,0.875,-190.38600000000002,0.1036435509079543,-9.533167816806031
2023-01-07,1274.1800537109375,1269.970005580357,1288.3806640625,0.0,2289.969970703125,3895.080078125,21.1299991607666,103.87999725341797,3.5,110.07,73.77,4.5,4.25,300.456,302.685,260.227,175.16594039245,4.375,0.875,-190.38600000000002,0.10326961322374553,-9.533167816806031
2023-01-08,1274.1800537109375,1271.9585832868304,1286.965665690104,0.0,2289.969970703125,3895.080078125,21.1299991607666,103.87999725341797,3.5,110.07,73.77,4.5,4.25,300.456,302.685,260.227,175.16594039245,4.375,0.875,-190.38600000000002,0.10294476161668581,-10.014260703803924
2023-01-09,1252.8800048828125,1270.8114362444196,1284.840665690104,-1.6716671059235688,2350.18994140625,3892.090087890625,21.969999313354492,103.0,3.5,110.07,74.69,4.5,4.25,300.456,302.685,260.227,175.16594039245,4.375,0.875,-190.38600000000002,0.11239967206544316,-12.284802303521147
2023-01-10,1239.280029296875,1266.4085867745537,1282.262333170573,-1.0854970574144973,2351.31005859375,3919.25,20.579999923706055,103.23999786376953,3.5,110.07,75.11,4.5,4.25,300.456,302.685,260.227,175.16594039245,4.375,0.875,-190.38600000000002,0.11539585001521348,-13.385519499255782
2023-01-11,1240.1600341796875,1260.848597935268,1280.1619995117187,0.07100936527733026,2359.530029296875,3969.610107421875,21.09000015258789,103.19000244140625,3.5,110.07,77.46,4.5,4.25,300.456,302.685,260.227,175.16594039245,4.375,0.875,-190.38600000000002,0.11294256698064886,-12.90399516005236
2023-01-12,1241.5999755859375,1256.637172154018,1278.017997233073,0.11610932190719847,2365.10009765625,3983.169921875,18.829999923706055,102.25,3.5,110.07,78.32,4.5,4.25,300.456,302.685,260.227,175.16594039245,4.375,0.875,-190.38600000000002,0.11270296341391793,-13.19304109629259
2023-01-13,1239.1300048828125,1251.6300223214287,1276.3563313802083,-0.19893449997527846,2386.090087890625,3999.090087890625,18.350000381469727,102.19999694824219,3.5,110.07,79.9,4.5,4.25,300.456,302.685,260.227,175.16594039245,4.375,0.875,-190.38600000000002,0.10749717889318533,-13.365730085931416
2023-01-14,1239.1300048828125,1246.6228724888392,1274.471329752604,0.0,2386.090087890625,3999.090087890625,18.350000381469727,102.19999694824219,3.5,110.07,79.9,4.5,4.25,300.456,302.685,260.227,175.16594039245,4.375,0.875,-190.38600000000002,0.10581279623211017,-13.365730085931416
2023-01-15,1239.1300048828125,1241.61572265625,1271.8723307291666,0.0,2386.090087890625,3999.090087890625,18.350000381469727,102.19999694824219,3.5,110.07,79.9,4.5,4.25,300.456,302.685,260.227,175.16594039245,4.375,0.875,-190.38600000000002,0.09122175458236534,-13.994697487169471
2023-01-16,1236.5899658203125,1239.28857421875,1269.1886637369792,-0.20498567966967807,2399.860107421875,3999.090087890625,18.350000381469727,102.19999694824219,3.5,110.07,79.9,4.5,4.25,300.456,302.685,260.227,175.16594039245,4.375,0.875,-190.38600000000002,0.09102134247592339,-13.534248525643466
2023-01-17,1240.7099609375,1239.4928501674108,1266.6423299153646,0.3331739081720908,2379.389892578125,3990.969970703125,19.360000610351562,102.38999938964844,3.5,110.07,80.25,4.5,4.25,300.456,302.685,260.227,175.16594039245,4.375,0.875,-190.38600000000002,0.09218903277129327,-12.933857494463652
2023-01-18,1237.0,1239.0414167131696,1264.2469970703125,-0.2990191950016041,2368.320068359375,3928.860107421875,20.34000015258789,102.36000061035156,3.5,110.07,79.53,4.5,4.25,300.456,302.685,260.227,175.16594039245,4.375,0.875,-190.38600000000002,0.09135271220387958,-13.79851070153617
2023-01-19,1237.8800048828125,1238.5099923270088,1262.1319986979167,0.07114024921686113,2380.340087890625,3898.85009765625,20.520000457763672,102.05999755859375,3.5,110.07,80.31,4.5,4.25,300.456,302.685,260.227,175.16594039245,4.375,0.875,-190.38600000000002,0.09088157190678267,-13.453730018519938
2023-01-20,1232.1800537109375,1237.5171421595983,1260.4166666666667,-0.46046071908355524,2395.260009765625,3972.610107421875,19.850000381469727,102.01000213623047,3.5,110.07,81.27,4.5,4.25,300.456,302.685,260.227,175.16594039245,4.375,0.875,-190.38600000000002,0.08409600246365825,-13.852241595616665
2023-01-21,1232.1800537109375,1236.5242919921875,1258.797001139323,0.0,2395.260009765625,3972.610107421875,19.850000381469727,102.01000213623047,3.5,110.07,81.27,4.5,4.25,300.456,302.685,260.227,175.16594039245,4.375,0.875,-190.38600000000002,0.08414083198325971,-13.852241595616665
2023-01-22,1232.1800537109375,1235.5314418247767,1256.8630045572916,0.0,2395.260009765625,3972.610107421875,19.850000381469727,102.01000213623047,3.5,110.07,81.27,4.5,4.25,300.456,302.685,260.227,175.16594039245,4.375,0.875,-190.38600000000002,0.08018604446589489,-13.719526762666835
2023-01-23,1230.030029296875,1234.5943080357142,1254.8573404947917,-0.1744894674757358,2395.260009765625,4019.81005859375,19.809999465942383,102.13999938964844,3.5,110.07,81.62,4.5,4.25,300.456,302.685,260.227,175.16594039245,4.375,0.875,-190.38600000000002,0.08005796440358033,-14.81550302140855
2023-01-24,1229.280029296875,1232.961460658482,1252.8266764322916,-0.06097412113009737,2395.260009765625,4016.949951171875,19.200000762939453,101.91999816894531,3.5,110.07,79.86,4.5,4.25,300.456,302.685,260.227,175.16594039245,4.375,0.875,-190.38600000000002,0.07997296585619156,-13.8514164657227
2023-01-25,1232.6600341796875,1232.3414655412946,1251.2740112304687,0.27495808947175515,2428.570068359375,4016.219970703125,19.079999923706055,101.63999938964844,3.5,110.07,79.78,4.5,4.25,300.456,302.685,260.227,175.16594039245,4.375,0.875,-190.38600000000002,0.07816712691804571,-12.743766480516827
2023-01-26,1232.5899658203125,1231.5857456752233,1249.8560099283854,-0.005684321502452683,2468.64990234375,4060.429931640625,18.729999542236328,101.83999633789062,3.5,110.07,80.64,4.5,4.25,300.456,302.685,260.227,175.16594039245,4.375,0.875,-190.38600000000002,0.07800430791768993,-13.23760640283761
2023-01-27,1231.8499755859375,1231.5385916573662,1248.5083414713542,-0.06003539335017738,2484.02001953125,4070.56005859375,18.510000228881836,101.93000030517578,3.5,110.07,79.73,4.5,4.25,300.456,302.685,260.227,175.16594039245,4.375,0.875,-190.38600000000002,0.07794486436786366,-13.289694547113696
2023-01-28,1231.8499755859375,1231.4914376395088,1247.09267578125,0.0,2484.02001953125,4070.56005859375,18.510000228881836,101.93000030517578,3.5,110.07,79.73,4.5,4.25,300.456,302.685,260.227,175.16594039245,4.375,0.875,-190.38600000000002,0.07760583389663651,-13.289694547113696
2023-01-29,1231.8499755859375,1231.4442836216517,1246.1456746419271,0.0,2484.02001953125,4070.56005859375,18.510000228881836,101.93000030517578,3.5,110.07,79.73,4.5,4.25,300.456,302.685,260.227,175.16594039245,4.375,0.875,-190.38600000000002,0.07172087660685915,-13.350687269628947
2023-01-30,1228.949951171875,1231.2899867466517,1245.1020060221354,-0.23542025989675697,2450.469970703125,4017.77001953125,19.940000534057617,102.27999877929688,3.5,110.07,77.97,4.5,4.25,300.456,302.685,260.227,175.16594039245,4.375,0.875,-190.38600000000002,0.07183147382505368,-13.737924342918973
2023-01-31,1231.5,1231.6071254185267,1244.1433390299478,0.2074981837700829,2425.080078125,4076.60009765625,19.399999618530273,102.0999984741211,3.5,110.07,78.95,4.5,4.25,300.456,302.685,260.227,175.16594039245,4.375,0.875,-190.38600000000002,0.07228967474217657,-13.066495748694052
2023-02-01,1232.1500244140625,1231.5342668805804,1243.1846720377605,0.0527831436510251,2449.800048828125,4119.2099609375,17.8700008392334,101.22000122070312,3.5,110.33,76.34,4.5,4.25,301.476,304.097,258.669,175.16594039245,4.375,0.875,-191.14600000000002,0.07229152915006219,-13.41788731977559
2023-02-02,1221.949951171875,1230.0142647879463,1241.5796712239583,-0.8278272158488198,2468.8798828125,4179.759765625,18.729999542236328,101.75,3.5,110.33,75.87,4.75,4.5,301.476,304.097,258.669,175.16594039245,4.625,1.125,-191.14600000000002,0.07130580941414563,-14.167813000614526
2023-02-03,1224.9000244140625,1229.0214146205358,1239.7736735026042,0.24142341012889368,2480.39990234375,4136.47998046875,18.329999923706055,102.91999816894531,3.5,110.33,73.4,4.75,4.5,301.476,304.097,258.669,175.16594039245,4.625,1.125,-191.14600000000002,0.06775777214407151,-13.960594007772409
2023-02-04,1224.9000244140625,1228.028564453125,1238.2343424479166,0.0,2480.39990234375,4136.47998046875,18.329999923706055,102.91999816894531,3.5,110.33,73.4,4.75,4.5,301.476,304.097,258.669,175.16594039245,4.625,1.125,-191.14600000000002,0.06629933808275312,-13.960594007772409
2023-02-05,1224.9000244140625,1227.0357142857142,1236.5916748046875,0.0,2480.39990234375,4136.47998046875,18.329999923706055,102.91999816894531,3.5,110.33,73.4,4.75,4.5,301.476,304.097,258.669,175.16594039245,4.625,1.125,-191.14600000000002,0.06550032779025136,-12.638805998736736
2023-02-06,1246.75,1229.578578404018,1235.6773396809897,1.7838170585709356,2438.18994140625,4111.080078125,19.43000030517578,103.62000274658203,3.5,110.33,74.11,4.75,4.5,301.476,304.097,258.669,175.16594039245,4.625,1.125,-191.14600000000002,0.08583671532308426,-10.479640718667849
2023-02-07,1261.22998046875,1233.825718470982,1235.2456705729167,1.1614181246240252,2451.7099609375,4164.0,18.65999984741211,103.43000030517578,3.5,110.33,77.17,4.75,4.5,301.476,304.097,258.669,175.16594039245,4.625,1.125,-191.14600000000002,0.09297596140411421,-8.217446562536834
2023-02-08,1255.3499755859375,1237.1399972098213,1235.3280029296875,-0.4662119497529815,2483.639892578125,4117.85986328125,19.6299991607666,103.41000366210938,3.5,110.33,78.47,4.75,4.5,301.476,304.097,258.669,175.16594039245,4.625,1.125,-191.14600000000002,0.08019268889280033,-8.405389744116832
2023-02-09,1260.469970703125,1242.642857142857,1236.034334309896,0.4078540022114385,2481.52001953125,4081.5,20.709999084472656,103.22000122070312,3.5,110.33,78.04,4.75,4.5,301.476,304.097,258.669,175.16594039245,4.625,1.125,-191.14600000000002,0.07393705698689419,-6.588261539515106
2023-02-10,1264.550048828125,1248.3071463448662,1236.8473347981771,0.32369498836406496,2469.72998046875,4090.4599609375,20.530000686645508,103.62999725341797,3.5,110.33,79.74,4.75,4.5,301.476,304.097,258.669,175.16594039245,4.625,1.125,-191.14600000000002,0.07433857478182335,-6.285892423574769
2023-02-11,1264.550048828125,1253.971435546875,1237.6123372395834,0.0,2469.72998046875,4090.4599609375,20.530000686645508,103.62999725341797,3.5,110.33,79.74,4.75,4.5,301.476,304.097,258.669,175.16594039245,4.625,1.125,-191.14600000000002,0.07434672377642208,-6.285892423574769
2023-02-12,1264.550048828125,1259.6357247488838,1238.4596720377604,0.0,2469.72998046875,4090.4599609375,20.530000686645508,103.62999725341797,3.5,110.33,79.74,4.75,4.5,301.476,304.097,258.669,175.16594039245,4.625,1.125,-191.14600000000002,0.07396229706046631,-3.6922217608923225
2023-02-13,1266.8699951171875,1262.510009765625,1239.3843383789062,0.18346021900932374,2452.699951171875,4137.2900390625,20.34000015258789,103.3499984741211,3.5,110.33,80.14,4.75,4.5,301.476,304.097,258.669,175.16594039245,4.625,1.125,-191.14600000000002,0.07400521506421198,-4.320733100436502
2023-02-14,1272.93994140625,1264.182861328125,1240.511336263021,0.4791293749522474,2465.639892578125,4136.1298828125,18.90999984741211,103.2300033569336,3.5,110.33,79.08,4.75,4.5,301.476,304.097,258.669,175.16594039245,4.625,1.125,-191.14600000000002,0.07488165511960346,-3.2911482562695715
2023-02-15,1272.25,1266.5971505301338,1241.7000040690104,-0.05420062516757751,2427.89990234375,4147.60009765625,18.229999542236328,103.91999816894531,3.5,110.33,78.57,4.75,4.5,301.476,304.097,258.669,175.16594039245,4.625,1.125,-191.14600000000002,0.0744905225111263,-4.802350376117726
2023-02-16,1283.719970703125,1269.9185791015625,1243.133671061198,0.9015500650913832,2475.47998046875,4090.409912109375,20.170000076293945,103.86000061035156,3.5,110.33,78.45,4.75,4.5,301.476,304.097,258.669,175.16594039245,4.625,1.125,-191.14600000000002,0.07781138743050625,-4.396204006469928
2023-02-17,1288.9599609375,1273.4057094029017,1244.8656697591146,0.40818795017303344,2451.2099609375,4079.090087890625,20.020000457763672,103.86000061035156,3.5,110.33,76.31,4.75,4.5,301.476,304.097,258.669,175.16594039245,4.625,1.125,-191.14600000000002,0.07724052663924542,-4.005960831316324
2023-02-18,1288.9599609375,1276.8928397042412,1246.5683349609376,0.0,2451.2099609375,4079.090087890625,20.020000457763672,103.86000061035156,3.5,110.33,76.31,4.75,4.5,301.476,304.097,258.669,175.16594039245,4.625,1.125,-191.14600000000002,0.077321823054224,-4.005960831316324
2023-02-19,1288.9599609375,1280.3799700055804,1248.4609985351562,0.0,2451.2099609375,4079.090087890625,20.020000457763672,103.86000061035156,3.5,110.33,76.31,4.75,4.5,301.476,304.097,258.669,175.16594039245,4.625,1.125,-191.14600000000002,0.07536202566605786,-3.739278975368965
2023-02-20,1293.9200439453125,1284.2442626953125,1250.5189982096354,0.38481280707935994,2455.1201171875,4079.090087890625,20.020000457763672,103.86000061035156,3.5,110.33,76.31,4.75,4.5,301.476,304.097,258.669,175.16594039245,4.625,1.125,-191.14600000000002,0.07551551948628134,-4.841327895178338
2023-02-21,1296.1099853515625,1287.5542689732142,1252.6499959309897,0.16924858815638988,2458.9599609375,3997.340087890625,22.8700008392334,104.18000030517578,3.5,110.33,76.28,4.75,4.5,301.476,304.097,258.669,175.16594039245,4.625,1.125,-191.14600000000002,0.0753548929130963,-4.1827734740059626
2023-02-22,1305.8299560546875,1292.3514055524554,1255.17666015625,0.7499340961013123,2417.679931640625,3991.050048828125,22.290000915527344,104.58999633789062,3.5,110.33,73.95,4.75,4.5,301.476,304.097,258.669,175.16594039245,4.625,1.125,-191.14600000000002,0.07643955871153985,-2.317464799124258
2023-02-23,1302.8299560546875,1295.0814034598213,1257.6283243815103,-0.22973894771597392,2439.090087890625,4012.320068359375,21.139999389648438,104.5999984741211,3.5,110.33,75.26,4.75,4.5,301.476,304.097,258.669,175.16594039245,4.625,1.125,-191.14600000000002,0.07709516595724515,-1.142740169995704
2023-02-24,1298.0799560546875,1296.3842599051338,1259.8089884440103,-0.3645909412755777,2423.610107421875,3970.0400390625,21.670000076293945,105.20999908447266,3.5,110.33,76.19,4.75,4.5,301.476,304.097,258.669,175.16594039245,4.625,1.125,-191.14600000000002,0.07872988791405364,-1.5031647841291629
2023-02-25,1298.0799560546875,1297.6871163504463,1261.9919881184896,0.0,2423.610107421875,3970.0400390625,21.670000076293945,105.20999908447266,3.5,110.33,76.19,4.75,4.5,301.476,304.097,258.669,175.16594039245,4.625,1.125,-191.14600000000002,0.0787188047966313,-1.5031647841291629
2023-02-26,1298.0799560546875,1298.9899727957588,1264.1996541341146,0.0,2423.610107421875,3970.0400390625,21.670000076293945,105.20999908447266,3.5,110.33,76.19,4.75,4.5,301.476,304.097,258.669,175.16594039245,4.625,1.125,-191.14600000000002,0.07858288830761502,-2.7334927569690803
2023-02-27,1313.699951171875,1301.815673828125,1266.9279866536458,1.2033153307953404,2402.639892578125,3982.239990234375,20.950000762939453,104.66999816894531,3.5,110.33,75.57,4.75,4.5,301.476,304.097,258.669,175.16594039245,4.625,1.125,-191.14600000000002,0.083807635042523,-1.9714685283090727
2023-02-28,1318.3499755859375,1304.9928152901787,1269.8113199869792,0.35396396337796787,2412.85009765625,3970.14990234375,20.700000762939453,104.87000274658203,3.5,110.33,76.88,4.75,4.5,301.476,304.097,258.669,175.16594039245,4.625,1.125,-191.14600000000002,0.08364260429095312,-0.5296648903409973
2023-03-01,1321.5999755859375,1307.2456752232142,1272.8996541341146,0.2465202761167795,2412.85009765625,3951.389892578125,20.579999923706055,104.4800033569336,3.5,110.52,77.57,4.75,4.5,301.643,305.123,257.062,175.16594039245,4.625,1.125,-191.123,0.08248152932580038,3.26612948609335
2023-03-02,1305.72998046875,1307.6599644252233,1275.3739868164062,-1.2008168440039046,2427.85009765625,3981.35009765625,19.59000015258789,105.02999877929688,3.5,110.52,78.05,4.75,4.5,301.643,305.123,257.062,175.16594039245,4.625,1.125,-191.123,0.09251072889823399,0.19029199836946287
2023-03-03,1311.06005859375,1309.5142647879463,1278.0043212890625,0.408206765926189,2432.070068359375,4045.639892578125,18.489999771118164,104.5199966430664,3.5,110.52,79.62,4.75,4.5,301.643,305.123,257.062,175.16594039245,4.625,1.125,-191.123,0.09260298354005117,0.5992755491079915
2023-03-04,1311.06005859375,1311.3685651506696,1280.974658203125,0.0,2432.070068359375,4045.639892578125,18.489999771118164,104.5199966430664,3.5,110.52,79.62,4.75,4.5,301.643,305.123,257.062,175.16594039245,4.625,1.125,-191.123,0.08751914709540964,0.5992755491079915
2023-03-05,1311.06005859375,1313.222865513393,1283.846659342448,0.0,2432.070068359375,4045.639892578125,18.489999771118164,104.5199966430664,3.5,110.52,79.62,4.75,4.5,301.643,305.123,257.062,175.16594039245,4.625,1.125,-191.123,0.08778632423695608,0.9152008009921442
2023-03-06,1294.780029296875,1310.52001953125,1286.1759928385416,-1.2417455012958767,2462.6201171875,4048.419921875,18.610000610351562,104.3499984741211,3.5,110.52,80.39,4.75,4.5,301.643,305.123,257.062,175.16594039245,4.625,1.125,-191.123,0.09743915187993361,-0.73521821693322
2023-03-07,1299.0,1307.7557373046875,1288.6459920247396,0.3259218251471463,2463.35009765625,3986.3701171875,19.59000015258789,105.62000274658203,3.5,110.52,77.45,4.75,4.5,301.643,305.123,257.062,175.16594039245,4.625,1.125,-191.123,0.09735366647420879,-1.5692812474331852
2023-03-08,1317.9000244140625,1307.2271728515625,1291.0176595052083,1.4549672374182032,2431.909912109375,3992.010009765625,19.110000610351562,105.66000366210938,3.5,110.52,76.56,4.75,4.5,301.643,305.123,257.062,175.16594039245,4.625,1.125,-191.123,0.0930705802474769,0.289175017024923
2023-03-09,1316.449951171875,1308.7585972377233,1292.8583251953125,-0.11002907772402759,2419.090087890625,3918.320068359375,22.610000610351562,105.30999755859375,3.5,110.52,75.6,4.75,4.5,301.643,305.123,257.062,175.16594039245,4.625,1.125,-191.123,0.08869341439493637,-0.013675346169372826
2023-03-10,1325.550048828125,1310.8285958426338,1295.1983276367187,0.6912604347889761,2394.590087890625,3861.590087890625,24.799999237060547,104.58000183105469,3.5,110.52,76.55,4.75,4.5,301.643,305.123,257.062,175.16594039245,4.625,1.125,-191.123,0.08811071329274918,0.6774905563622147
2023-03-11,1325.550048828125,1312.8985944475446,1297.3676635742188,0.0,2394.590087890625,3861.590087890625,24.799999237060547,104.58000183105469,3.5,110.52,76.55,4.75,4.5,301.643,305.123,257.062,175.16594039245,4.625,1.125,-191.123,0.08799924667824537,0.6774905563622147
2023-03-12,1325.550048828125,1314.9685930524554,1299.400996907552,0.0,2394.590087890625,3861.590087890625,24.799999237060547,104.58000183105469,3.5,110.52,76.55,4.75,4.5,301.643,305.123,257.062,175.16594039245,4.625,1.125,-191.123,0.0880062549781418,1.7173510845183149
2023-03-13,1319.5400390625,1318.5057373046875,1301.2339965820313,-0.45339742327633603,2410.60009765625,3855.760009765625,26.520000457763672,103.5999984741211,3.5,110.52,74.68,4.75,4.5,301.643,305.123,257.062,175.16594039245,4.625,1.125,-191.123,0.08968158838453036,1.0429424971562629
2023-03-14,1296.3800048828125,1318.1314522879463,1302.2949951171875,-1.7551596385163237,2348.969970703125,3919.2900390625,23.729999542236328,103.5999984741211,3.5,110.52,71.18,4.75,4.5,301.643,305.123,257.062,175.16594039245,4.625,1.125,-191.123,0.10520599446711444,0.5740992510505416
2023-03-15,1304.5799560546875,1316.2285853794642,1303.5519938151042,0.6325268162876485,2379.719970703125,3891.929931640625,26.139999389648438,104.6500015258789,3.5,110.52,67.38,4.75,4.5,301.643,305.123,257.062,175.16594039245,4.625,1.125,-191.123,0.10636972549300858,0.6868904339663029
2023-03-16,1311.739990234375,1315.5557338169642,1304.8453287760417,0.5488382790534985,2377.909912109375,3960.280029296875,22.989999771118164,104.41999816894531,3.5,110.52,68.15,4.75,4.5,301.643,305.123,257.062,175.16594039245,4.625,1.125,-191.123,0.10660455958788068,-0.4069535685154002
2023-03-17,1301.6199951171875,1312.1371547154017,1305.8243286132813,-0.7714939845189339,2395.68994140625,3916.639892578125,25.510000228881836,103.70999908447266,3.5,110.52,66.61,4.75,4.5,301.643,305.123,257.062,175.16594039245,4.625,1.125,-191.123,0.10950725508825987,-1.1753079307334602
2023-03-18,1301.6199951171875,1308.7185756138392,1306.42099609375,0.0,2395.68994140625,3916.639892578125,25.510000228881836,103.70999908447266,3.5,110.52,66.61,4.75,4.5,301.643,305.123,257.062,175.16594039245,4.625,1.125,-191.123,0.10669986709023466,-1.1753079307334602
2023-03-19,1301.6199951171875,1305.2999965122767,1306.842997233073,0.0,2395.68994140625,3916.639892578125,25.510000228881836,103.70999908447266,3.5,110.52,66.61,4.75,4.5,301.643,305.123,257.062,175.16594039245,4.625,1.125,-191.123,0.10615816406596484,-0.5531523856946663
2023-03-20,1307.6500244140625,1303.6014229910713,1307.4659993489583,0.46327110212625033,2379.199951171875,3951.570068359375,24.149999618530273,103.27999877929688,3.5,110.52,67.56,4.75,4.5,301.643,305.123,257.062,175.16594039245,4.625,1.125,-191.123,0.10687308890245438,0.48566225114312633
2023-03-21,1304.93994140625,1304.8242710658483,1307.9986653645833,-0.207248342998112,2388.35009765625,4002.8701171875,21.3799991607666,103.26000213623047,3.5,110.52,69.4,4.75,4.5,301.643,305.123,257.062,175.16594039245,4.625,1.125,-191.123,0.10712616716274731,1.6593380164801275
2023-03-22,1303.43994140625,1304.661411830357,1308.3159952799479,-0.11494781885391658,2416.9599609375,3936.969970703125,22.260000228881836,102.3499984741211,3.5,110.52,70.71,4.75,4.5,301.643,305.123,257.062,175.16594039245,4.625,1.125,-191.123,0.10672010750212499,1.7700228401112073
2023-03-23,1298.25,1302.7342703683037,1308.3873291015625,-0.3981726538662578,2424.47998046875,3948.719970703125,22.610000610351562,102.52999877929688,3.5,110.52,69.77,5.0,4.75,301.643,305.123,257.062,175.16594039245,4.875,1.375,-191.123,0.10732655160398466,0.623938081908415
2023-03-24,1286.2900390625,1300.5442766462054,1307.7359985351563,-0.921237122087426,2414.9599609375,3970.989990234375,21.739999771118164,103.12000274658203,3.5,110.52,69.22,5.0,4.75,301.643,305.123,257.062,175.16594039245,4.875,1.375,-191.123,0.108209329380732,-0.30304698940839536
2023-03-25,1286.2900390625,1298.354282924107,1307.18466796875,0.0,2414.9599609375,3970.989990234375,21.739999771118164,103.12000274658203,3.5,110.52,69.22,5.0,4.75,301.643,305.123,257.062,175.16594039245,4.875,1.375,-191.123,0.10807880604524206,-0.30304698940839536
2023-03-26,1286.2900390625,1296.1642892020088,1306.7916707356771,0.0,2414.9599609375,3970.989990234375,21.739999771118164,103.12000274658203,3.5,110.52,69.22,5.0,4.75,301.643,305.123,257.062,175.16594039245,4.875,1.375,-191.123,0.10764398266869434,0.5511122918251843
2023-03-27,1294.8299560546875,1294.3328508649554,1306.6833374023438,0.6639184579561697,2409.219970703125,3977.530029296875,20.600000381469727,102.86000061035156,3.5,110.52,72.87,5.0,4.75,301.643,305.123,257.062,175.16594039245,4.875,1.375,-191.123,0.10949888672807773,1.5449366806865594
2023-03-28,1297.800048828125,1293.3128662109375,1306.6740071614583,0.2293809128796509,2434.93994140625,3971.27001953125,19.969999313354492,102.43000030517578,3.5,110.52,73.12,5.0,4.75,301.643,305.123,257.062,175.16594039245,4.875,1.375,-191.123,0.1097115109133553,2.0058492583078236
2023-03-29,1296.97998046875,1292.3900146484375,1306.1166748046876,-0.06318911454160636,2443.919921875,4027.81005859375,19.1200008392334,102.63999938964844,3.5,110.52,72.95,5.0,4.75,301.643,305.123,257.062,175.16594039245,4.875,1.375,-191.123,0.1036286629689044,1.7782060341812622
2023-03-30,1307.1300048828125,1293.6585867745537,1305.74267578125,0.7825891352921444,2453.159912109375,4050.830078125,19.020000457763672,102.13999938964844,3.5,110.52,74.32,5.0,4.75,301.643,305.123,257.062,175.16594039245,4.875,1.375,-191.123,0.10576936986916949,3.719073425642061
2023-03-31,1296.5,1295.117152622768,1304.9060099283854,-0.8132324132338664,2476.860107421875,4109.31005859375,18.700000762939453,102.51000213623047,3.5,110.52,75.68,5.0,4.75,301.643,305.123,257.062,175.16594039245,4.875,1.375,-191.123,0.10783322998811708,2.875596301838912
2023-04-01,1296.5,1296.575718470982,1304.5983439127604,0.0,2476.860107421875,4109.31005859375,18.700000762939453,102.51000213623047,3.5,110.77,75.68,5.0,4.75,302.858,306.49,256.908,160.655945555478,4.875,1.375,-192.08800000000002,0.1022834475036836,2.875596301838912
2023-04-02,1296.5,1298.0342843191963,1304.1130086263022,0.0,2476.860107421875,4109.31005859375,18.700000762939453,102.51000213623047,3.5,110.77,75.68,5.0,4.75,302.858,306.49,256.908,160.655945555478,4.875,1.375,-192.08800000000002,0.10147380013679905,2.8225618684576848
2023-04-03,1305.47998046875,1299.5557163783483,1303.9270060221354,0.6926325081951346,2472.340087890625,4124.509765625,18.549999237060547,102.08999633789062,3.5,110.77,80.4,5.0,4.75,302.858,306.49,256.908,160.655945555478,4.875,1.375,-192.08800000000002,0.10364522543251728,2.7856078704741716
2023-04-04,1308.050048828125,1301.0200020926338,1303.8266723632812,0.19686769600650855,2480.510009765625,4100.60009765625,19.0,101.58999633789062,3.5,110.77,80.7,5.0,4.75,302.858,306.49,256.908,160.655945555478,4.875,1.375,-192.08800000000002,0.1038221850204398,2.2649164844077196
2023-04-05,1312.4100341796875,1303.2242954799108,1304.4143391927084,0.33331945940973107,2495.2099609375,4090.3798828125,19.079999923706055,101.8499984741211,3.5,110.77,80.69,5.0,4.75,302.858,306.49,256.908,160.655945555478,4.875,1.375,-192.08800000000002,0.09736090334026731,3.2515718565246488
2023-04-06,1316.2099609375,1304.5214320591517,1304.9880045572916,0.2895380756660959,2459.22998046875,4105.02001953125,18.399999618530273,101.81999969482422,3.5,110.77,80.7,5.0,4.75,302.858,306.49,256.908,160.655945555478,4.875,1.375,-192.08800000000002,0.09727597366975309,3.298584615585054
2023-04-07,1317.93994140625,1307.5842808314733,1304.9893351236979,0.13143651241764864,2490.409912109375,4105.02001953125,18.399999618530273,101.81999969482422,3.5,110.77,80.7,5.0,4.75,302.858,306.49,256.908,160.655945555478,4.875,1.375,-192.08800000000002,0.0877067143175318,3.434356672580585
2023-04-08,1317.93994140625,1310.6471296037946,1305.0390014648438,0.0,2490.409912109375,4105.02001953125,18.399999618530273,101.81999969482422,3.5,110.77,80.7,5.0,4.75,302.858,306.49,256.908,160.655945555478,4.875,1.375,-192.08800000000002,0.08764299422101163,3.434356672580585
2023-04-09,1317.93994140625,1313.7099783761162,1304.785331217448,0.0,2490.409912109375,4105.02001953125,18.399999618530273,101.81999969482422,3.5,110.77,80.7,5.0,4.75,302.858,306.49,256.908,160.655945555478,4.875,1.375,-192.08800000000002,0.08519702678755343,5.192830619842392
2023-04-10,1315.449951171875,1315.1342599051338,1304.448661295573,-0.18893047825215836,2512.080078125,4109.10986328125,18.969999313354492,102.58000183105469,3.5,110.77,79.79,5.0,4.75,302.858,306.49,256.908,160.655945555478,4.875,1.375,-192.08800000000002,0.08533859020204643,6.1463043117233385
2023-04-11,1320.8800048828125,1316.9671107700892,1304.2929931640624,0.41279059732375334,2547.860107421875,4108.93994140625,19.100000381469727,102.19999694824219,3.5,110.77,81.54,5.0,4.75,302.858,306.49,256.908,160.655945555478,4.875,1.375,-192.08800000000002,0.08627334262999295,6.508835027611393
2023-04-12,1322.0899658203125,1318.3499581473213,1304.3779907226562,0.09160263862177942,2550.639892578125,4091.949951171875,19.09000015258789,101.5,3.5,110.77,83.26,5.0,4.75,302.858,306.49,256.908,160.655945555478,4.875,1.375,-192.08800000000002,0.08528147160448744,6.4827635161953
2023-04-13,1322.8299560546875,1319.2956717354912,1305.2596557617187,0.05597124654945773,2561.659912109375,4146.22021484375,17.799999237060547,101.01000213623047,3.5,110.77,82.16,5.0,4.75,302.858,306.49,256.908,160.655945555478,4.875,1.375,-192.08800000000002,0.06692570330877835,6.754735245055321
2023-04-14,1301.4300537109375,1316.9371163504463,1305.154659016927,-1.617736447969076,2571.489990234375,4137.64013671875,17.06999969482422,101.55000305175781,3.5,110.77,82.58,5.0,4.75,302.858,306.49,256.908,160.655945555478,4.875,1.375,-192.08800000000002,0.08078121374177546,5.027724983063164
2023-04-15,1301.4300537109375,1314.5785609654017,1304.8109944661458,0.0,2571.489990234375,4137.64013671875,17.06999969482422,101.55000305175781,3.5,110.77,82.58,5.0,4.75,302.858,306.49,256.908,160.655945555478,4.875,1.375,-192.08800000000002,0.07904833623215493,5.027724983063164
2023-04-16,1301.4300537109375,1312.220005580357,1304.8046630859376,0.0,2571.489990234375,4137.64013671875,17.06999969482422,101.55000305175781,3.5,110.77,82.58,5.0,4.75,302.858,306.49,256.908,160.655945555478,4.875,1.375,-192.08800000000002,0.0758144880568359,5.24345900280796
2023-04-17,1303.3800048828125,1310.4957275390625,1304.863330078125,0.14983142323437004,2575.909912109375,4151.31982421875,16.950000762939453,102.0999984741211,3.5,110.77,80.93,5.0,4.75,302.858,306.49,256.908,160.655945555478,4.875,1.375,-192.08800000000002,0.07593768819246238,5.051143774001621
2023-04-18,1316.0699462890625,1309.8085763113838,1305.3449951171874,0.9736179286708557,2571.090087890625,4154.8701171875,16.829999923706055,101.75,3.5,110.77,80.85,5.0,4.75,302.858,306.49,256.908,160.655945555478,4.875,1.375,-192.08800000000002,0.08095241764647157,6.3920732650818435
2023-04-19,1315.9000244140625,1308.9242989676338,1305.6199951171875,-0.012911310335683712,2575.080078125,4154.52001953125,16.459999084472656,101.97000122070312,3.5,110.77,79.18,5.0,4.75,302.858,306.49,256.908,160.655945555478,4.875,1.375,-192.08800000000002,0.07994922336999827,6.302712639633912
2023-04-20,1326.760009765625,1309.4857352120537,1306.3473307291667,0.8252895470838073,2563.110107421875,4129.7900390625,17.170000076293945,101.83999633789062,3.5,110.77,77.27,5.0,4.75,302.858,306.49,256.908,160.655945555478,4.875,1.375,-192.08800000000002,0.08291982536517564,7.675822682719335
2023-04-21,1323.5999755859375,1312.652866908482,1307.0193318684896,-0.23817677322409692,2544.39990234375,4133.52001953125,16.770000457763672,101.81999969482422,3.5,110.77,77.86,5.0,4.75,302.858,306.49,256.908,160.655945555478,4.875,1.375,-192.08800000000002,0.08321775942077185,7.419363882711139
2023-04-22,1323.5999755859375,1315.8199986049108,1307.8643310546875,0.0,2544.39990234375,4133.52001953125,16.770000457763672,101.81999969482422,3.5,110.77,77.86,5.0,4.75,302.858,306.49,256.908,160.655945555478,4.875,1.375,-192.08800000000002,0.08213709120938528,7.419363882711139
2023-04-23,1323.5999755859375,1318.9871303013392,1309.1079956054687,0.0,2544.39990234375,4133.52001953125,16.770000457763672,101.81999969482422,3.5,110.77,77.86,5.0,4.75,302.858,306.49,256.908,160.655945555478,4.875,1.375,-192.08800000000002,0.07667549941337888,7.607126985554169
2023-04-24,1329.3800048828125,1322.701416015625,1310.544327799479,0.4366900425724296,2523.5,4137.0400390625,16.889999389648438,101.3499984741211,3.5,110.77,78.64,5.0,4.75,302.858,306.49,256.908,160.655945555478,4.875,1.375,-192.08800000000002,0.07724047599078773,8.142975823270525
2023-04-25,1332.800048828125,1325.0914306640625,1312.0946614583333,0.2572660889099243,2489.02001953125,4071.6298828125,18.760000228881836,101.86000061035156,3.5,110.77,77.05,5.0,4.75,302.858,306.49,256.908,160.655945555478,4.875,1.375,-192.08800000000002,0.07727896594730649,8.123895629915424
2023-04-26,1341.0,1328.6771414620537,1313.633662923177,0.6152424123247124,2484.830078125,4055.989990234375,18.84000015258789,101.47000122070312,3.5,110.77,74.33,5.0,4.75,302.858,306.49,256.908,160.655945555478,4.875,1.375,-192.08800000000002,0.07699339894583042,8.795303968545486
2023-04-27,1337.8299560546875,1330.2585623604912,1314.9679931640626,-0.23639403022464034,2495.81005859375,4135.35009765625,17.030000686645508,101.5,3.5,110.77,74.77,5.0,4.75,302.858,306.49,256.908,160.655945555478,4.875,1.375,-192.08800000000002,0.07758900854277229,8.603318794428683
2023-04-28,1339.3900146484375,1332.5142822265625,1316.381660970052,0.11661112734764334,2501.530029296875,4169.47998046875,15.779999732971191,101.66999816894531,3.5,110.77,76.78,5.0,4.75,302.858,306.49,256.908,160.655945555478,4.875,1.375,-192.08800000000002,0.07743025564974398,8.729962348811826
2023-04-29,1339.3900146484375,1334.7700020926338,1317.4569946289062,0.0,2501.530029296875,4169.47998046875,15.779999732971191,101.66999816894531,3.5,110.77,76.78,5.0,4.75,302.858,306.49,256.908,160.655945555478,4.875,1.375,-192.08800000000002,0.0747865668059069,8.729962348811826
2023-04-30,1339.3900146484375,1337.0257219587054,1318.8866617838542,0.0,2501.530029296875,4169.47998046875,15.779999732971191,101.66999816894531,3.5,110.77,76.78,5.0,4.75,302.858,306.49,256.908,160.655945555478,4.875,1.375,-192.08800000000002,0.06987674153998073,8.986538741569694
2023-05-01,1337.1700439453125,1338.1385846819196,1320.2423299153645,-0.16574490468391767,2501.530029296875,4167.8701171875,16.079999923706055,102.1500015258789,3.5,111.13,75.65,5.0,4.75,303.316,307.623,253.67,160.655945555478,4.875,1.375,-192.18599999999998,0.0702664396947424,8.580596341478897
2023-05-02,1342.7900390625,1339.5657261439733,1321.785331217448,0.4202902347861359,2524.389892578125,4119.580078125,17.780000686645508,101.95999908447266,3.5,111.13,71.71,5.0,4.75,303.316,307.623,253.67,160.655945555478,4.875,1.375,-192.18599999999998,0.07078006084989563,8.979427217156566
2023-05-03,1342.300048828125,1339.7514474051338,1323.0126668294272,-0.036490457936155796,2501.39990234375,4090.75,18.34000015258789,101.33999633789062,3.5,111.13,68.62,5.0,4.75,303.316,307.623,253.67,160.655945555478,4.875,1.375,-192.18599999999998,0.06876180446122056,9.84902021075673
2023-05-04,1335.22998046875,1339.3800223214287,1323.9186645507812,-0.5267129629882294,2500.93994140625,4061.219970703125,20.09000015258789,101.4000015258789,3.5,111.13,68.52,5.25,5.0,303.316,307.623,253.67,160.655945555478,5.125,1.625,-192.18599999999998,0.07098030815900364,9.007262132063754
2023-05-05,1320.1500244140625,1336.6314522879463,1324.1766642252603,-1.1293901631382997,2500.93994140625,4136.25,17.190000534057617,101.20999908447266,3.5,111.13,71.32,5.25,5.0,303.316,307.623,253.67,160.655945555478,5.125,1.625,-192.18599999999998,0.07851666513594685,7.776144836437848
2023-05-06,1320.1500244140625,1333.8828822544642,1324.307999674479,0.0,2500.93994140625,4136.25,17.190000534057617,101.20999908447266,3.5,111.13,71.32,5.25,5.0,303.316,307.623,253.67,160.655945555478,5.125,1.625,-192.18599999999998,0.07810283215539131,7.776144836437848
2023-05-07,1320.1500244140625,1331.134312220982,1324.3816691080729,0.0,2500.93994140625,4136.25,17.190000534057617,101.20999908447266,3.5,111.13,71.32,5.25,5.0,303.316,307.623,253.67,160.655945555478,5.125,1.625,-192.18599999999998,0.07801976962337667,5.887308956411674
2023-05-08,1316.9599609375,1328.2471575055804,1324.349003092448,-0.24164401148106807,2513.2099609375,4138.1201171875,16.979999542236328,101.37000274658203,3.5,111.13,73.13,5.25,5.0,303.316,307.623,253.67,160.655945555478,5.125,1.625,-192.18599999999998,0.07835158800186098,4.418700897677463
2023-05-09,1322.4100341796875,1325.335728236607,1324.4980061848958,0.41383742891527575,2510.06005859375,4119.169921875,17.709999084472656,101.63999938964844,3.5,111.13,73.68,5.25,5.0,303.316,307.623,253.67,160.655945555478,5.125,1.625,-192.18599999999998,0.07927019742808804,5.341941283142937
2023-05-10,1326.050048828125,1323.0142996651787,1324.8513427734374,0.27525612740042504,2496.510009765625,4137.64013671875,16.940000534057617,101.4800033569336,3.5,111.13,72.53,5.25,5.0,303.316,307.623,253.67,160.655945555478,5.125,1.625,-192.18599999999998,0.07938678675683972,5.2028274888942905
2023-05-11,1318.050048828125,1320.560023716518,1324.757010904948,-0.6032954794632284,2491.0,4130.6201171875,16.93000030517578,102.05999755859375,3.5,111.13,70.81,5.25,5.0,303.316,307.623,253.67,160.655945555478,5.125,1.625,-192.18599999999998,0.08056024912742542,4.230753859808023
2023-05-12,1329.8800048828125,1321.9500209263392,1325.0166788736979,0.8975346622994707,2475.419921875,4124.080078125,17.030000686645508,102.68000030517578,3.5,111.13,70.02,5.25,5.0,303.316,307.623,253.67,160.655945555478,5.125,1.625,-192.18599999999998,0.08468838747158025,5.166261004475836
2023-05-13,1329.8800048828125,1323.3400181361608,1325.2516805013022,0.0,2475.419921875,4124.080078125,17.030000686645508,102.68000030517578,3.5,111.13,70.02,5.25,5.0,303.316,307.623,253.67,160.655945555478,5.125,1.625,-192.18599999999998,0.08468381945705009,5.166261004475836
2023-05-14,1329.8800048828125,1324.730015345982,1326.2000122070312,0.0,2475.419921875,4124.080078125,17.030000686645508,102.68000030517578,3.5,111.13,70.02,5.25,5.0,303.316,307.623,253.67,160.655945555478,5.125,1.625,-192.18599999999998,0.06904855288895467,4.97367606845851
2023-05-15,1341.52001953125,1328.2385951450892,1327.5363444010416,0.87526803965019,2479.35009765625,4136.27978515625,17.1200008392334,102.43000030517578,3.5,111.13,71.07,5.25,5.0,303.316,307.623,253.67,160.655945555478,5.125,1.625,-192.18599999999998,0.07280207097971386,5.387534469948196
2023-05-16,1335.4000244140625,1330.0943080357142,1328.6686767578126,-0.45619856789956836,2480.239990234375,4109.89990234375,17.989999771118164,102.55999755859375,3.5,111.13,70.85,5.25,5.0,303.316,307.623,253.67,160.655945555478,5.125,1.625,-192.18599999999998,0.0745384980126547,4.963649000908821
2023-05-17,1342.4300537109375,1332.4343087332588,1329.9703450520833,0.52643621149846,2494.659912109375,4158.77001953125,16.8700008392334,102.87999725341797,3.5,111.13,72.78,5.25,5.0,303.316,307.623,253.67,160.655945555478,5.125,1.625,-192.18599999999998,0.07560591734009664,4.57343379768842
2023-05-18,1334.1500244140625,1334.7343052455358,1330.5730143229166,-0.6167940947080397,2515.39990234375,4198.0498046875,16.049999237060547,103.58000183105469,3.5,111.13,71.82,5.25,5.0,303.316,307.623,253.67,160.655945555478,5.125,1.625,-192.18599999999998,0.07365461077345194,3.5059322900685252
2023-05-19,1334.739990234375,1335.4285888671875,1331.2010131835937,0.04422035074891362,2537.7900390625,4191.97998046875,16.809999465942383,103.19999694824219,3.5,111.13,71.57,5.25,5.0,303.316,307.623,253.67,160.655945555478,5.125,1.625,-192.18599999999998,0.07363315327538059,3.551702976373128
2023-05-20,1334.739990234375,1336.1228724888392,1331.4670125325522,0.0,2537.7900390625,4191.97998046875,16.809999465942383,103.19999694824219,3.5,111.13,71.57,5.25,5.0,303.316,307.623,253.67,160.655945555478,5.125,1.625,-192.18599999999998,0.06985506752438135,3.551702976373128
2023-05-21,1334.739990234375,1336.8171561104912,1331.8383463541666,0.0,2537.7900390625,4191.97998046875,16.809999465942383,103.19999694824219,3.5,111.13,71.57,5.25,5.0,303.316,307.623,253.67,160.655945555478,5.125,1.625,-192.18599999999998,0.06942715634640195,3.1547502861612564
2023-05-22,1324.2099609375,1334.3442905970983,1331.8586791992188,-0.7889198925571939,2557.080078125,4192.6298828125,17.209999084472656,103.19999694824219,3.5,111.13,71.81,5.25,5.0,303.316,307.623,253.67,160.655945555478,5.125,1.625,-192.18599999999998,0.0733656575282531,2.1680240028638886
2023-05-23,1313.8299560546875,1331.2628522600446,1331.5330118815104,-0.7838639784482293,2567.550048828125,4145.580078125,18.530000686645508,103.48999786376953,3.5,111.13,72.87,5.25,5.0,303.316,307.623,253.67,160.655945555478,5.125,1.625,-192.18599999999998,0.07682545979386904,0.6126371939092712
2023-05-24,1319.8399658203125,1328.0356968470983,1331.2150105794271,0.4574419800620566,2567.449951171875,4115.240234375,20.030000686645508,103.88999938964844,3.5,111.13,74.37,5.25,5.0,303.316,307.623,253.67,160.655945555478,5.125,1.625,-192.18599999999998,0.07693576623454217,1.3056200992749512
2023-05-25,1318.52001953125,1325.8028390066963,1330.7390096028646,-0.10000805576774185,2554.68994140625,4151.27978515625,19.139999389648438,104.20999908447266,3.5,111.13,71.68,5.25,5.0,303.316,307.623,253.67,160.655945555478,5.125,1.625,-192.18599999999998,0.07650093751757883,1.5746382479155496
2023-05-26,1330.8900146484375,1325.2528424944196,1330.402010091146,0.9381727189538669,2558.81005859375,4205.4501953125,17.950000762939453,104.20999908447266,3.5,111.13,72.35,5.25,5.0,303.316,307.623,253.67,160.655945555478,5.125,1.625,-192.18599999999998,0.07940278913776669,2.5275837933335765
2023-05-27,1330.8900146484375,1324.702845982143,1330.1706787109374,0.0,2558.81005859375,4205.4501953125,17.950000762939453,104.20999908447266,3.5,111.13,72.35,5.25,5.0,303.316,307.623,253.67,160.655945555478,5.125,1.625,-192.18599999999998,0.07914853127780452,2.5275837933335765
2023-05-28,1330.8900146484375,1324.1528494698662,1329.887345377604,0.0,2558.81005859375,4205.4501953125,17.950000762939453,104.20999908447266,3.5,111.13,72.35,5.25,5.0,303.316,307.623,253.67,160.655945555478,5.125,1.625,-192.18599999999998,0.07905068137280337,1.3085228069947163
2023-05-29,1322.4300537109375,1323.8985770089287,1329.3220133463542,-0.6356619137859232,2558.81005859375,4205.4501953125,17.950000762939453,104.20999908447266,3.5,111.13,72.35,5.25,5.0,303.316,307.623,253.67,160.655945555478,5.125,1.625,-192.18599999999998,0.08103276324906876,0.3094836879855567
2023-05-30,1324.5899658203125,1325.4357212611608,1328.8286783854167,0.16332902472337985,2585.52001953125,4205.52001953125,17.459999084472656,104.16999816894531,3.5,111.13,69.45,5.25,5.0,303.316,307.623,253.67,160.655945555478,5.125,1.625,-192.18599999999998,0.08124293325155299,0.22624018535180035
2023-05-31,1319.7900390625,1325.4285888671875,1328.2493448893229,-0.36237076239966637,2577.1201171875,4179.830078125,17.940000534057617,104.31999969482422,3.5,111.13,68.11,5.25,5.0,303.316,307.623,253.67,160.655945555478,5.125,1.625,-192.18599999999998,0.08171479187551232,1.0767967959732783
2023-06-01,1321.739990234375,1325.8885846819196,1327.547676595052,0.14774707447102742,2569.169921875,4221.02001953125,15.649999618530273,103.55999755859375,3.5,111.16,70.09,5.25,5.0,304.099,308.291,253.86,160.655945555478,5.125,1.625,-192.939,0.08075012241684454,0.8146027766325448
2023-06-02,1312.8499755859375,1323.3114362444196,1326.566007486979,-0.6725993549503761,2601.360107421875,4282.3701171875,14.600000381469727,104.0199966430664,3.5,111.16,71.76,5.25,5.0,304.099,308.291,253.86,160.655945555478,5.125,1.625,-192.939,0.0827284028818941,0.1365244086611428
2023-06-03,1312.8499755859375,1320.7342878069196,1325.8200073242188,0.0,2601.360107421875,4282.3701171875,14.600000381469727,104.0199966430664,3.5,111.16,71.76,5.25,5.0,304.099,308.291,253.86,160.655945555478,5.125,1.625,-192.939,0.08161704901614773,0.1365244086611428
2023-06-04,1312.8499755859375,1318.1571393694196,1325.5766723632812,0.0,2601.360107421875,4282.3701171875,14.600000381469727,104.0199966430664,3.5,111.16,71.76,5.25,5.0,304.099,308.291,253.86,160.655945555478,5.125,1.625,-192.939,0.07499376114432554,1.3955997065289383
2023-06-05,1305.1400146484375,1315.6871337890625,1325.0763387044271,-0.5872690010950365,2615.409912109375,4273.7900390625,14.729999542236328,104.0,3.5,111.16,72.14,5.25,5.0,304.099,308.291,253.86,160.655945555478,5.125,1.625,-192.939,0.07678544567661168,0.47267241327464404
2023-06-06,1299.7900390625,1312.144287109375,1324.3976725260416,-0.4099158347680154,2615.409912109375,4283.85009765625,13.960000038146973,104.12999725341797,3.5,111.16,71.71,5.25,5.0,304.099,308.291,253.86,160.655945555478,5.125,1.625,-192.939,0.077529390469603,-1.3741547170555868
2023-06-07,1299.199951171875,1309.202845982143,1323.8056722005208,-0.045398708475297145,2615.60009765625,4267.52001953125,13.9399995803833,104.0999984741211,3.5,111.16,72.52,5.25,5.0,304.099,308.291,253.86,160.655945555478,5.125,1.625,-192.939,0.07731761620469763,-1.3103422568130574
2023-06-08,1308.3399658203125,1307.2885567801338,1323.336669921875,0.7035110061536898,2610.85009765625,4293.93017578125,13.649999618530273,103.33999633789062,3.5,111.16,71.28,5.25,5.0,304.099,308.291,253.86,160.655945555478,5.125,1.625,-192.939,0.07924039614435073,-1.2983352098268508
2023-06-09,1296.3299560546875,1304.9285539899554,1322.3460001627604,-0.9179578763456098,2641.159912109375,4298.85986328125,13.829999923706055,103.55999755859375,3.5,111.16,70.16,5.25,5.0,304.099,308.291,253.86,160.655945555478,5.125,1.625,-192.939,0.08266052247787663,-2.2043749158524806
2023-06-10,1296.3299560546875,1302.5685511997767,1321.6219970703125,0.0,2641.159912109375,4298.85986328125,13.829999923706055,103.55999755859375,3.5,111.16,70.16,5.25,5.0,304.099,308.291,253.86,160.655945555478,5.125,1.625,-192.939,0.08114039979376811,-2.2043749158524806
2023-06-11,1296.3299560546875,1300.2085484095983,1320.503662109375,0.0,2641.159912109375,4298.85986328125,13.829999923706055,103.55999755859375,3.5,111.16,70.16,5.25,5.0,304.099,308.291,253.86,160.655945555478,5.125,1.625,-192.939,0.07600010553946293,-1.7589525380603543
2023-06-12,1286.68994140625,1297.5728236607142,1319.0639933268228,-0.7436389634762675,2629.35009765625,4338.93017578125,15.010000228881836,103.62999725341797,3.5,111.16,67.08,5.25,5.0,304.099,308.291,253.86,160.655945555478,5.125,1.625,-192.939,0.07830669362516578,-0.7474709143973857
2023-06-13,1284.5799560546875,1295.3999546595983,1317.5539916992188,-0.16398553246297354,2637.949951171875,4369.009765625,14.609999656677246,103.33999633789062,3.5,111.16,69.39,5.25,5.0,304.099,308.291,253.86,160.655945555478,5.125,1.625,-192.939,0.07825289090223896,-1.5330605002152553
2023-06-14,1267.6199951171875,1290.8885323660713,1315.0906575520833,-1.320272892128016,2619.080078125,4372.58984375,13.880000114440918,103.01000213623047,3.5,111.16,68.22,5.25,5.0,304.099,308.291,253.86,160.655945555478,5.125,1.625,-192.939,0.07998016372846566,-3.363471072442059
2023-06-15,1273.989990234375,1285.9813929966517,1313.0436564127604,0.5025161437753001,2608.5400390625,4425.83984375,14.5,102.12000274658203,3.5,111.16,70.61,5.25,5.0,304.099,308.291,253.86,160.655945555478,5.125,1.625,-192.939,0.0819825784464684,-2.1227397386688773
2023-06-16,1270.050048828125,1282.2271205357142,1310.6309895833333,-0.3092599970526577,2625.7900390625,4409.58984375,13.539999961853027,102.30000305175781,3.5,111.16,71.81,5.25,5.0,304.099,308.291,253.86,160.655945555478,5.125,1.625,-192.939,0.07948171747360043,-2.4254349508682993
2023-06-17,1270.050048828125,1278.4728480747767,1308.4943237304688,0.0,2625.7900390625,4409.58984375,13.539999961853027,102.30000305175781,3.5,111.16,71.81,5.25,5.0,304.099,308.291,253.86,160.655945555478,5.125,1.625,-192.939,0.07856397001722738,-2.4254349508682993
2023-06-18,1270.050048828125,1274.7185756138392,1306.3379923502605,0.0,2625.7900390625,4409.58984375,13.539999961853027,102.30000305175781,3.5,111.16,71.81,5.25,5.0,304.099,308.291,253.86,160.655945555478,5.125,1.625,-192.939,0.07847311367604623,-2.87538522417613
2023-06-19,1276.31005859375,1273.2357352120537,1304.3903279622396,0.4928947305187892,2609.5,4409.58984375,13.539999961853027,102.30000305175781,3.5,111.16,71.81,5.25,5.0,304.099,308.291,253.86,160.655945555478,5.125,1.625,-192.939,0.08064011865829643,-2.193961722226645
2023-06-20,1283.239990234375,1273.0443115234375,1302.6736612955729,0.5429661541851649,2604.909912109375,4388.7099609375,13.880000114440918,102.54000091552734,3.5,111.16,70.94,5.25,5.0,304.099,308.291,253.86,160.655945555478,5.125,1.625,-192.939,0.08300595266778635,-1.5497416129570007
2023-06-21,1287.5400390625,1275.8900320870537,1301.4513305664063,0.3350931128120127,2582.6298828125,4365.68994140625,13.199999809265137,102.06999969482422,3.5,111.16,72.55,5.25,5.0,304.099,308.291,253.86,160.655945555478,5.125,1.625,-192.939,0.08163082346965876,-0.8249536635855925
2023-06-22,1288.3800048828125,1277.9457484654017,1300.6029988606772,0.06523803492155533,2593.699951171875,4381.89013671875,12.90999984741211,102.38999938964844,3.5,111.16,69.22,5.25,5.0,304.099,308.291,253.86,160.655945555478,5.125,1.625,-192.939,0.07904845966562878,0.16248013720419063
2023-06-23,1298.2099609375,1281.9685930524554,1299.8819986979167,0.7629702430519858,2570.10009765625,4348.330078125,13.4399995803833,102.9000015258789,3.5,111.16,68.91,5.25,5.0,304.099,308.291,253.86,160.655945555478,5.125,1.625,-192.939,0.08126462774597196,0.926690055353907
2023-06-24,1298.2099609375,1285.9914376395088,1299.2049967447917,0.0,2570.10009765625,4348.330078125,13.4399995803833,102.9000015258789,3.5,111.16,68.91,5.25,5.0,304.099,308.291,253.86,160.655945555478,5.125,1.625,-192.939,0.08126690108631379,0.926690055353907
2023-06-25,1298.2099609375,1290.0142822265625,1298.1156616210938,0.0,2570.10009765625,4348.330078125,13.4399995803833,102.9000015258789,3.5,111.16,68.91,5.25,5.0,304.099,308.291,253.86,160.655945555478,5.125,1.625,-192.939,0.07570799149918397,0.2610385145174865
2023-06-26,1307.6700439453125,1294.4942801339287,1297.3416625976563,0.7287020815169853,2582.199951171875,4328.81982421875,14.25,102.69000244140625,3.5,111.16,69.09,5.25,5.0,304.099,308.291,253.86,160.655945555478,5.125,1.625,-192.939,0.0792543894745634,0.7605173945015586
2023-06-27,1302.6600341796875,1297.2685721261162,1296.4006632486978,-0.38312491662725323,2581.389892578125,4378.41015625,13.739999771118164,102.48999786376953,3.5,111.16,67.68,5.25,5.0,304.099,308.291,253.86,160.655945555478,5.125,1.625,-192.939,0.07978914499476296,0.43794459409347564
2023-06-28,1296.5999755859375,1298.5628487723213,1295.5396606445313,-0.46520645715258935,2564.18994140625,4376.85986328125,13.430000305175781,102.91000366210938,3.5,111.16,69.54,5.25,5.0,304.099,308.291,253.86,160.655945555478,5.125,1.625,-192.939,0.07888730184145425,-0.8055839325499248
2023-06-29,1309.010009765625,1301.5099923270088,1295.0203287760417,0.9571212720468569,2550.02001953125,4396.43994140625,13.539999961853027,103.33999633789062,3.5,111.16,69.85,5.25,5.0,304.099,308.291,253.86,160.655945555478,5.125,1.625,-192.939,0.08406453455842175,0.9649062680775256
2023-06-30,1323.0699462890625,1305.0614188058037,1295.129659016927,1.0740893055473988,2564.280029296875,4450.3798828125,13.59000015258789,102.91000366210938,3.5,111.16,70.66,5.25,5.0,304.099,308.291,253.86,160.655945555478,5.125,1.625,-192.939,0.08938971826746583,2.0493595286588784
2023-07-01,1323.0699462890625,1308.6128452845983,1295.1739908854167,0.0,2564.280029296875,4450.3798828125,13.59000015258789,102.91000366210938,3.5,111.29,70.66,5.25,5.0,304.615,308.959,253.835,162.595898776549,5.125,1.625,-193.325,0.08929411450254114,2.0493595286588784
2023-07-02,1323.0699462890625,1312.164271763393,1295.5146565755208,0.0,2564.280029296875,4450.3798828125,13.59000015258789,102.91000366210938,3.5,111.29,70.66,5.25,5.0,304.615,308.959,253.835,162.595898776549,5.125,1.625,-193.325,0.08695698217656125,1.3473945279495192
2023-07-03,1315.300048828125,1313.2542724609375,1295.5963256835937,-0.5872627885419424,2602.469970703125,4455.58984375,13.569999694824219,102.98999786376953,3.5,111.29,69.71,5.25,5.0,304.615,308.959,253.835,162.595898776549,5.125,1.625,-193.325,0.08876417831439888,0.5542601375608802
2023-07-04,1306.0999755859375,1313.7456926618304,1295.3713256835938,-0.6994657417054295,2593.31005859375,4455.58984375,13.569999694824219,102.98999786376953,3.5,111.29,69.71,5.25,5.0,304.615,308.959,253.835,162.595898776549,5.125,1.625,-193.325,0.09110128642701086,-0.48079932562341554
2023-07-05,1295.5,1313.5885532924108,1295.0499918619792,-0.8115745949066611,2579.0,4446.81982421875,14.180000305175781,103.37000274658203,3.5,111.29,71.78,5.25,5.0,304.615,308.959,253.835,162.595898776549,5.125,1.625,-193.325,0.09254493046557365,-1.5734542019989584
2023-07-06,1302.969970703125,1312.7256905691963,1295.1559895833334,0.5766090855364725,2556.2900390625,4411.58984375,15.4399995803833,103.16999816894531,3.5,111.29,71.76,5.25,5.0,304.615,308.959,253.835,162.595898776549,5.125,1.625,-193.325,0.09337461507139275,-1.1358613721921151
2023-07-07,1309.219970703125,1310.7471226283483,1295.489990234375,0.4796733724129698,2526.7099609375,4398.9501953125,14.829999923706055,102.2699966430664,3.5,111.29,73.91,5.25,5.0,304.615,308.959,253.835,162.595898776549,5.125,1.625,-193.325,0.09433991321495733,-0.6616364243290707
2023-07-08,1309.219970703125,1308.7685546875,1295.5193237304688,0.0,2526.7099609375,4398.9501953125,14.829999923706055,102.2699966430664,3.5,111.29,73.91,5.25,5.0,304.615,308.959,253.835,162.595898776549,5.125,1.625,-193.325,0.09213583757591354,-0.6616364243290707
2023-07-09,1309.219970703125,1306.7899867466517,1295.9489908854166,0.0,2526.7099609375,4398.9501953125,14.829999923706055,102.2699966430664,3.5,111.29,73.91,5.25,5.0,304.615,308.959,253.835,162.595898776549,5.125,1.625,-193.325,0.08789879815513407,-0.4736007221863514
2023-07-10,1297.3699951171875,1304.228550502232,1295.9836588541666,-0.905117234010222,2520.699951171875,4409.52978515625,15.069999694824219,101.97000122070312,3.5,111.29,73.05,5.25,5.0,304.615,308.959,253.835,162.595898776549,5.125,1.625,-193.325,0.09202488467351097,-1.7798747561259987
2023-07-11,1299.5400390625,1303.2914167131696,1296.0906616210937,0.16726484761322435,2562.489990234375,4439.259765625,14.84000015258789,101.7300033569336,3.5,111.29,74.87,5.25,5.0,304.615,308.959,253.835,162.595898776549,5.125,1.625,-193.325,0.09214570462594503,-1.7056272523648608
2023-07-12,1291.510009765625,1302.7214181082588,1296.2513305664063,-0.6179131889362921,2574.719970703125,4472.16015625,13.539999961853027,100.5199966430664,3.5,111.29,75.77,5.25,5.0,304.615,308.959,253.835,162.595898776549,5.125,1.625,-193.325,0.09132066596613017,-2.3676471904577667
2023-07-13,1274.699951171875,1298.6828438895088,1295.9219970703125,-1.3015817505588334,2591.22998046875,4510.0400390625,13.609999656677246,99.7699966430664,3.5,111.29,76.86,5.25,5.0,304.615,308.959,253.835,162.595898776549,5.125,1.625,-193.325,0.09888653473841631,-2.0539023563228342
2023-07-14,1266.8299560546875,1292.6271275111608,1295.895662434896,-0.6173998131836722,2628.300048828125,4505.419921875,13.34000015258789,99.91000366210938,3.5,111.29,75.44,5.25,5.0,304.615,308.959,253.835,162.595898776549,5.125,1.625,-193.325,0.0927895433516465,-2.6586213801955916
2023-07-15,1266.8299560546875,1286.5714111328125,1295.6569946289062,0.0,2628.300048828125,4505.419921875,13.34000015258789,99.91000366210938,3.5,111.29,75.44,5.25,5.0,304.615,308.959,253.835,162.595898776549,5.125,1.625,-193.325,0.09155752231642297,-2.6586213801955916
2023-07-16,1266.8299560546875,1280.5156947544642,1295.549658203125,0.0,2628.300048828125,4505.419921875,13.34000015258789,99.91000366210938,3.5,111.29,75.44,5.25,5.0,304.615,308.959,253.835,162.595898776549,5.125,1.625,-193.325,0.09113798278141354,-2.8042511540148474
2023-07-17,1268.3399658203125,1276.3685477120537,1295.492655436198,0.11919593141984652,2619.0,4522.7900390625,13.479999542236328,99.83999633789062,3.5,111.29,74.17,5.25,5.0,304.615,308.959,253.835,162.595898776549,5.125,1.625,-193.325,0.09121123272560384,-3.626705450066292
2023-07-18,1265.449951171875,1271.49853515625,1295.3393188476562,-0.22785804487114314,2607.6201171875,4554.97998046875,13.300000190734863,99.94000244140625,3.5,111.29,75.76,5.25,5.0,304.615,308.959,253.835,162.595898776549,5.125,1.625,-193.325,0.0914437260804494,-3.833883449060016
2023-07-19,1264.93994140625,1267.7028111049108,1294.9603149414063,-0.04030264216713375,2608.239990234375,4565.72021484375,13.760000228881836,100.27999877929688,3.5,111.29,75.4,5.25,5.0,304.615,308.959,253.835,162.595898776549,5.125,1.625,-193.325,0.09019035626349937,-4.659476311039523
2023-07-20,1265.0899658203125,1266.3299560546875,1294.355314127604,0.011860200563806877,2600.22998046875,4534.8701171875,13.989999771118164,100.87999725341797,3.5,111.29,75.65,5.25,5.0,304.615,308.959,253.835,162.595898776549,5.125,1.625,-193.325,0.08856626467002057,-4.420520613845092
2023-07-21,1278.4000244140625,1267.9828229631696,1294.0506469726563,1.0521037201587147,2609.760009765625,4536.33984375,13.600000381469727,101.06999969482422,3.5,111.29,77.06,5.25,5.0,304.615,308.959,253.835,162.595898776549,5.125,1.625,-193.325,0.09354504074731837,-3.4149253555150305
2023-07-22,1278.4000244140625,1269.6356898716517,1293.7179809570312,0.0,2609.760009765625,4536.33984375,13.600000381469727,101.06999969482422,3.5,111.29,77.06,5.25,5.0,304.615,308.959,253.835,162.595898776549,5.125,1.625,-193.325,0.09351123585320015,-3.4149253555150305
2023-07-23,1278.4000244140625,1271.2885567801338,1293.0576497395834,0.0,2609.760009765625,4536.33984375,13.600000381469727,101.06999969482422,3.5,111.29,77.06,5.25,5.0,304.615,308.959,253.835,162.595898776549,5.125,1.625,-193.325,0.09049586535304652,-3.83486890742305
2023-07-24,1285.6500244140625,1273.7614222935267,1292.638985188802,0.567115133099505,2628.530029296875,4554.64013671875,13.90999984741211,101.3499984741211,3.5,111.29,78.81,5.25,5.0,304.615,308.959,253.835,162.595898776549,5.125,1.625,-193.325,0.09224218155192346,-3.537666768208747
2023-07-25,1280.530029296875,1275.9157191685267,1292.0496541341147,-0.3982417469731714,2636.4599609375,4567.4599609375,13.859999656677246,101.3499984741211,3.5,111.29,79.76,5.25,5.0,304.615,308.959,253.835,162.595898776549,5.125,1.625,-193.325,0.0928468918084541,-4.509319217235275
2023-07-26,1274.1199951171875,1277.2271554129463,1290.9313191731771,-0.5005766388162858,2592.360107421875,4566.75,13.1899995803833,100.88999938964844,3.5,111.29,79.11,5.25,5.0,304.615,308.959,253.835,162.595898776549,5.125,1.625,-193.325,0.0907689139421861,-4.762186752446718
2023-07-27,1275.1700439453125,1278.6671665736608,1290.0149861653647,0.08241365272887435,2603.81005859375,4537.41015625,14.40999984741211,101.7699966430664,3.5,111.29,80.17,5.5,5.25,304.615,308.959,253.835,162.595898776549,5.375,1.875,-193.325,0.09044255966881559,-4.794717744702726
2023-07-28,1283.8800048828125,1279.4500209263392,1289.5909871419271,0.6830430952213806,2608.320068359375,4582.22998046875,13.329999923706055,101.62000274658203,3.5,111.29,80.55,5.5,5.25,304.615,308.959,253.835,162.595898776549,5.375,1.875,-193.325,0.09218306567636755,-4.144424637971877
2023-07-29,1283.8800048828125,1280.232875279018,1288.7533203125,0.0,2608.320068359375,4582.22998046875,13.329999923706055,101.62000274658203,3.5,111.29,80.55,5.5,5.25,304.615,308.959,253.835,162.595898776549,5.375,1.875,-193.325,0.08731092082087069,-4.144424637971877
2023-07-30,1283.8800048828125,1281.0157296316963,1287.4469889322916,0.0,2608.320068359375,4582.22998046875,13.329999923706055,101.62000274658203,3.5,111.29,80.55,5.5,5.25,304.615,308.959,253.835,162.595898776549,5.375,1.875,-193.325,0.080432809196454,-3.985285140345207
2023-07-31,1272.3900146484375,1279.1214425223213,1285.757657877604,-0.8949426886217249,2632.580078125,4588.9599609375,13.630000114440918,101.86000061035156,3.5,111.29,81.8,5.5,5.25,304.615,308.959,253.835,162.595898776549,5.375,1.875,-193.325,0.08359626194205547,-5.242816997898936
2023-08-01,1277.9300537109375,1278.7500174386162,1284.2529947916667,0.435404160573416,2667.070068359375,4576.72998046875,13.930000305175781,102.30000305175781,3.5,112.28,81.37,5.5,5.25,306.138,309.646,257.68,162.595898776549,5.375,1.875,-193.85799999999998,0.08511766262653436,-4.795499722538543
2023-08-02,1289.050048828125,1280.8828822544642,1283.3779947916667,0.8701567886987727,2616.469970703125,4513.39013671875,16.09000015258789,102.58999633789062,3.5,112.28,79.5,5.5,5.25,306.138,309.646,257.68,162.595898776549,5.375,1.875,-193.85799999999998,0.08849378375577191,-3.4585751006289467
2023-08-03,1295.3699951171875,1283.768589564732,1283.0203287760417,0.4902793568650088,2605.389892578125,4501.89013671875,15.920000076293945,102.54000091552734,3.5,112.28,81.56,5.5,5.25,306.138,309.646,257.68,162.595898776549,5.375,1.875,-193.85799999999998,0.08780472838847062,-1.8770616095601267
2023-08-04,1296.4000244140625,1285.557163783482,1283.0503295898438,0.07951622322253105,2602.800048828125,4478.02978515625,17.100000381469727,102.0199966430664,3.5,112.28,82.76,5.5,5.25,306.138,309.646,257.68,162.595898776549,5.375,1.875,-193.85799999999998,0.08461739097800385,-1.7990379548370794
2023-08-05,1296.4000244140625,1287.345738002232,1282.8313313802084,0.0,2602.800048828125,4478.02978515625,17.100000381469727,102.0199966430664,3.5,112.28,82.76,5.5,5.25,306.138,309.646,257.68,162.595898776549,5.375,1.875,-193.85799999999998,0.08285685453071767,-1.7990379548370794
2023-08-06,1296.4000244140625,1289.134312220982,1282.4039998372396,0.0,2602.800048828125,4478.02978515625,17.100000381469727,102.0199966430664,3.5,112.28,82.76,5.5,5.25,306.138,309.646,257.68,162.595898776549,5.375,1.875,-193.85799999999998,0.0815212234621823,-1.5611664084913879
2023-08-07,1303.050048828125,1293.5143171037946,1282.1983357747397,0.5129608368426242,2580.7099609375,4518.43994140625,15.770000457763672,102.05000305175781,3.5,112.28,81.94,5.5,5.25,306.138,309.646,257.68,162.595898776549,5.375,1.875,-193.85799999999998,0.08303515695594033,-1.4639926234053302
2023-08-08,1307.75,1297.7743094308037,1282.1493367513021,0.36068846136045885,2573.97998046875,4499.3798828125,15.989999771118164,102.52999877929688,3.5,112.28,82.94,5.5,5.25,306.138,309.646,257.68,162.595898776549,5.375,1.875,-193.85799999999998,0.08374459794583289,-1.3800420914955147
2023-08-09,1316.6700439453125,1301.7200230189733,1282.7926717122396,0.682090915336464,2605.1201171875,4467.7099609375,15.960000038146973,102.48999786376953,3.5,112.28,84.35,5.5,5.25,306.138,309.646,257.68,162.595898776549,5.375,1.875,-193.85799999999998,0.08148126459623323,-0.10470049176353191
2023-08-10,1313.6400146484375,1304.3300258091517,1283.2626708984376,-0.23012821707371067,2601.56005859375,4468.830078125,15.850000381469727,102.5199966430664,3.5,112.28,82.81,5.5,5.25,306.138,309.646,257.68,162.595898776549,5.375,1.875,-193.85799999999998,0.08179984121878904,-1.2211620728748374
2023-08-11,1318.3299560546875,1307.4628731863838,1284.156669108073,0.35701876876101934,2591.260009765625,4464.0498046875,14.84000015258789,102.83999633789062,3.5,112.28,83.17,5.5,5.25,306.138,309.646,257.68,162.595898776549,5.375,1.875,-193.85799999999998,0.07987190149060143,-0.8685030819109762
2023-08-12,1318.3299560546875,1310.5957205636162,1285.6110026041667,0.0,2591.260009765625,4464.0498046875,14.84000015258789,102.83999633789062,3.5,112.28,83.17,5.5,5.25,306.138,309.646,257.68,162.595898776549,5.375,1.875,-193.85799999999998,0.06856033637066274,-0.8685030819109762
2023-08-13,1318.3299560546875,1313.7285679408483,1287.3276692708334,0.0,2591.260009765625,4464.0498046875,14.84000015258789,102.83999633789062,3.5,112.28,83.17,5.5,5.25,306.138,309.646,257.68,162.595898776549,5.375,1.875,-193.85799999999998,0.06509099792551344,-1.7286408804145559
2023-08-14,1329.6099853515625,1317.5228445870537,1289.4203369140625,0.8556302043406738,2570.8701171875,4489.72021484375,14.819999694824219,103.19000244140625,3.5,112.28,82.5,5.5,5.25,306.138,309.646,257.68,162.595898776549,5.375,1.875,-193.85799999999998,0.06821253284458291,-0.4335808713977318
2023-08-15,1334.739990234375,1321.3785574776787,1291.6840047200521,0.38582779456608485,2570.8701171875,4437.85986328125,16.459999084472656,103.20999908447266,3.5,112.28,81.06,5.5,5.25,306.138,309.646,257.68,162.595898776549,5.375,1.875,-193.85799999999998,0.06833155051593788,-0.5728464924712129
2023-08-16,1338.739990234375,1324.5314069475446,1294.030672200521,0.2996838357482323,2525.639892578125,4404.330078125,16.780000686645508,103.41999816894531,3.5,112.28,79.4,5.5,5.25,306.138,309.646,257.68,162.595898776549,5.375,1.875,-193.85799999999998,0.06840340730381479,0.34403670774043604
2023-08-17,1343.3299560546875,1328.7728271484375,1296.6266723632812,0.34285715327806443,2519.85009765625,4370.35986328125,17.889999389648438,103.44000244140625,3.5,112.28,80.43,5.5,5.25,306.138,309.646,257.68,162.595898776549,5.375,1.875,-193.85799999999998,0.06743124084882954,0.6435684764943828
2023-08-18,1339.0799560546875,1331.7371128627233,1299.098006184896,-0.3163779666227384,2504.5,4369.7099609375,17.299999237060547,103.37999725341797,3.5,112.28,81.25,5.5,5.25,306.138,309.646,257.68,162.595898776549,5.375,1.875,-193.85799999999998,0.06874855267751252,0.3251544010118623
2023-08-19,1339.0799560546875,1334.7013985770088,1301.5643391927083,0.0,2504.5,4369.7099609375,17.299999237060547,103.37999725341797,3.5,112.28,81.25,5.5,5.25,306.138,309.646,257.68,162.595898776549,5.375,1.875,-193.85799999999998,0.06877625323920754,0.3251544010118623
2023-08-20,1339.0799560546875,1337.6656842912946,1303.587003580729,0.0,2504.5,4369.7099609375,17.299999237060547,103.37999725341797,3.5,112.28,81.25,5.5,5.25,306.138,309.646,257.68,162.595898776549,5.375,1.875,-193.85799999999998,0.06391128336970135,1.1229333380531337
2023-08-21,1339.1700439453125,1339.0314069475446,1305.6126708984375,0.006727596079514342,2508.800048828125,4399.77001953125,17.1299991607666,103.33000183105469,3.5,112.28,80.71,5.5,5.25,306.138,309.646,257.68,162.595898776549,5.375,1.875,-193.85799999999998,0.06389735726907222,1.9287189924272141
2023-08-22,1339.739990234375,1339.7456926618304,1307.6573364257813,0.04255966534192357,2515.739990234375,4387.5498046875,16.969999313354492,103.55999755859375,3.5,112.28,80.25,5.5,5.25,306.138,309.646,257.68,162.595898776549,5.375,1.875,-193.85799999999998,0.06381909548086832,1.5077604050044213
2023-08-23,1339.68994140625,1339.8813999720983,1309.4586669921875,-0.003735712040386918,2505.5,4436.009765625,15.979999542236328,103.36000061035156,3.5,112.28,78.91,5.5,5.25,306.138,309.646,257.68,162.595898776549,5.375,1.875,-193.85799999999998,0.06276827158719578,1.605582134621364
2023-08-24,1327.780029296875,1337.6599818638392,1311.0336669921876,-0.8890051153831457,2537.679931640625,4376.31005859375,17.200000762939453,103.9800033569336,3.5,112.28,79.52,5.5,5.25,306.138,309.646,257.68,162.595898776549,5.375,1.875,-193.85799999999998,0.06782047990083163,-0.23367711210786624
2023-08-25,1326.6199951171875,1335.8799874441963,1312.7836669921876,-0.08736644279111472,2519.139892578125,4405.7099609375,15.680000305175781,104.08000183105469,3.5,112.28,80.47,5.5,5.25,306.138,309.646,257.68,162.595898776549,5.375,1.875,-193.85799999999998,0.06554493996047768,-0.32083939951852436
2023-08-26,1326.6199951171875,1334.0999930245537,1314.4986653645833,0.0,2519.139892578125,4405.7099609375,15.680000305175781,104.08000183105469,3.5,112.28,80.47,5.5,5.25,306.138,309.646,257.68,162.595898776549,5.375,1.875,-193.85799999999998,0.06564639673257074,-0.32083939951852436
2023-08-27,1326.6199951171875,1332.3199986049108,1315.9233317057292,0.0,2519.139892578125,4405.7099609375,15.680000305175781,104.08000183105469,3.5,112.28,80.47,5.5,5.25,306.138,309.646,257.68,162.595898776549,5.375,1.875,-193.85799999999998,0.06362485427633145,0.3168365233754633
2023-08-28,1323.6099853515625,1330.097133091518,1317.247664388021,-0.2268931402137575,2543.409912109375,4433.31005859375,15.079999923706055,104.05999755859375,3.5,112.28,80.65,5.5,5.25,306.138,309.646,257.68,162.595898776549,5.375,1.875,-193.85799999999998,0.06430193915661928,-0.07398368506763564
2023-08-29,1322.8199462890625,1327.6799839564733,1318.5456624348958,-0.05968820658981411,2552.159912109375,4497.6298828125,14.449999809265137,103.55000305175781,3.5,112.28,81.14,5.5,5.25,306.138,309.646,257.68,162.595898776549,5.375,1.875,-193.85799999999998,0.06440774554272076,0.2295749427473126
2023-08-30,1321.0699462890625,1325.019984654018,1320.1683268229167,-0.13229313671216936,2561.219970703125,4514.8701171875,13.880000114440918,103.16000366210938,3.5,112.28,81.64,5.5,5.25,306.138,309.646,257.68,162.595898776549,5.375,1.875,-193.85799999999998,0.05759874391115859,-0.050694081306690286
2023-08-31,1323.030029296875,1324.3414132254463,1321.6716593424478,0.14837087266412752,2556.27001953125,4507.66015625,13.569999694824219,103.62000274658203,3.5,112.28,83.55,5.5,5.25,306.138,309.646,257.68,162.595898776549,5.375,1.875,-193.85799999999998,0.05685427810068616,0.7754163766041877
2023-09-01,1324.6400146484375,1324.058558872768,1322.8579915364583,0.12168925239119943,2563.7099609375,4515.77001953125,13.09000015258789,104.23999786376953,3.5,112.85,85.52,5.5,5.25,307.374,310.616,258.934,162.595898776549,5.375,1.875,-194.52400000000003,0.052176328487233005,0.89804922738701
2023-09-02,1324.6400146484375,1323.7757045200892,1323.8336588541667,0.0,2563.7099609375,4515.77001953125,13.09000015258789,104.23999786376953,3.5,112.85,85.52,5.5,5.25,307.374,310.616,258.934,162.595898776549,5.375,1.875,-194.52400000000003,0.05083664422725814,0.89804922738701
2023-09-03,1324.6400146484375,1323.4928501674108,1324.774991861979,0.0,2563.7099609375,4515.77001953125,13.09000015258789,104.23999786376953,3.5,112.85,85.52,5.5,5.25,307.374,310.616,258.934,162.595898776549,5.375,1.875,-194.52400000000003,0.05088272865374114,1.4940925709991948
2023-09-04,1317.4599609375,1322.6142752511162,1325.4769897460938,-0.542038110848031,2584.550048828125,4515.77001953125,13.09000015258789,104.23999786376953,3.5,112.85,85.52,5.5,5.25,307.374,310.616,258.934,162.595898776549,5.375,1.875,-194.52400000000003,0.05388884600717954,1.3594443213108987
2023-09-05,1317.949951171875,1321.9185616629463,1326.1953206380208,0.037192039902778085,2582.179931640625,4496.830078125,14.010000228881836,104.80999755859375,3.5,112.85,86.74,5.5,5.25,307.374,310.616,258.934,162.595898776549,5.375,1.875,-194.52400000000003,0.05386706562079047,1.4431958670478418
2023-09-06,1331.72998046875,1323.4414236886162,1327.151318359375,1.0455654468989772,2563.340087890625,4465.47998046875,14.449999809265137,104.86000061035156,3.5,112.85,87.55,5.5,5.25,307.374,310.616,258.934,162.595898776549,5.375,1.875,-194.52400000000003,0.059693863285344255,1.787762757348177
2023-09-07,1333.4599609375,1324.9314139229912,1328.0083170572916,0.12990474751803927,2548.260009765625,4451.14013671875,14.399999618530273,105.05999755859375,3.5,112.85,86.87,5.5,5.25,307.374,310.616,258.934,162.595898776549,5.375,1.875,-194.52400000000003,0.059100091150691064,2.864240289240527
2023-09-08,1334.02001953125,1326.2714146205358,1328.586649576823,0.042000405723197076,2547.679931640625,4457.490234375,13.84000015258789,105.08999633789062,3.5,112.85,87.51,5.5,5.25,307.374,310.616,258.934,162.595898776549,5.375,1.875,-194.52400000000003,0.05613521211155708,2.907443687506084
2023-09-09,1334.02001953125,1327.6114153180804,1329.2659830729167,0.0,2547.679931640625,4457.490234375,13.84000015258789,105.08999633789062,3.5,112.85,87.51,5.5,5.25,307.374,310.616,258.934,162.595898776549,5.375,1.875,-194.52400000000003,0.05555097511218408,2.907443687506084
2023-09-10,1334.02001953125,1328.951416015625,1329.7889851888021,0.0,2547.679931640625,4457.490234375,13.84000015258789,105.08999633789062,3.5,112.85,87.51,5.5,5.25,307.374,310.616,258.934,162.595898776549,5.375,1.875,-194.52400000000003,0.054805784544777546,3.6784369413249696
2023-09-11,1335.3199462890625,1331.5028424944196,1330.3553181966147,0.09744432158291794,2556.8798828125,4487.4599609375,13.800000190734863,104.56999969482422,3.5,112.85,87.3,5.5,5.25,307.374,310.616,258.934,162.595898776549,5.375,1.875,-194.52400000000003,0.05481671863093575,3.9499285346326074
2023-09-12,1320.43994140625,1331.8585553850446,1330.4256510416667,-1.1143400444339147,2536.580078125,4461.89990234375,14.229999542236328,104.70999908447266,3.5,112.85,88.87,5.5,5.25,307.374,310.616,258.934,162.595898776549,5.375,1.875,-194.52400000000003,0.06427862463461251,4.166859665556122
2023-09-13,1324.0999755859375,1330.7685546875,1330.2419840494792,0.27718293463536714,2534.699951171875,4467.43994140625,13.479999542236328,104.7699966430664,3.5,112.85,88.59,5.5,5.25,307.374,310.616,258.934,162.595898776549,5.375,1.875,-194.52400000000003,0.059655650600361536,3.9333107587716354
2023-09-14,1329.77001953125,1330.241420200893,1330.076318359375,0.42821871836402625,2572.889892578125,4505.10009765625,12.819999694824219,105.41000366210938,3.5,112.85,90.13,5.5,5.25,307.374,310.616,258.934,162.595898776549,5.375,1.875,-194.52400000000003,0.05991410837322803,4.702174592113795
2023-09-15,1327.06005859375,1329.2471400669642,1329.6869873046876,-0.20379170064724894,2601.280029296875,4450.31982421875,13.789999961853027,105.31999969482422,3.5,112.85,90.83,5.5,5.25,307.374,310.616,258.934,162.595898776549,5.375,1.875,-194.52400000000003,0.05941488214395482,4.488800249897884
2023-09-16,1327.06005859375,1328.2528599330358,1329.144657389323,0.0,2601.280029296875,4450.31982421875,13.789999961853027,105.31999969482422,3.5,112.85,90.83,5.5,5.25,307.374,310.616,258.934,162.595898776549,5.375,1.875,-194.52400000000003,0.05837445690619937,4.488800249897884
2023-09-17,1327.06005859375,1327.258579799107,1328.743994140625,0.0,2601.280029296875,4450.31982421875,13.789999961853027,105.31999969482422,3.5,112.85,90.83,5.5,5.25,307.374,310.616,258.934,162.595898776549,5.375,1.875,-194.52400000000003,0.05778986250951161,3.976306514101813
2023-09-18,1328.4200439453125,1326.2728794642858,1328.3886637369792,0.10248107029937614,2574.719970703125,4453.52978515625,14.0,105.19999694824219,3.5,112.85,91.47,5.5,5.25,307.374,310.616,258.934,162.595898776549,5.375,1.875,-194.52400000000003,0.05791138266705401,3.5207797492880166
2023-09-19,1329.6600341796875,1327.5900355747767,1328.0746663411458,0.09334323432008684,2559.2099609375,4443.9501953125,14.109999656677246,105.19999694824219,3.5,112.85,91.16,5.5,5.25,307.374,310.616,258.934,162.595898776549,5.375,1.875,-194.52400000000003,0.05801089511565837,3.2713541978746097
2023-09-20,1328.530029296875,1328.222900390625,1327.7199991861978,-0.08498449631973992,2559.739990234375,4402.2001953125,15.140000343322754,105.16000366210938,3.5,112.85,89.2,5.5,5.25,307.374,310.616,258.934,162.595898776549,5.375,1.875,-194.52400000000003,0.05803111036459358,3.116318497795567
2023-09-21,1332.3399658203125,1328.5900355747767,1327.4733317057292,0.28677835196950774,2514.969970703125,4330.0,17.540000915527344,105.36000061035156,3.5,112.85,89.56,5.5,5.25,307.374,310.616,258.934,162.595898776549,5.375,1.875,-194.52400000000003,0.058709310428344305,2.62900500764649
2023-09-22,1341.1700439453125,1330.605747767857,1327.5226684570312,0.6627496248349241,2508.1298828125,4320.06005859375,17.200000762939453,105.58000183105469,3.5,112.85,90.0,5.5,5.25,307.374,310.616,258.934,162.595898776549,5.375,1.875,-194.52400000000003,0.061937087296771845,3.309178353306508
2023-09-23,1341.1700439453125,1332.6214599609375,1327.9690022786458,0.0,2508.1298828125,4320.06005859375,17.200000762939453,105.58000183105469,3.5,112.85,90.0,5.5,5.25,307.374,310.616,258.934,162.595898776549,5.375,1.875,-194.52400000000003,0.05585441719236523,3.309178353306508
2023-09-24,1341.1700439453125,1334.637172154018,1328.45400390625,0.0,2508.1298828125,4320.06005859375,17.200000762939453,105.58000183105469,3.5,112.85,90.0,5.5,5.25,307.374,310.616,258.934,162.595898776549,5.375,1.875,-194.52400000000003,0.05574667641387183,2.5618083212282317
2023-09-25,1334.6600341796875,1335.528599330357,1328.7220052083333,-0.4853977909075935,2495.760009765625,4337.43994140625,16.899999618530273,106.0,3.5,112.85,89.68,5.5,5.25,307.374,310.616,258.934,162.595898776549,5.375,1.875,-194.52400000000003,0.05776492694173522,2.456511995484001
2023-09-26,1338.449951171875,1336.7843017578125,1329.116337076823,0.2839612257151902,2462.969970703125,4273.52978515625,18.940000534057617,106.2300033569336,3.5,112.85,91.43,5.5,5.25,307.374,310.616,258.934,162.595898776549,5.375,1.875,-194.52400000000003,0.05826030156633099,3.227670551746331
2023-09-27,1353.75,1340.3871547154017,1330.121004231771,1.1431169925127938,2465.070068359375,4274.509765625,18.219999313354492,106.66999816894531,3.5,112.85,93.67,5.5,5.25,307.374,310.616,258.934,162.595898776549,5.375,1.875,-194.52400000000003,0.06601993717276505,3.4178493594854586
2023-09-28,1352.8199462890625,1343.3128662109375,1331.121004231771,-0.06870202850877138,2465.070068359375,4299.7001953125,17.34000015258789,106.22000122070312,3.5,112.85,91.65,5.5,5.25,307.374,310.616,258.934,162.595898776549,5.375,1.875,-194.52400000000003,0.0660365401899407,2.2485583686215893
2023-09-29,1347.8499755859375,1344.2671421595983,1332.013671875,-0.36737857959281417,2465.070068359375,4288.0498046875,17.520000457763672,106.16999816894531,3.5,112.85,90.77,5.5,5.25,307.374,310.616,258.934,162.595898776549,5.375,1.875,-194.52400000000003,0.06702380792930628,1.8729190672328366
2023-09-30,1347.8499755859375,1345.2214181082588,1332.8410034179688,0.0,2465.070068359375,4288.0498046875,17.520000457763672,106.16999816894531,3.5,112.85,90.77,5.5,5.25,307.374,310.616,258.934,162.595898776549,5.375,1.875,-194.52400000000003,0.06700672504782185,1.8729190672328366
2023-10-01,1347.8499755859375,1346.1756940569196,1333.6146687825521,0.0,2465.070068359375,4288.0498046875,17.520000457763672,106.16999816894531,3.5,113.27,90.77,5.5,5.25,307.653,311.433,255.192,164.195320971296,5.375,1.875,-194.38300000000004,0.06700666256546274,2.474714935714717
2023-10-02,1351.93994140625,1348.644252232143,1334.5246663411458,0.30344369880888067,2465.070068359375,4288.39013671875,17.610000610351562,106.9000015258789,3.5,113.27,88.81,5.5,5.25,307.653,311.433,255.192,164.195320971296,5.375,1.875,-194.38300000000004,0.06735162649162195,3.509682771393363
2023-10-03,1354.18994140625,1350.892822265625,1335.5096638997395,0.16642751139221978,2465.070068359375,4229.4501953125,19.780000686645508,107.0,3.5,113.27,89.26,5.5,5.25,307.653,311.433,255.192,164.195320971296,5.375,1.875,-194.38300000000004,0.06737641883180451,4.530292659687385
2023-10-04,1359.219970703125,1351.6742466517858,1336.9016642252604,0.3714419331494634,2405.68994140625,4263.75,18.579999923706055,106.80000305175781,3.5,113.27,84.32,5.5,5.25,307.653,311.433,255.192,164.195320971296,5.375,1.875,-194.38300000000004,0.06528260256501979,4.3170603517167505
2023-10-05,1351.1600341796875,1351.4371163504463,1338.0086669921875,-0.5929824971058983,2403.60009765625,4258.18994140625,18.489999771118164,106.33000183105469,3.5,113.27,82.3,5.5,5.25,307.653,311.433,255.192,164.195320971296,5.375,1.875,-194.38300000000004,0.06833403401000993,3.2034390259139123
2023-10-06,1346.06005859375,1351.1814139229912,1338.4863362630208,-0.3774516309634435,2408.72998046875,4308.5,17.450000762939453,106.04000091552734,3.5,113.27,82.83,5.5,5.25,307.653,311.433,255.192,164.195320971296,5.375,1.875,-194.38300000000004,0.06318368960122259,2.8138959621002213
2023-10-07,1346.06005859375,1350.9257114955358,1338.906339518229,0.0,2408.72998046875,4308.5,17.450000762939453,106.04000091552734,3.5,113.27,82.83,5.5,5.25,307.653,311.433,255.192,164.195320971296,5.375,1.875,-194.38300000000004,0.06312887392610154,2.8138959621002213
2023-10-08,1346.06005859375,1350.6700090680804,1339.3076741536458,0.0,2408.72998046875,4308.5,17.450000762939453,106.04000091552734,3.5,113.27,82.83,5.5,5.25,307.653,311.433,255.192,164.195320971296,5.375,1.875,-194.38300000000004,0.0631348969199265,3.7529820837396866
2023-10-09,1343.3599853515625,1349.444301060268,1339.6190063476563,-0.20059084473602606,2408.72998046875,4335.66015625,17.700000762939453,106.08000183105469,3.5,113.27,82.83,5.5,5.25,307.653,311.433,255.192,164.195320971296,5.375,1.875,-194.38300000000004,0.06348639983682025,3.371958152260901
2023-10-10,1346.8900146484375,1348.4014543805804,1340.048006184896,0.26277612370233516,2402.580078125,4358.240234375,17.030000686645508,105.83000183105469,3.5,113.27,85.89,5.5,5.25,307.653,311.433,255.192,164.195320971296,5.375,1.875,-194.38300000000004,0.0638557029546622,4.288004309998539
2023-10-11,1341.8900146484375,1345.925746372768,1340.2670084635417,-0.3712255600398895,2450.080078125,4376.9501953125,16.09000015258789,105.81999969482422,3.5,113.27,83.7,5.5,5.25,307.653,311.433,255.192,164.195320971296,5.375,1.875,-194.38300000000004,0.0648798682326863,5.271049348891266
2023-10-12,1338.260009765625,1344.0828857421875,1340.8610107421875,-0.2705143374782115,2479.820068359375,4349.60986328125,16.690000534057617,106.56999969482422,3.5,113.27,82.87,5.5,5.25,307.653,311.433,255.192,164.195320971296,5.375,1.875,-194.38300000000004,0.056108304195284876,5.638487894096977
2023-10-13,1348.3399658203125,1344.4085867745537,1341.6690104166667,0.7532135744273472,2456.14990234375,4327.77978515625,19.31999969482422,106.6500015258789,3.5,113.27,87.67,5.5,5.25,307.653,311.433,255.192,164.195320971296,5.375,1.875,-194.38300000000004,0.05941659323047628,6.434171324735094
2023-10-14,1348.3399658203125,1344.7342878069196,1342.2880086263021,0.0,2456.14990234375,4327.77978515625,19.31999969482422,106.6500015258789,3.5,113.27,87.67,5.5,5.25,307.653,311.433,255.192,164.195320971296,5.375,1.875,-194.38300000000004,0.058405447095949796,6.434171324735094
2023-10-15,1348.3399658203125,1345.0599888392858,1342.9973388671874,0.0,2456.14990234375,4327.77978515625,19.31999969482422,106.6500015258789,3.5,113.27,87.67,5.5,5.25,307.653,311.433,255.192,164.195320971296,5.375,1.875,-194.38300000000004,0.05794218456815191,6.307457161003294
2023-10-16,1352.0699462890625,1346.3042689732142,1343.8310017903646,0.27663501515218236,2436.239990234375,4373.6298828125,17.209999084472656,106.23999786376953,3.5,113.27,86.65,5.5,5.25,307.653,311.433,255.192,164.195320971296,5.375,1.875,-194.38300000000004,0.05827323408876548,6.844995729540515
2023-10-17,1347.760009765625,1346.4285539899554,1344.5210001627604,-0.31876579575388364,2460.169921875,4373.2001953125,17.8799991607666,106.25,3.5,113.27,86.66,5.5,5.25,307.653,311.433,255.192,164.195320971296,5.375,1.875,-194.38300000000004,0.05929563505409291,6.547351826625292
2023-10-18,1352.989990234375,1348.0142647879463,1345.339998372396,0.3880498331197302,2462.60009765625,4314.60009765625,19.219999313354492,106.56999969482422,3.5,113.27,88.35,5.5,5.25,307.653,311.433,255.192,164.195320971296,5.375,1.875,-194.38300000000004,0.060078191388685,6.948124385530652
2023-10-19,1354.56005859375,1350.3428431919642,1346.1699991861979,0.11604434406073949,2415.800048828125,4278.0,21.399999618530273,106.25,3.5,113.27,89.35,5.5,5.25,307.653,311.433,255.192,164.195320971296,5.375,1.875,-194.38300000000004,0.06009215019239679,5.9574493683692165
2023-10-20,1356.22998046875,1351.4699881417412,1347.093330891927,0.12328149382565545,2375.0,4224.16015625,21.709999084472656,106.16000366210938,3.5,113.27,89.12,5.5,5.25,307.653,311.433,255.192,164.195320971296,5.375,1.875,-194.38300000000004,0.059950806007970814,6.088075294770112
2023-10-21,1356.22998046875,1352.597133091518,1347.8896647135416,0.0,2375.0,4224.16015625,21.709999084472656,106.16000366210938,3.5,113.27,89.12,5.5,5.25,307.653,311.433,255.192,164.195320971296,5.375,1.875,-194.38300000000004,0.05962289024137596,6.088075294770112
2023-10-22,1356.22998046875,1353.7242780412946,1348.3916625976562,0.0,2375.0,4224.16015625,21.709999084472656,106.16000366210938,3.5,113.27,89.12,5.5,5.25,307.653,311.433,255.192,164.195320971296,5.375,1.875,-194.38300000000004,0.056828879357368856,5.489826524668295
2023-10-23,1349.3399658203125,1353.3342808314733,1348.663993326823,-0.5080270122074793,2357.02001953125,4217.0400390625,20.3700008392334,105.54000091552734,3.5,113.27,85.49,5.5,5.25,307.653,311.433,255.192,164.195320971296,5.375,1.875,-194.38300000000004,0.058989263916286054,5.373551181866487
2023-10-24,1334.43994140625,1351.4314139229912,1348.4396565755208,-1.1042453934138274,2383.510009765625,4247.68017578125,18.969999313354492,106.2699966430664,3.5,113.27,84.58,5.5,5.25,307.653,311.433,255.192,164.195320971296,5.375,1.875,-194.38300000000004,0.06741013184284758,4.73424375413829
2023-10-25,1343.6400146484375,1350.095703125,1348.7389892578126,0.6894332938275571,2363.169921875,4186.77001953125,20.190000534057617,106.52999877929688,3.5,113.27,86.07,5.5,5.25,307.653,311.433,255.192,164.195320971296,5.375,1.875,-194.38300000000004,0.06888324117007195,5.369477665212585
2023-10-26,1352.6800537109375,1349.8271309988838,1349.2133260091146,0.6728021615868052,2299.080078125,4137.22998046875,20.68000030517578,106.5999984741211,3.5,113.27,83.8,5.5,5.25,307.653,311.433,255.192,164.195320971296,5.375,1.875,-194.38300000000004,0.07104984013138906,5.358760052845035
2023-10-27,1350.3399658203125,1348.9857003348213,1349.099658203125,-0.17299640696298857,2302.81005859375,4117.3701171875,21.270000457763672,106.55999755859375,3.5,113.27,86.04,5.5,5.25,307.653,311.433,255.192,164.195320971296,5.375,1.875,-194.38300000000004,0.06301810931208758,5.17649318353286
2023-10-28,1350.3399658203125,1348.1442696707588,1349.0169921875,0.0,2302.81005859375,4117.3701171875,21.270000457763672,106.55999755859375,3.5,113.27,86.04,5.5,5.25,307.653,311.433,255.192,164.195320971296,5.375,1.875,-194.38300000000004,0.062991718725433,5.17649318353286
2023-10-29,1350.3399658203125,1347.3028390066963,1349.099991861979,0.0,2302.81005859375,4117.3701171875,21.270000457763672,106.55999755859375,3.5,113.27,86.04,5.5,5.25,307.653,311.433,255.192,164.195320971296,5.375,1.875,-194.38300000000004,0.06204985220918656,6.126262409675753
2023-10-30,1355.219970703125,1348.1428397042412,1349.3456583658854,0.36139083536996797,2310.550048828125,4166.81982421875,19.75,106.12000274658203,3.5,113.27,83.03,5.5,5.25,307.653,311.433,255.192,164.195320971296,5.375,1.875,-194.38300000000004,0.06289326280642017,6.0480553507406665
2023-10-31,1348.0699462890625,1350.0899832589287,1349.3529907226562,-0.5275914293347395,2277.989990234375,4193.7998046875,18.139999389648438,106.66000366210938,3.5,113.27,81.64,5.5,5.25,307.653,311.433,255.192,164.195320971296,5.375,1.875,-194.38300000000004,0.06485941244327446,4.578557482278711
2023-11-01,1350.1600341796875,1351.0214146205358,1349.2936604817708,0.15504298544586348,2301.56005859375,4237.85986328125,16.8700008392334,106.87999725341797,3.5,112.68,81.05,5.5,5.25,308.087,312.373,252.856,164.195320971296,5.375,1.875,-195.40699999999998,0.06439976617459829,4.22968258250751
2023-11-02,1347.8399658203125,1350.3299734933037,1349.0819946289062,-0.17183654534587145,2343.1201171875,4317.77978515625,15.65999984741211,106.12000274658203,3.5,112.68,83.04,5.5,5.25,308.087,312.373,252.856,164.195320971296,5.375,1.875,-195.40699999999998,0.06436996226675065,3.9679065440853867
2023-11-03,1333.6800537109375,1347.949986049107,1348.2306640625,-1.0505633063608633,2368.340087890625,4358.33984375,14.90999984741211,105.0199966430664,3.5,112.68,81.19,5.5,5.25,308.087,312.373,252.856,164.195320971296,5.375,1.875,-195.40699999999998,0.06990953412382507,2.87565786754167
2023-11-04,1333.6800537109375,1345.5699986049108,1347.647998046875,0.0,2368.340087890625,4358.33984375,14.90999984741211,105.0199966430664,3.5,112.68,81.19,5.5,5.25,308.087,312.373,252.856,164.195320971296,5.375,1.875,-195.40699999999998,0.0680865545728652,2.87565786754167
2023-11-05,1333.6800537109375,1343.1900111607142,1347.235331217448,0.0,2368.340087890625,4358.33984375,14.90999984741211,105.0199966430664,3.5,112.68,81.19,5.5,5.25,308.087,312.373,252.856,164.195320971296,5.375,1.875,-195.40699999999998,0.0673478530267883,2.350639172329494
2023-11-06,1307.8399658203125,1336.4214390345983,1345.961328125,-1.9375027630296748,2502.3701171875,4365.97998046875,14.890000343322754,105.22000122070312,3.5,112.68,81.54,5.5,5.25,308.087,312.373,252.856,164.195320971296,5.375,1.875,-195.40699999999998,0.0871106525257992,0.006879435695861247
2023-11-07,1297.1099853515625,1329.1414446149554,1344.329659016927,-0.82043527871698,2443.9599609375,4378.3798828125,14.8100004196167,105.54000091552734,3.5,112.68,77.96,5.5,5.25,308.087,312.373,252.856,164.195320971296,5.375,1.875,-195.40699999999998,0.08954847179676638,-1.4855702598913556
2023-11-08,1304.550048828125,1322.625732421875,1343.035994466146,0.5735877111874954,2421.6201171875,4382.77978515625,14.449999809265137,105.58999633789062,3.5,112.68,75.85,5.5,5.25,308.087,312.373,252.856,164.195320971296,5.375,1.875,-195.40699999999998,0.09174119627334333,-0.6919677932272217
2023-11-09,1308.1199951171875,1316.951450892857,1341.7436604817708,0.27365345563163945,2427.080078125,4347.35009765625,15.289999961853027,105.91000366210938,3.5,112.68,76.34,5.5,5.25,308.087,312.373,252.856,164.195320971296,5.375,1.875,-195.40699999999998,0.09177869967276099,-0.7744617264144549
2023-11-10,1315.199951171875,1314.3114362444196,1340.8539916992188,0.5412313917006806,2409.659912109375,4415.240234375,14.170000076293945,105.86000061035156,3.5,112.68,76.34,5.5,5.25,308.087,312.373,252.856,164.195320971296,5.375,1.875,-195.40699999999998,0.0931973565883175,-0.23742196469384025
2023-11-11,1315.199951171875,1311.671421595982,1340.085323079427,0.0,2409.659912109375,4415.240234375,14.170000076293945,105.86000061035156,3.5,112.68,76.34,5.5,5.25,308.087,312.373,252.856,164.195320971296,5.375,1.875,-195.40699999999998,0.09300927045764965,-0.23742196469384025
2023-11-12,1315.199951171875,1309.0314069475446,1338.9806559244792,0.0,2409.659912109375,4415.240234375,14.170000076293945,105.86000061035156,3.5,112.68,76.34,5.5,5.25,308.087,312.373,252.856,164.195320971296,5.375,1.875,-195.40699999999998,0.0898201712853729,-1.0837790283198978
2023-11-13,1319.6199951171875,1310.7142682756696,1338.0233235677083,0.3360739134284696,2403.760009765625,4411.5498046875,14.760000228881836,105.66000366210938,3.5,112.68,78.86,5.5,5.25,308.087,312.373,252.856,164.195320971296,5.375,1.875,-195.40699999999998,0.09060937016396355,-1.1328045333033332
2023-11-14,1319.0699462890625,1313.8514055524554,1337.04765625,-0.041682365390061094,2433.25,4495.7001953125,14.15999984741211,104.11000061035156,3.5,112.68,78.9,5.5,5.25,308.087,312.373,252.856,164.195320971296,5.375,1.875,-195.40699999999998,0.09058937619261681,-1.4692953141609566
2023-11-15,1304.239990234375,1313.8071114676338,1335.4533243815104,-1.124273666943032,2486.669921875,4502.8798828125,14.180000305175781,104.38999938964844,3.5,112.68,77.15,5.5,5.25,308.087,312.373,252.856,164.195320971296,5.375,1.875,-195.40699999999998,0.09490658287179718,-2.909930329784227
2023-11-16,1301.8599853515625,1312.9128243582588,1333.9233235677084,-0.18248212757108195,2488.179931640625,4508.240234375,14.319999694824219,104.37000274658203,3.5,112.68,73.5,5.5,5.25,308.087,312.373,252.856,164.195320971296,5.375,1.875,-195.40699999999998,0.09473841432336029,-2.77951817102734
2023-11-17,1292.449951171875,1309.6628243582588,1331.905322265625,-0.7228146102936206,2469.85009765625,4514.02001953125,13.800000190734863,103.81999969482422,3.5,112.68,76.47,5.5,5.25,308.087,312.373,252.856,164.195320971296,5.375,1.875,-195.40699999999998,0.09509605548463634,-3.4822420178850177
2023-11-18,1292.449951171875,1306.4128243582588,1329.8349853515624,0.0,2469.85009765625,4514.02001953125,13.800000190734863,103.81999969482422,3.5,112.68,76.47,5.5,5.25,308.087,312.373,252.856,164.195320971296,5.375,1.875,-195.40699999999998,0.09487238334873244,-3.4822420178850177
2023-11-19,1292.449951171875,1303.1628243582588,1327.708984375,0.0,2469.85009765625,4514.02001953125,13.800000190734863,103.81999969482422,3.5,112.68,76.47,5.5,5.25,308.087,312.373,252.856,164.195320971296,5.375,1.875,-195.40699999999998,0.0946255706565098,-3.4887349059717576
2023-11-20,1294.5,1299.574253627232,1325.651318359375,0.15861726995820558,2491.199951171875,4547.3798828125,13.40999984741211,103.47000122070312,3.5,112.68,78.1,5.5,5.25,308.087,312.373,252.856,164.195320971296,5.375,1.875,-195.40699999999998,0.09496779920387223,-3.376773893750884
2023-11-21,1288.1500244140625,1295.1571219308037,1323.3819864908853,-0.4905350008449161,2510.419921875,4538.18994140625,13.350000381469727,103.58999633789062,3.5,112.68,78.35,5.5,5.25,308.087,312.373,252.856,164.195320971296,5.375,1.875,-195.40699999999998,0.0953426139011105,-3.8471526432516834
2023-11-22,1295.18994140625,1293.8642578125,1321.5769856770833,0.546513749079014,2511.699951171875,4556.6201171875,12.850000381469727,103.91999816894531,3.5,112.68,76.8,5.5,5.25,308.087,312.373,252.856,164.195320971296,5.375,1.875,-195.40699999999998,0.09697635993624976,-2.454479444752833
2023-11-23,1298.7900390625,1293.4256940569196,1320.3886555989584,0.27795904995533416,2514.9599609375,4556.6201171875,12.850000381469727,103.91999816894531,3.5,112.68,76.8,5.5,5.25,308.087,312.373,252.856,164.195320971296,5.375,1.875,-195.40699999999998,0.09316660009806695,-2.097809181010357
2023-11-24,1300.1800537109375,1294.529994419643,1318.939990234375,0.1070238149840419,2496.6298828125,4559.33984375,12.460000038146973,103.4000015258789,3.5,112.68,74.83,5.5,5.25,308.087,312.373,252.856,164.195320971296,5.375,1.875,-195.40699999999998,0.09042943210005047,-1.9930305214429067
2023-11-25,1300.1800537109375,1295.6342947823662,1317.189990234375,0.0,2496.6298828125,4559.33984375,12.460000038146973,103.4000015258789,3.5,112.68,74.83,5.5,5.25,308.087,312.373,252.856,164.195320971296,5.375,1.875,-195.40699999999998,0.08743446526676227,-1.9930305214429067
2023-11-26,1300.1800537109375,1296.7385951450892,1315.5179931640625,0.0,2496.6298828125,4559.33984375,12.460000038146973,103.4000015258789,3.5,112.68,74.83,5.5,5.25,308.087,312.373,252.856,164.195320971296,5.375,1.875,-195.40699999999998,0.0875049390564729,-1.770153738633351
2023-11-27,1289.7900390625,1296.0657435825892,1313.4996622721353,-0.7991212154641714,2495.659912109375,4550.43017578125,12.6899995803833,103.19999694824219,3.5,112.68,74.46,5.5,5.25,308.087,312.373,252.856,164.195320971296,5.375,1.875,-195.40699999999998,0.0895570120997163,-2.4969314470364656
2023-11-28,1302.530029296875,1298.1200299944196,1311.9059977213542,0.9877569099258299,2521.760009765625,4554.89013671875,12.6899995803833,102.75,3.5,112.68,76.09,5.5,5.25,308.087,312.373,252.856,164.195320971296,5.375,1.875,-195.40699999999998,0.09539221000645318,-1.403401617322897
2023-11-29,1287.530029296875,1297.0257568359375,1309.6496663411458,-1.1516049275345441,2519.81005859375,4550.580078125,12.979999542236328,102.7699966430664,3.5,112.68,77.56,5.5,5.25,308.087,312.373,252.856,164.195320971296,5.375,1.875,-195.40699999999998,0.09879848092699718,-2.683234636697285
2023-11-30,1288.3599853515625,1295.5357491629463,1307.659334309896,0.06446110271625116,2535.2900390625,4567.7998046875,12.920000076293945,103.5,3.5,112.68,75.66,5.5,5.25,308.087,312.373,252.856,164.195320971296,5.375,1.875,-195.40699999999998,0.09841935676377994,-2.738859531319826
2023-12-01,1296.6600341796875,1295.0328892299108,1305.8760009765624,0.6442336709068242,2505.010009765625,4594.6298828125,12.630000114440918,103.2699966430664,3.5,112.73,73.7,5.5,5.25,308.735,313.23,249.866,164.195320971296,5.375,1.875,-196.005,0.10072688639554893,-2.1122705157126
2023-12-02,1296.6600341796875,1294.530029296875,1304.1700032552083,0.0,2505.010009765625,4594.6298828125,12.630000114440918,103.2699966430664,3.5,112.73,73.7,5.5,5.25,308.735,313.23,249.866,164.195320971296,5.375,1.875,-196.005,0.10079200671296663,-2.1122705157126
2023-12-03,1296.6600341796875,1294.0271693638392,1302.9360026041666,0.0,2505.010009765625,4594.6298828125,12.630000114440918,103.2699966430664,3.5,112.73,73.7,5.5,5.25,308.735,313.23,249.866,164.195320971296,5.375,1.875,-196.005,0.09695292007059621,-1.5787900486183504
2023-12-04,1299.18994140625,1295.3700125558037,1301.7863321940104,0.19510952446089025,2514.949951171875,4569.77978515625,13.079999923706055,103.63999938964844,3.5,112.73,72.73,5.5,5.25,308.735,313.23,249.866,164.195320971296,5.375,1.875,-196.005,0.0972781277278422,-1.4234235335677359
2023-12-05,1307.800048828125,1296.1228724888392,1300.9236653645833,0.6627289164935712,2494.280029296875,4567.18017578125,12.850000381469727,104.05000305175781,3.5,112.73,71.95,5.5,5.25,308.735,313.23,249.866,164.195320971296,5.375,1.875,-196.005,0.09965148072919328,-1.7969056784470694
2023-12-06,1313.3699951171875,1299.8142961774554,1301.107999674479,0.4259019789801588,2495.3798828125,4549.33984375,12.970000267028809,104.1500015258789,3.5,112.73,68.98,5.5,5.25,308.735,313.23,249.866,164.195320971296,5.375,1.875,-196.005,0.08321398900786842,-1.506604353248675
2023-12-07,1313.719970703125,1303.4371512276787,1301.6616658528646,0.026647143397418027,2492.070068359375,4585.58984375,13.0600004196167,103.54000091552734,3.5,112.73,69.0,5.5,5.25,308.735,313.23,249.866,164.195320971296,5.375,1.875,-196.005,0.07935251254037413,-1.5217199540422222
2023-12-08,1312.760009765625,1305.7371477399554,1301.9353312174478,-0.07307196045639452,2517.85009765625,4604.3701171875,12.350000381469727,104.01000213623047,3.5,112.73,70.87,5.5,5.25,308.735,313.23,249.866,164.195320971296,5.375,1.875,-196.005,0.07779777158352093,-1.5936799638955446
2023-12-09,1312.760009765625,1308.037144252232,1302.089998372396,0.0,2517.85009765625,4604.3701171875,12.350000381469727,104.01000213623047,3.5,112.73,70.87,5.5,5.25,308.735,313.23,249.866,164.195320971296,5.375,1.875,-196.005,0.07743223153635505,-1.5936799638955446
2023-12-10,1312.760009765625,1310.3371407645088,1302.0086669921875,0.0,2517.85009765625,4604.3701171875,12.350000381469727,104.01000213623047,3.5,112.73,70.87,5.5,5.25,308.735,313.23,249.866,164.195320971296,5.375,1.875,-196.005,0.07579514987430912,-1.6894779851175712
2023-12-11,1316.510009765625,1312.8114362444196,1302.052335611979,0.28565769615951364,2525.360107421875,4622.43994140625,12.630000114440918,104.0999984741211,3.5,112.73,70.95,5.5,5.25,308.735,313.23,249.866,164.195320971296,5.375,1.875,-196.005,0.07626253093285247,-0.2976228995647978
2023-12-12,1313.6199951171875,1313.642857142857,1301.9996704101563,-0.219520902006054,2535.27001953125,4643.7001953125,12.069999694824219,103.87000274658203,3.5,112.73,68.27,5.5,5.25,308.735,313.23,249.866,164.195320971296,5.375,1.875,-196.005,0.07653852213403403,-0.7914795455012724
2023-12-13,1310.1400146484375,1313.181431361607,1301.6836710611979,-0.26491530896951554,2510.659912109375,4707.08984375,12.1899995803833,102.87000274658203,3.5,112.73,69.09,5.5,5.25,308.735,313.23,249.866,164.195320971296,5.375,1.875,-196.005,0.07620703849716931,-1.4761954769992647
2023-12-14,1292.010009765625,1310.0800083705358,1300.7816731770833,-1.3838219335417734,2544.179931640625,4719.5498046875,12.479999542236328,101.95999908447266,3.5,112.73,71.21,5.5,5.25,308.735,313.23,249.866,164.195320971296,5.375,1.875,-196.005,0.08581617512498034,-2.641180299350321
2023-12-15,1291.9200439453125,1307.1028703962054,1300.3710083007813,-0.00696324483807631,2563.56005859375,4719.18994140625,12.279999732971191,102.55000305175781,3.5,112.73,71.05,5.5,5.25,308.735,313.23,249.866,164.195320971296,5.375,1.875,-196.005,0.07975775696743895,-2.6479596323375487
2023-12-16,1291.9200439453125,1304.125732421875,1300.039676920573,0.0,2563.56005859375,4719.18994140625,12.279999732971191,102.55000305175781,3.5,112.73,71.05,5.5,5.25,308.735,313.23,249.866,164.195320971296,5.375,1.875,-196.005,0.07963066354614616,-2.6479596323375487
2023-12-17,1291.9200439453125,1301.1485944475446,1300.0220133463542,0.0,2563.56005859375,4719.18994140625,12.279999732971191,102.55000305175781,3.5,112.73,71.05,5.5,5.25,308.735,313.23,249.866,164.195320971296,5.375,1.875,-196.005,0.07682750890533777,-2.7476249072242
2023-12-18,1276.469970703125,1295.4285888671875,1299.489347330729,-1.1959001112023526,2566.860107421875,4740.56005859375,12.5600004196167,102.51000213623047,3.5,112.73,72.16,5.5,5.25,308.735,313.23,249.866,164.195320971296,5.375,1.875,-196.005,0.08428127795105982,-4.000275416969812
2023-12-19,1302.9300537109375,1293.9014543805804,1299.8386840820312,2.072910731557376,2568.550048828125,4768.3701171875,12.529999732971191,102.16999816894531,3.5,112.73,73.23,5.5,5.25,308.735,313.23,249.866,164.195320971296,5.375,1.875,-196.005,0.10419800297082683,-1.9269399276948485
2023-12-20,1297.760009765625,1292.1328822544642,1299.9473510742187,-0.39680134252697563,2614.300048828125,4698.35009765625,13.670000076293945,102.41000366210938,3.5,112.73,73.87,5.5,5.25,308.735,313.23,249.866,164.195320971296,5.375,1.875,-196.005,0.10483911759722543,-2.5954303662576783
2023-12-21,1296.97998046875,1292.8428780691963,1300.2416829427084,-0.06010582010581578,2600.02001953125,4746.75,13.649999618530273,101.83999633789062,3.5,112.73,73.59,5.5,5.25,308.735,313.23,249.866,164.195320971296,5.375,1.875,-196.005,0.10378859854353813,-3.2948889423871086
2023-12-22,1291.7099609375,1292.8128662109375,1300.12568359375,-0.40633005987843474,2599.510009765625,4754.6298828125,13.029999732971191,101.69999694824219,3.5,112.73,73.29,5.5,5.25,308.735,313.23,249.866,164.195320971296,5.375,1.875,-196.005,0.10329972071503046,-3.6878308780530222
2023-12-23,1291.7099609375,1292.7828543526787,1299.8896809895834,0.0,2599.510009765625,4754.6298828125,13.029999732971191,101.69999694824219,3.5,112.73,73.29,5.5,5.25,308.735,313.23,249.866,164.195320971296,5.375,1.875,-196.005,0.10294712960142983,-3.6878308780530222
2023-12-24,1291.7099609375,1292.7528424944196,1299.6073445638021,0.0,2599.510009765625,4754.6298828125,13.029999732971191,101.69999694824219,3.5,112.73,73.29,5.5,5.25,308.735,313.23,249.866,164.195320971296,5.375,1.875,-196.005,0.10288253013406218,-3.218053447489766
2023-12-25,1297.3599853515625,1295.7371303013392,1299.5133422851563,0.43740658390230003,2599.510009765625,4754.6298828125,13.029999732971191,101.69999694824219,3.5,112.73,73.29,5.5,5.25,308.735,313.23,249.866,164.195320971296,5.375,1.875,-196.005,0.10373305895695357,-3.069966552304504
2023-12-26,1294.5799560546875,1294.5442592075892,1299.3266723632812,-0.21428357034779522,2602.590087890625,4774.75,12.989999771118164,101.47000122070312,3.5,112.73,75.84,5.5,5.25,308.735,313.23,249.866,164.195320971296,5.375,1.875,-196.005,0.10390952702287924,-4.370825037511539
2023-12-27,1293.9200439453125,1293.9956926618304,1299.4643391927084,-0.05097499820606588,2613.5,4781.580078125,12.430000305175781,100.98999786376953,3.5,112.73,74.31,5.5,5.25,308.735,313.23,249.866,164.195320971296,5.375,1.875,-196.005,0.10121431838311053,-4.35386117016674
2023-12-28,1294.760009765625,1293.6785539899554,1299.2053385416666,0.06491636204593032,2655.280029296875,4783.35009765625,12.470000267028809,101.2300033569336,3.5,112.73,72.02,5.5,5.25,308.735,313.23,249.866,164.195320971296,5.375,1.875,-196.005,0.09693167760634819,-3.938863136250248
2023-12-29,1277.8399658203125,1291.6971261160713,1298.8823364257812,-1.3068092787616559,2655.280029296875,4769.830078125,12.449999809265137,101.33000183105469,3.5,112.73,71.89,5.5,5.25,308.735,313.23,249.866,164.195320971296,5.375,1.875,-196.005,0.09859877198642024,-5.194198986069665
2023-12-30,1277.8399658203125,1289.7156982421875,1298.531669108073,0.0,2655.280029296875,4769.830078125,12.449999809265137,101.33000183105469,3.5,112.73,71.89,5.5,5.25,308.735,313.23,249.866,164.195320971296,5.375,1.875,-196.005,0.09856659925901118,-5.194198986069665
2023-12-31,1277.8399658203125,1287.7342703683037,1297.9043334960938,0.0,2655.280029296875,4769.830078125,12.449999809265137,101.33000183105469,3.5,112.73,71.89,5.5,5.25,308.735,313.23,249.866,164.195320971296,5.375,1.875,-196.005,0.09651003602586826,-5.481010902663385
2024-01-01,1293.530029296875,1287.1871337890625,1297.8,1.2278582526952242,2655.280029296875,4769.830078125,12.449999809265137,101.33000183105469,3.5,113.17,71.89,5.5,5.25,309.794,314.389,251.306,160.341644340885,5.375,1.875,-196.62399999999997,0.10334780794608774,-4.479424211819438
2024-01-02,1293.5400390625,1287.03857421875,1297.6960001627604,0.0007738332623352662,2669.81005859375,4742.830078125,13.199999809265137,102.19999694824219,3.5,113.17,70.62,5.5,5.25,309.794,314.389,251.306,160.341644340885,5.375,1.875,-196.62399999999997,0.10334784949712349,-4.832178238717955
2024-01-03,1307.6199951171875,1288.9957101004463,1297.977001953125,1.088482430346116,2607.31005859375,4704.81005859375,14.039999961853027,102.45999908447266,3.5,113.17,72.97,5.5,5.25,309.794,314.389,251.306,160.341644340885,5.375,1.875,-196.62399999999997,0.10799731544262284,-3.2224191036655303
2024-01-04,1309.530029296875,1291.105712890625,1298.03466796875,0.14606951460056639,2587.02001953125,4688.68017578125,14.130000114440918,102.41999816894531,3.5,113.17,72.38,5.5,5.25,309.794,314.389,251.306,160.341644340885,5.375,1.875,-196.62399999999997,0.10636698130133783,-2.7138483950737258
2024-01-05,1311.25,1295.8785749162946,1297.9640014648437,0.13134259349887323,2578.080078125,4697.240234375,13.350000381469727,102.41000366210938,3.5,113.17,74.0,5.5,5.25,309.794,314.389,251.306,160.341644340885,5.375,1.875,-196.62399999999997,0.10569840059455168,-2.5860702404405744
2024-01-06,1311.25,1300.6514369419642,1297.8816691080729,0.0,2578.080078125,4697.240234375,13.350000381469727,102.41000366210938,3.5,113.17,74.0,5.5,5.25,309.794,314.389,251.306,160.341644340885,5.375,1.875,-196.62399999999997,0.10569467293360066,-2.5860702404405744
2024-01-07,1311.25,1305.4242989676338,1297.8313354492188,0.0,2578.080078125,4697.240234375,13.350000381469727,102.41000366210938,3.5,113.17,74.0,5.5,5.25,309.794,314.389,251.306,160.341644340885,5.375,1.875,-196.62399999999997,0.105674474794511,-2.3902740666463473
2024-01-08,1313.1300048828125,1308.2242954799108,1297.8436686197917,0.14337501489514182,2567.820068359375,4763.5400390625,13.079999923706055,102.20999908447266,3.5,113.17,71.06,5.5,5.25,309.794,314.389,251.306,160.341644340885,5.375,1.875,-196.62399999999997,0.10575814703850735,-2.5065157064392496
2024-01-09,1311.800048828125,1310.8328683035713,1297.811669921875,-0.1012813696848136,2561.239990234375,4756.5,12.760000228881836,102.56999969482422,3.5,113.17,72.43,5.5,5.25,309.794,314.389,251.306,160.341644340885,5.375,1.875,-196.62399999999997,0.10580143788789233,-2.2423570852933006
2024-01-10,1319.7900390625,1312.5714460100446,1297.921004231771,0.6090859839129159,2541.97998046875,4783.4501953125,12.6899995803833,102.36000061035156,3.5,113.17,71.57,5.5,5.25,309.794,314.389,251.306,160.341644340885,5.375,1.875,-196.62399999999997,0.10696984284971696,-1.380148145229243
2024-01-11,1317.5,1313.7100132533483,1298.0503377278646,-0.1735154073542411,2540.27001953125,4780.240234375,12.4399995803833,102.29000091552734,3.5,113.17,72.15,5.5,5.25,309.794,314.389,251.306,160.341644340885,5.375,1.875,-196.62399999999997,0.1068921665184751,-2.287254446362852
2024-01-12,1311.989990234375,1313.8157261439733,1298.1120035807292,-0.4182170600094848,2525.050048828125,4783.830078125,12.699999809265137,102.4000015258789,3.5,113.17,72.94,5.5,5.25,309.794,314.389,251.306,160.341644340885,5.375,1.875,-196.62399999999997,0.10732874277497188,-2.695905818071831
2024-01-13,1311.989990234375,1313.9214390345983,1298.7780029296875,0.0,2525.050048828125,4783.830078125,12.699999809265137,102.4000015258789,3.5,113.17,72.94,5.5,5.25,309.794,314.389,251.306,160.341644340885,5.375,1.875,-196.62399999999997,0.09891077986588093,-2.695905818071831
2024-01-14,1311.989990234375,1314.0271519252233,1299.447001139323,0.0,2525.050048828125,4783.830078125,12.699999809265137,102.4000015258789,3.5,113.17,72.94,5.5,5.25,309.794,314.389,251.306,160.341644340885,5.375,1.875,-196.62399999999997,0.09890731535066005,-2.9643404296273546
2024-01-15,1312.8499755859375,1313.9871477399554,1300.1446655273437,0.06554816408383957,2525.989990234375,4783.830078125,12.699999809265137,102.4000015258789,3.5,113.17,72.94,5.5,5.25,309.794,314.389,251.306,160.341644340885,5.375,1.875,-196.62399999999997,0.09889488404842436,-2.590226295982645
2024-01-16,1319.7099609375,1315.1171351841517,1301.07099609375,0.5225262199895164,2497.590087890625,4765.97998046875,13.84000015258789,103.36000061035156,3.5,113.17,72.63,5.5,5.25,309.794,314.389,251.306,160.341644340885,5.375,1.875,-196.62399999999997,0.09979574078825071,-2.459739505619696
2024-01-17,1337.7900390625,1317.6885637555804,1303.1149983723958,1.370003914508322,2435.89990234375,4739.2099609375,14.789999961853027,103.44999694824219,3.5,113.17,72.79,5.5,5.25,309.794,314.389,251.306,160.341644340885,5.375,1.875,-196.62399999999997,0.09915508359175369,-1.238041785216959
2024-01-18,1344.050048828125,1321.4814278738838,1304.485664876302,0.4679366404919394,2440.0400390625,4780.93994140625,14.130000114440918,103.54000091552734,3.5,113.17,74.32,5.5,5.25,309.794,314.389,251.306,160.341644340885,5.375,1.875,-196.62399999999997,0.08158008046736663,-0.8980727322083881
2024-01-19,1337.6600341796875,1325.1485770089287,1305.8156656901042,-0.47542981409129936,2472.739990234375,4839.81005859375,13.300000190734863,103.29000091552734,3.5,113.17,73.69,5.5,5.25,309.794,314.389,251.306,160.341644340885,5.375,1.875,-196.62399999999997,0.08203085228259716,-1.3692328407785448
2024-01-20,1337.6600341796875,1328.8157261439733,1307.1716674804688,0.0,2472.739990234375,4839.81005859375,13.300000190734863,103.29000091552734,3.5,113.17,73.69,5.5,5.25,309.794,314.389,251.306,160.341644340885,5.375,1.875,-196.62399999999997,0.08194591321716957,-1.3692328407785448
2024-01-21,1337.6600341796875,1332.482875279018,1308.7033365885416,0.0,2472.739990234375,4839.81005859375,13.300000190734863,103.29000091552734,3.5,113.17,73.69,5.5,5.25,309.794,314.389,251.306,160.341644340885,5.375,1.875,-196.62399999999997,0.08058063551859433,-0.8656033272922747
2024-01-22,1333.2099609375,1335.3914446149554,1310.086669921875,-0.3326759511744326,2464.35009765625,4850.43017578125,13.1899995803833,103.33000183105469,3.5,113.17,75.26,5.5,5.25,309.794,314.389,251.306,160.341644340885,5.375,1.875,-196.62399999999997,0.08157406600523484,-0.09217203641654903
2024-01-23,1338.739990234375,1338.1100202287946,1311.6543375651042,0.41479057754612025,2478.610107421875,4864.60009765625,12.550000190734863,103.62000274658203,3.5,113.17,74.72,5.5,5.25,309.794,314.389,251.306,160.341644340885,5.375,1.875,-196.62399999999997,0.08198723257306736,-0.3646828287816817
2024-01-24,1336.780029296875,1337.9657331194196,1312.9683390299479,-0.1464034055751795,2469.68994140625,4868.5498046875,13.140000343322754,103.23999786376953,3.5,113.17,75.48,5.5,5.25,309.794,314.389,251.306,160.341644340885,5.375,1.875,-196.62399999999997,0.08177244002023606,-1.1754460613537132
2024-01-25,1329.8900146484375,1335.94287109375,1314.1453409830729,-0.5154187298909263,2470.340087890625,4894.16015625,13.449999809265137,103.56999969482422,3.5,113.17,77.91,5.5,5.25,309.794,314.389,251.306,160.341644340885,5.375,1.875,-196.62399999999997,0.08323439124389134,-1.5144298243036869
2024-01-26,1336.030029296875,1335.7100132533483,1315.5490071614583,0.46169341680941667,2478.56005859375,4890.97021484375,13.260000228881836,103.47000122070312,3.5,113.17,78.45,5.5,5.25,309.794,314.389,251.306,160.341644340885,5.375,1.875,-196.62399999999997,0.08379847277315976,-1.0597284302952814
2024-01-27,1336.030029296875,1335.4771554129463,1316.9246744791667,0.0,2478.56005859375,4890.97021484375,13.260000228881836,103.47000122070312,3.5,113.17,78.45,5.5,5.25,309.794,314.389,251.306,160.341644340885,5.375,1.875,-196.62399999999997,0.08384868579138005,-1.0597284302952814
2024-01-28,1336.030029296875,1335.2442975725446,1318.8643432617187,0.0,2478.56005859375,4890.97021484375,13.260000228881836,103.47000122070312,3.5,113.17,78.45,5.5,5.25,309.794,314.389,251.306,160.341644340885,5.375,1.875,-196.62399999999997,0.0725013010791812,-1.4160019643374766
2024-01-29,1336.760009765625,1335.7514474051338,1320.8283447265626,0.05463802854297484,2500.64990234375,4927.93017578125,13.600000381469727,103.61000061035156,3.5,113.17,77.25,5.5,5.25,309.794,314.389,251.306,160.341644340885,5.375,1.875,-196.62399999999997,0.07242061406875124,-0.8389725291755967
2024-01-30,1333.2099609375,1334.9614432198662,1322.6740112304688,-0.2655711423284912,2498.81005859375,4924.97021484375,13.3100004196167,103.4000015258789,3.5,113.17,78.3,5.5,5.25,309.794,314.389,251.306,160.341644340885,5.375,1.875,-196.62399999999997,0.07330657629784586,-1.2554121595286127
2024-01-31,1326.6199951171875,1333.510009765625,1323.777010091146,-0.49429317312319476,2497.090087890625,4845.64990234375,14.350000381469727,103.2699966430664,3.5,113.17,76.28,5.5,5.25,309.794,314.389,251.306,160.341644340885,5.375,1.875,-196.62399999999997,0.06794656589492061,-1.5743687115116978
2024-02-01,1333.9100341796875,1334.0842982700892,1325.122676595052,0.5495197637101823,2542.4599609375,4906.18994140625,13.880000114440918,103.05000305175781,3.5,113.78,74.36,5.5,5.25,311.022,315.555,254.926,160.341644340885,5.375,1.875,-197.242,0.06920435932239764,0.017244051008336037
2024-02-02,1328.949951171875,1333.0728585379463,1325.8336751302083,-0.3718453929213328,2615.31005859375,4958.60986328125,13.850000381469727,103.91999816894531,3.5,113.78,72.72,5.5,5.25,311.022,315.555,254.926,160.341644340885,5.375,1.875,-197.242,0.06387894767819148,-0.3546654631222168
2024-02-03,1328.949951171875,1332.0614188058037,1326.481005859375,0.0,2615.31005859375,4958.60986328125,13.850000381469727,103.91999816894531,3.5,113.78,72.72,5.5,5.25,311.022,315.555,254.926,160.341644340885,5.375,1.875,-197.242,0.06383772343883143,-0.3546654631222168
2024-02-04,1328.949951171875,1331.0499790736608,1327.0710042317708,0.0,2615.31005859375,4958.60986328125,13.850000381469727,103.91999816894531,3.5,113.78,72.72,5.5,5.25,311.022,315.555,254.926,160.341644340885,5.375,1.875,-197.242,0.06380553396927083,1.6141107400951649
2024-02-05,1337.72998046875,1331.1885463169642,1327.9536702473958,0.6606741878528055,2591.31005859375,4942.81005859375,13.670000076293945,104.44999694824219,3.5,113.78,73.21,5.5,5.25,311.022,315.555,254.926,160.341644340885,5.375,1.875,-197.242,0.06622367501781624,3.131576780374412
2024-02-06,1333.3900146484375,1331.2142682756696,1328.691670735677,-0.3244276411291769,2576.199951171875,4954.22998046875,13.0600004196167,104.18000030517578,3.5,113.78,73.83,5.5,5.25,311.022,315.555,254.926,160.341644340885,5.375,1.875,-197.242,0.06717178915687504,2.210721301664087
2024-02-07,1326.7900390625,1331.238560267857,1329.1470052083334,-0.4949771269794345,2609.580078125,4995.06005859375,12.829999923706055,104.04000091552734,3.5,113.78,74.26,5.5,5.25,311.022,315.555,254.926,160.341644340885,5.375,1.875,-197.242,0.06897952479631071,1.4272424559675034
2024-02-08,1327.6199951171875,1330.3399832589287,1329.674336751302,0.06255368447549703,2620.320068359375,4997.91015625,12.789999961853027,104.1500015258789,3.5,113.78,76.67,5.5,5.25,311.022,315.555,254.926,160.341644340885,5.375,1.875,-197.242,0.06886073480768008,0.9443464420939129
2024-02-09,1331.469970703125,1330.699986049107,1330.0636678059896,0.28999078050173654,2620.320068359375,5026.60986328125,12.930000305175781,104.08000183105469,3.5,113.78,77.26,5.5,5.25,311.022,315.555,254.926,160.341644340885,5.375,1.875,-197.242,0.06717305918492295,1.2370757402137222
2024-02-10,1331.469970703125,1331.0599888392858,1330.5293334960938,0.0,2620.320068359375,5026.60986328125,12.930000305175781,104.08000183105469,3.5,113.78,77.26,5.5,5.25,311.022,315.555,254.926,160.341644340885,5.375,1.875,-197.242,0.06690341715128434,1.2370757402137222
2024-02-11,1331.469970703125,1331.4199916294642,1331.1786661783854,0.0,2620.320068359375,5026.60986328125,12.930000305175781,104.08000183105469,3.5,113.78,77.26,5.5,5.25,311.022,315.555,254.926,160.341644340885,5.375,1.875,-197.242,0.06551971651406338,0.8979839370261367
2024-02-12,1330.06005859375,1330.3242885044642,1331.7810017903646,-0.1058913937526107,2620.320068359375,5021.83984375,13.930000305175781,104.16999816894531,3.5,113.78,77.34,5.5,5.25,311.022,315.555,254.926,160.341644340885,5.375,1.875,-197.242,0.06566160673887478,0.8331713064652746
2024-02-13,1328.5,1329.6257149832588,1332.3313354492188,-0.11729234207660255,2649.639892578125,4953.169921875,15.850000381469727,104.95999908447266,3.5,113.78,78.28,5.5,5.25,311.022,315.555,254.926,160.341644340885,5.375,1.875,-197.242,0.06582148392919838,1.8600878632210494
2024-02-14,1340.7900390625,1331.6257149832588,1333.2626708984376,0.9251064405344289,2620.419921875,5000.6201171875,14.380000114440918,104.72000122070312,3.5,113.78,77.09,5.5,5.25,311.022,315.555,254.926,160.341644340885,5.375,1.875,-197.242,0.07062217744650694,2.9903410619402715
2024-02-15,1326.0,1331.394287109375,1333.4723388671875,-1.1030839006561655,2613.800048828125,5029.72998046875,14.010000228881836,104.30000305175781,3.5,113.78,78.47,5.5,5.25,311.022,315.555,254.926,160.341644340885,5.375,1.875,-197.242,0.0770202713650351,2.595848976411408
2024-02-16,1327.6600341796875,1330.8500104631696,1333.1346720377603,0.12519111460689292,2648.760009765625,5005.56982421875,14.239999771118164,104.27999877929688,3.5,113.78,79.65,5.5,5.25,311.022,315.555,254.926,160.341644340885,5.375,1.875,-197.242,0.0656249617942613,2.7242898632853896
2024-02-17,1327.6600341796875,1330.3057338169642,1332.5883382161458,0.0,2648.760009765625,5005.56982421875,14.239999771118164,104.27999877929688,3.5,113.78,79.65,5.5,5.25,311.022,315.555,254.926,160.341644340885,5.375,1.875,-197.242,0.06395381265737841,2.7242898632853896
2024-02-18,1327.6600341796875,1329.7614571707588,1332.2550048828125,0.0,2648.760009765625,5005.56982421875,14.239999771118164,104.27999877929688,3.5,113.78,79.65,5.5,5.25,311.022,315.555,254.926,160.341644340885,5.375,1.875,-197.242,0.06261201988544114,2.5616094383690724
2024-02-19,1331.5799560546875,1329.9785853794642,1332.052335611979,0.29525042360878384,2680.260009765625,5005.56982421875,14.239999771118164,104.27999877929688,3.5,113.78,79.65,5.5,5.25,311.022,315.555,254.926,160.341644340885,5.375,1.875,-197.242,0.06329247408327544,3.3714963954124766
2024-02-20,1333.3399658203125,1330.6700090680804,1331.9083333333333,0.13217454630660708,2657.7900390625,4975.509765625,15.420000076293945,104.08000183105469,3.5,113.78,78.72,5.5,5.25,311.022,315.555,254.926,160.341644340885,5.375,1.875,-197.242,0.06343440398190366,2.945515803855092
2024-02-21,1333.75,1329.6642892020088,1331.9263346354167,0.030752410502832284,2653.31005859375,4981.7998046875,15.34000015258789,104.01000213623047,3.5,113.78,78.89,5.5,5.25,311.022,315.555,254.926,160.341644340885,5.375,1.875,-197.242,0.06269825156129855,2.691733065856816
2024-02-22,1332.8699951171875,1330.645717075893,1331.7306681315104,-0.06597974753983493,2664.27001953125,5087.02978515625,14.539999961853027,103.95999908447266,3.5,113.78,79.64,5.5,5.25,311.022,315.555,254.926,160.341644340885,5.375,1.875,-197.242,0.061485040986045424,2.5142626448503957
2024-02-23,1327.1700439453125,1330.575718470982,1331.4103352864583,-0.4276449460754672,2667.699951171875,5088.7998046875,13.75,103.94000244140625,3.5,113.78,77.6,5.5,5.25,311.022,315.555,254.926,160.341644340885,5.375,1.875,-197.242,0.06254283307500318,2.075865581643166
2024-02-24,1327.1700439453125,1330.5057198660713,1331.319669596354,0.0,2667.699951171875,5088.7998046875,13.75,103.94000244140625,3.5,113.78,77.6,5.5,5.25,311.022,315.555,254.926,160.341644340885,5.375,1.875,-197.242,0.0607777301413498,2.075865581643166
2024-02-25,1327.1700439453125,1330.4357212611608,1331.0243367513021,0.0,2667.699951171875,5088.7998046875,13.75,103.94000244140625,3.5,113.78,77.6,5.5,5.25,311.022,315.555,254.926,160.341644340885,5.375,1.875,-197.242,0.05914069520544016,2.898146500649257
2024-02-26,1330.0,1330.2100132533483,1330.8233357747397,0.2132323636747202,2647.080078125,5069.52978515625,13.739999771118164,103.83000183105469,3.5,113.78,78.53,5.5,5.25,311.022,315.555,254.926,160.341644340885,5.375,1.875,-197.242,0.059529693777614565,2.108970241396557
2024-02-27,1331.719970703125,1329.9785853794642,1330.679667154948,0.1293211054981258,2625.050048828125,5078.18017578125,13.430000305175781,103.83000183105469,3.5,113.78,79.8,5.5,5.25,311.022,315.555,254.926,160.341644340885,5.375,1.875,-197.242,0.05967468808631427,3.4321484082497244
2024-02-28,1331.7900390625,1329.6985909598213,1330.5140014648437,0.005261493475838819,2652.2900390625,5069.759765625,13.84000015258789,103.9800033569336,3.5,113.78,79.44,5.5,5.25,311.022,315.555,254.926,160.341644340885,5.375,1.875,-197.242,0.05964530263962546,3.3709564255898883
2024-02-29,1333.3800048828125,1329.771449497768,1330.519669596354,0.11938562188313906,2642.360107421875,5096.27001953125,13.399999618530273,104.16000366210938,3.5,113.78,79.22,5.5,5.25,311.022,315.555,254.926,160.341644340885,5.375,1.875,-197.242,0.059263968853441595,2.8318888324768476
2024-03-01,1335.199951171875,1330.9185791015625,1330.8056681315104,0.136491193988042,2642.360107421875,5137.080078125,13.109999656677246,103.86000061035156,3.5,113.95,80.9,5.5,5.25,312.107,316.762,255.095,160.341644340885,5.375,1.875,-198.15700000000004,0.057474915433781006,2.9722453053447673
2024-03-02,1335.199951171875,1332.065708705357,1330.8486653645834,0.0,2642.360107421875,5137.080078125,13.109999656677246,103.86000061035156,3.5,113.95,80.9,5.5,5.25,312.107,316.762,255.095,160.341644340885,5.375,1.875,-198.15700000000004,0.05525709261994083,2.9722453053447673
2024-03-03,1335.199951171875,1333.2128383091517,1331.0569986979167,0.0,2642.360107421875,5137.080078125,13.109999656677246,103.86000061035156,3.5,113.95,80.9,5.5,5.25,312.107,316.762,255.095,160.341644340885,5.375,1.875,-198.15700000000004,0.05409925426321116,2.771727875806018
2024-03-04,1330.9000244140625,1333.3414132254463,1331.122001139323,-0.3220436575090191,2674.27001953125,5130.9501953125,13.489999771118164,103.83000183105469,3.5,113.95,79.67,5.5,5.25,312.107,316.762,255.095,160.341644340885,5.375,1.875,-198.15700000000004,0.05498105227962488,1.7663231934145207
2024-03-05,1328.93994140625,1332.9442661830358,1331.1216674804687,-0.14727499976382452,2649.39990234375,5078.64990234375,14.460000038146973,103.80000305175781,3.5,113.95,79.11,5.5,5.25,312.107,316.762,255.095,160.341644340885,5.375,1.875,-198.15700000000004,0.05515918093954608,1.1854958120672832
2024-03-06,1333.4300537109375,1333.1785539899554,1330.9783365885417,0.337871725033434,2641.489990234375,5104.759765625,14.5,103.37000274658203,3.5,113.95,80.08,5.5,5.25,312.107,316.762,255.095,160.341644340885,5.375,1.875,-198.15700000000004,0.05253317293414456,1.5003260548184683
2024-03-07,1327.0899658203125,1332.2799769810267,1330.7683349609374,-0.475472100916019,2647.6201171875,5157.35986328125,14.4399995803833,102.81999969482422,3.5,113.95,79.81,5.5,5.25,312.107,316.762,255.095,160.341644340885,5.375,1.875,-198.15700000000004,0.053491909410946295,1.09158992870646
2024-03-08,1321.1800537109375,1330.277134486607,1330.5813354492188,-0.4453286711215476,2680.35009765625,5123.68994140625,14.739999771118164,102.73999786376953,3.5,113.95,78.96,5.5,5.25,312.107,316.762,255.095,160.341644340885,5.375,1.875,-198.15700000000004,0.05312306647332643,0.6414000946613152
2024-03-09,1321.1800537109375,1328.2742919921875,1330.3666707356772,0.0,2680.35009765625,5123.68994140625,14.739999771118164,102.73999786376953,3.5,113.95,78.96,5.5,5.25,312.107,316.762,255.095,160.341644340885,5.375,1.875,-198.15700000000004,0.05307607916636548,0.6414000946613152
2024-03-10,1321.1800537109375,1326.271449497768,1330.0236735026042,0.0,2680.35009765625,5123.68994140625,14.739999771118164,102.73999786376953,3.5,113.95,78.96,5.5,5.25,312.107,316.762,255.095,160.341644340885,5.375,1.875,-198.15700000000004,0.052284448217987785,0.3547290875626441
2024-03-11,1315.97998046875,1324.1400146484375,1329.5073404947916,-0.393593078216814,2659.840087890625,5117.93994140625,15.220000267028809,102.87000274658203,3.5,113.95,78.87,5.5,5.25,312.107,316.762,255.095,160.341644340885,5.375,1.875,-198.15700000000004,0.05335226527555728,0.17965510271880092
2024-03-12,1310.5400390625,1321.5114571707588,1328.809676106771,-0.4133756962102386,2681.81005859375,5175.27001953125,13.84000015258789,102.95999908447266,3.5,113.95,78.51,5.5,5.25,312.107,316.762,255.095,160.341644340885,5.375,1.875,-198.15700000000004,0.05442773357524469,0.030532951409001363
2024-03-13,1311.1500244140625,1318.3285958426338,1328.1793416341145,0.046544579591700774,2693.570068359375,5165.31005859375,13.75,102.79000091552734,3.5,113.95,80.67,5.5,5.25,312.107,316.762,255.095,160.341644340885,5.375,1.875,-198.15700000000004,0.05447642843521408,1.481413805138354
2024-03-14,1313.6500244140625,1316.4086042131696,1327.6843424479166,0.19067230701668159,2718.760009765625,5150.47998046875,14.399999618530273,103.36000061035156,3.5,113.95,82.16,5.5,5.25,312.107,316.762,255.095,160.341644340885,5.375,1.875,-198.15700000000004,0.05486170938228464,1.6819911240319563
2024-03-15,1321.9200439453125,1316.5143171037946,1327.0553426106771,0.6295451130478025,2666.840087890625,5117.08984375,14.40999984741211,103.43000030517578,3.5,113.95,81.94,5.5,5.25,312.107,316.762,255.095,160.341644340885,5.375,1.875,-198.15700000000004,0.05088266140584323,2.3221251300030055
2024-03-16,1321.9200439453125,1316.6200299944196,1326.919344075521,0.0,2666.840087890625,5117.08984375,14.40999984741211,103.43000030517578,3.5,113.95,81.94,5.5,5.25,312.107,316.762,255.095,160.341644340885,5.375,1.875,-198.15700000000004,0.03982519726150224,2.3221251300030055
2024-03-17,1321.9200439453125,1316.7257428850446,1326.7280110677084,0.0,2666.840087890625,5117.08984375,14.40999984741211,103.43000030517578,3.5,113.95,81.94,5.5,5.25,312.107,316.762,255.095,160.341644340885,5.375,1.875,-198.15700000000004,0.03962075983528767,3.56060653876189
2024-03-18,1329.3399658203125,1318.634312220982,1326.7840087890625,0.5612988401972441,2685.840087890625,5149.419921875,14.329999923706055,103.58000183105469,3.5,113.95,83.68,5.5,5.25,312.107,316.762,255.095,160.341644340885,5.375,1.875,-198.15700000000004,0.04299122995116656,2.02696315386659
2024-03-19,1336.0899658203125,1322.2843017578125,1327.0650065104167,0.5077707865222214,2656.169921875,5178.509765625,13.819999694824219,103.80999755859375,3.5,113.95,84.39,5.5,5.25,312.107,316.762,255.095,160.341644340885,5.375,1.875,-198.15700000000004,0.045395941172017513,2.95354732510289
2024-03-20,1337.02001953125,1325.980015345982,1327.2463419596354,0.06961011119983596,2690.139892578125,5224.6201171875,13.039999961853027,103.41000366210938,3.5,113.95,82.79,5.5,5.25,312.107,316.762,255.095,160.341644340885,5.375,1.875,-198.15700000000004,0.04467892716240646,3.0871747957149642
2024-03-21,1330.1099853515625,1328.3314383370537,1327.1386759440104,-0.5168235388210651,2754.860107421875,5241.52978515625,12.920000076293945,104.0,3.5,113.95,81.99,5.5,5.25,312.107,316.762,255.095,160.341644340885,5.375,1.875,-198.15700000000004,0.047081771605462605,2.9728054730020492
2024-03-22,1334.6800537109375,1330.154296875,1327.169677734375,0.34358574927675356,2748.56005859375,5234.18017578125,13.0600004196167,104.43000030517578,3.5,113.95,81.1,5.5,5.25,312.107,316.762,255.095,160.341644340885,5.375,1.875,-198.15700000000004,0.04816412923420977,3.326605358237744
2024-03-23,1334.6800537109375,1331.9771554129463,1327.2300130208334,0.0,2748.56005859375,5234.18017578125,13.0600004196167,104.43000030517578,3.5,113.95,81.1,5.5,5.25,312.107,316.762,255.095,160.341644340885,5.375,1.875,-198.15700000000004,0.048120233790450856,3.326605358237744
2024-03-24,1334.6800537109375,1333.800013950893,1327.4803466796875,0.0,2748.56005859375,5234.18017578125,13.0600004196167,104.43000030517578,3.5,113.95,81.1,5.5,5.25,312.107,316.762,255.095,160.341644340885,5.375,1.875,-198.15700000000004,0.04634275488109106,2.876616265396992
2024-03-25,1343.5999755859375,1335.837158203125,1328.0280110677083,0.6683191114004616,2737.570068359375,5218.18994140625,13.1899995803833,104.2300033569336,3.5,113.95,82.41,5.5,5.25,312.107,316.762,255.095,160.341644340885,5.375,1.875,-198.15700000000004,0.050005103145274774,3.786557894858933
2024-03-26,1339.1300048828125,1336.271449497768,1328.4266764322917,-0.33268612565846567,2757.090087890625,5203.580078125,13.239999771118164,104.29000091552734,3.5,113.95,82.41,5.5,5.25,312.107,316.762,255.095,160.341644340885,5.375,1.875,-198.15700000000004,0.05116127693729956,3.4940304966332825
2024-03-27,1343.06005859375,1337.134312220982,1328.86201171875,0.2934781310707235,2755.110107421875,5248.490234375,12.779999732971191,104.3499984741211,3.5,113.95,82.15,5.5,5.25,312.107,316.762,255.095,160.341644340885,5.375,1.875,-198.15700000000004,0.05146243274426997,3.7304248249734107
2024-03-28,1349.800048828125,1339.9471784319196,1329.4646809895833,0.5018383348717848,2745.820068359375,5254.35009765625,13.010000228881836,104.55000305175781,3.5,113.95,83.96,5.5,5.25,312.107,316.762,255.095,160.341644340885,5.375,1.875,-198.15700000000004,0.0531719097732638,5.631384596866762
2024-03-29,1349.800048828125,1342.107177734375,1330.0650146484375,0.0,2746.6298828125,5254.35009765625,13.010000228881836,104.55000305175781,3.5,113.95,83.96,5.5,5.25,312.107,316.762,255.095,160.341644340885,5.375,1.875,-198.15700000000004,0.05317558849032664,5.631384596866762
2024-03-30,1349.800048828125,1344.2671770368304,1330.6123494466146,0.0,2746.6298828125,5254.35009765625,13.010000228881836,104.55000305175781,3.5,113.95,83.96,5.5,5.25,312.107,316.762,255.095,160.341644340885,5.375,1.875,-198.15700000000004,0.053143670537054655,5.631384596866762
2024-03-31,1349.800048828125,1346.4271763392858,1331.0990193684895,0.0,2746.6298828125,5254.35009765625,13.010000228881836,104.55000305175781,3.5,113.95,83.96,5.5,5.25,312.107,316.762,255.095,160.341644340885,5.375,1.875,-198.15700000000004,0.053078522593291,4.350113121211163
2024-04-01,1345.31005859375,1346.6714739118304,1331.4360229492188,-0.33264113735016476,2747.860107421875,5243.77001953125,13.649999618530273,105.0199966430664,3.5,114.01,84.54,5.5,5.25,313.016,317.596,256.978,168.609045632641,5.375,1.875,-199.00600000000003,0.05414377897685158,4.002196914505296
2024-04-02,1355.530029296875,1349.0143345424108,1332.1136922200521,0.7596739976662326,2753.159912109375,5205.81005859375,14.609999656677246,104.81999969482422,3.5,114.01,85.95,5.5,5.25,313.016,317.596,256.978,168.609045632641,5.375,1.875,-199.00600000000003,0.05815817162020696,3.6639111025060345
2024-04-03,1350.72998046875,1350.1100376674108,1332.7746907552084,-0.354108630895833,2706.969970703125,5211.490234375,14.329999923706055,104.25,3.5,114.01,86.22,5.5,5.25,313.016,317.596,256.978,168.609045632641,5.375,1.875,-199.00600000000003,0.058344038947847954,3.146163146330938
2024-04-04,1344.8399658203125,1349.4014543805804,1333.3046915690104,-0.43606159140655576,2742.0,5147.2099609375,16.350000381469727,104.12000274658203,3.5,114.01,87.37,5.5,5.25,313.016,317.596,256.978,168.609045632641,5.375,1.875,-199.00600000000003,0.059775188875863895,2.5616751817206795
2024-04-05,1351.3599853515625,1349.624302455357,1333.9023559570312,0.4848175022277079,2714.2099609375,5204.33984375,16.030000686645508,104.30000305175781,3.5,114.01,87.69,5.5,5.25,313.016,317.596,256.978,168.609045632641,5.375,1.875,-199.00600000000003,0.06055737947474666,3.0589121335796055
2024-04-06,1351.3599853515625,1349.8471505301338,1334.711356608073,0.0,2714.2099609375,5204.33984375,16.030000686645508,104.30000305175781,3.5,114.01,87.69,5.5,5.25,313.016,317.596,256.978,168.609045632641,5.375,1.875,-199.00600000000003,0.05853902825024968,3.0589121335796055
2024-04-07,1351.3599853515625,1350.0699986049108,1335.717354329427,0.0,2714.2099609375,5204.33984375,16.030000686645508,104.30000305175781,3.5,114.01,87.69,5.5,5.25,313.016,317.596,256.978,168.609045632641,5.375,1.875,-199.00600000000003,0.056581497588568334,2.9113629516189343
2024-04-08,1350.27001953125,1350.778564453125,1336.6870198567708,-0.08065695537291528,2717.64990234375,5202.39013671875,15.1899995803833,104.13999938964844,3.5,114.01,87.24,5.5,5.25,313.016,317.596,256.978,168.609045632641,5.375,1.875,-199.00600000000003,0.05672366298909543,2.932609336117298
2024-04-09,1354.219970703125,1350.5914132254463,1337.788350423177,0.2925304653691674,2705.159912109375,5209.91015625,14.979999542236328,104.1500015258789,3.5,114.01,86.04,5.5,5.25,313.016,317.596,256.978,168.609045632641,5.375,1.875,-199.00600000000003,0.05702824720274573,2.6087431047048915
2024-04-10,1348.5400390625,1350.278564453125,1338.8736857096353,-0.41942459596692183,2705.159912109375,5160.64013671875,15.800000190734863,105.25,3.5,114.01,86.98,5.5,5.25,313.016,317.596,256.978,168.609045632641,5.375,1.875,-199.00600000000003,0.05722042444674909,2.355980194497165
2024-04-11,1363.760009765625,1352.9814278738838,1340.647684733073,1.128625792505633,2706.9599609375,5199.06005859375,14.90999984741211,105.27999877929688,3.5,114.01,85.79,5.5,5.25,313.016,317.596,256.978,168.609045632641,5.375,1.875,-199.00600000000003,0.06279809006202211,3.9459157399517775
2024-04-12,1367.8399658203125,1355.3357107979912,1342.5373494466146,0.2991696504862862,2681.820068359375,5123.41015625,17.309999465942383,106.04000091552734,3.5,114.01,86.46,5.5,5.25,313.016,317.596,256.978,168.609045632641,5.375,1.875,-199.00600000000003,0.06292072634150095,4.256890372765754
2024-04-13,1367.8399658203125,1357.6899937220983,1344.343680826823,0.0,2681.820068359375,5123.41015625,17.309999465942383,106.04000091552734,3.5,114.01,86.46,5.5,5.25,313.016,317.596,256.978,168.609045632641,5.375,1.875,-199.00600000000003,0.06303500441317961,4.256890372765754
2024-04-14,1367.8399658203125,1360.0442766462054,1345.8743448893229,0.0,2681.820068359375,5123.41015625,17.309999465942383,106.04000091552734,3.5,114.01,86.46,5.5,5.25,313.016,317.596,256.978,168.609045632641,5.375,1.875,-199.00600000000003,0.0613668732065487,4.18859666047009
2024-04-15,1379.6099853515625,1364.2357003348213,1347.797342936198,0.860482207375135,2670.429931640625,5061.81982421875,19.229999542236328,106.20999908447266,3.5,114.01,86.21,5.5,5.25,313.016,317.596,256.978,168.609045632641,5.375,1.875,-199.00600000000003,0.06493426443609328,4.538877949478426
2024-04-16,1387.6700439453125,1369.0142822265625,1349.9890096028646,0.5842273308638068,2609.6298828125,5051.41015625,18.399999618530273,106.26000213623047,3.5,114.01,86.15,5.5,5.25,313.016,317.596,256.978,168.609045632641,5.375,1.875,-199.00600000000003,0.06601269919831894,3.7285376199816422
2024-04-17,1387.3399658203125,1374.55712890625,1351.922342936198,-0.02378649927914367,2584.179931640625,5022.2099609375,18.209999084472656,105.94999694824219,3.5,114.01,83.58,5.5,5.25,313.016,317.596,256.978,168.609045632641,5.375,1.875,-199.00600000000003,0.06511518677926477,3.2208560261525854
2024-04-18,1379.5400390625,1376.8114188058037,1353.3706787109375,-0.5622217300717991,2634.699951171875,5011.1201171875,18.0,106.1500015258789,3.5,114.01,83.5,5.5,5.25,313.016,317.596,256.978,168.609045632641,5.375,1.875,-199.00600000000003,0.067259678046767,3.1308407078555867
2024-04-19,1379.4000244140625,1378.462855747768,1354.7833455403645,-0.010149371853873657,2591.860107421875,4967.22998046875,18.709999084472656,106.1500015258789,3.5,114.01,83.79,5.5,5.25,313.016,317.596,256.978,168.609045632641,5.375,1.875,-199.00600000000003,0.06733850159123891,3.1203735753361217
2024-04-20,1379.4000244140625,1380.114292689732,1356.4263468424479,0.0,2591.860107421875,4967.22998046875,18.709999084472656,106.1500015258789,3.5,114.01,83.79,5.5,5.25,313.016,317.596,256.978,168.609045632641,5.375,1.875,-199.00600000000003,0.06481028761790099,3.1203735753361217
2024-04-21,1379.4000244140625,1381.7657296316963,1357.917012532552,0.0,2591.860107421875,4967.22998046875,18.709999084472656,106.1500015258789,3.5,114.01,83.79,5.5,5.25,313.016,317.596,256.978,168.609045632641,5.375,1.875,-199.00600000000003,0.06455479056250353,3.464575335461939
2024-04-22,1373.9300537109375,1380.954310825893,1359.2253458658854,-0.3965470933965265,2629.43994140625,5010.60009765625,16.940000534057617,106.08000183105469,3.5,114.01,83.82,5.5,5.25,313.016,317.596,256.978,168.609045632641,5.375,1.875,-199.00600000000003,0.06614916261736332,2.628595823928559
2024-04-23,1378.8399658203125,1379.69287109375,1360.6973429361979,0.3573625961608151,2623.02001953125,5070.5498046875,15.6899995803833,105.69000244140625,3.5,114.01,84.17,5.5,5.25,313.016,317.596,256.978,168.609045632641,5.375,1.875,-199.00600000000003,0.06650138712536098,3.146361824806765
2024-04-24,1370.47998046875,1377.2843017578125,1361.5933430989583,-0.6063057032575148,2675.75,5071.6298828125,15.970000267028809,105.86000061035156,3.5,114.01,84.09,5.5,5.25,313.016,317.596,256.978,168.609045632641,5.375,1.875,-199.00600000000003,0.06744664978781482,3.0521295274964944
2024-04-25,1376.969970703125,1376.9171491350446,1362.8546752929688,0.47355600423693023,2628.6201171875,5048.419921875,15.369999885559082,105.5999984741211,3.5,114.01,84.92,5.5,5.25,313.016,317.596,256.978,168.609045632641,5.375,1.875,-199.00600000000003,0.0673434967349796,3.064297995442211
2024-04-26,1371.699951171875,1375.817138671875,1363.8093383789062,-0.38272581417000406,2656.330078125,5099.9599609375,15.029999732971191,105.94000244140625,3.5,114.01,85.38,5.5,5.25,313.016,317.596,256.978,168.609045632641,5.375,1.875,-199.00600000000003,0.068443930363136,2.669844321820536
2024-04-27,1371.699951171875,1374.7171282087054,1364.5393351236978,0.0,2656.330078125,5099.9599609375,15.029999732971191,105.94000244140625,3.5,114.01,85.38,5.5,5.25,313.016,317.596,256.978,168.609045632641,5.375,1.875,-199.00600000000003,0.06723526635097062,2.669844321820536
2024-04-28,1371.699951171875,1373.6171177455358,1365.2693318684896,0.0,2656.330078125,5099.9599609375,15.029999732971191,105.94000244140625,3.5,114.01,85.38,5.5,5.25,313.016,317.596,256.978,168.609045632641,5.375,1.875,-199.00600000000003,0.06723526635097062,2.6137781764114854
2024-04-29,1377.0899658203125,1374.0685337611608,1366.1789957682292,0.3929441452434679,2687.43994140625,5116.169921875,14.670000076293945,105.58000183105469,3.5,114.01,84.26,5.5,5.25,313.016,317.596,256.978,168.609045632641,5.375,1.875,-199.00600000000003,0.06791939455054359,3.2913049083399093
2024-04-30,1374.6400146484375,1373.468540736607,1367.0069946289063,-0.17790785153355415,2692.06005859375,5035.68994140625,15.649999618530273,106.22000122070312,3.5,114.01,83.49,5.5,5.25,313.016,317.596,256.978,168.609045632641,5.375,1.875,-199.00600000000003,0.0682681503810898,3.619726802550427
2024-05-01,1385.4599609375,1375.6085379464287,1368.3453247070313,0.7871112563116789,2692.06005859375,5018.39013671875,15.390000343322754,105.76000213623047,3.5,114.1,80.7,5.5,5.25,313.14,318.053,255.313,168.609045632641,5.375,1.875,-199.04,0.07033044529176011,3.8645729799546835
2024-05-02,1375.0,1375.327113560268,1368.9943237304688,-0.7549811060885592,2683.64990234375,5064.2001953125,14.680000305175781,105.30000305175781,3.5,114.1,80.59,5.5,5.25,313.14,318.053,255.313,168.609045632641,5.375,1.875,-199.04,0.07165472809687401,3.465145454689078
2024-05-03,1364.6400146484375,1374.3185511997767,1369.4579915364584,-0.7534534801136417,2676.6298828125,5127.7900390625,13.489999771118164,105.02999877929688,3.5,114.1,79.65,5.5,5.25,313.14,318.053,255.313,168.609045632641,5.375,1.875,-199.04,0.07448359642610414,2.6855837155560947
2024-05-04,1364.6400146484375,1373.3099888392858,1370.1179931640625,0.0,2676.6298828125,5127.7900390625,13.489999771118164,105.02999877929688,3.5,114.1,79.65,5.5,5.25,313.14,318.053,255.313,168.609045632641,5.375,1.875,-199.04,0.073146246514572,2.6855837155560947
2024-05-05,1364.6400146484375,1372.3014264787946,1370.5606608072917,0.0,2676.6298828125,5127.7900390625,13.489999771118164,105.02999877929688,3.5,114.1,79.65,5.5,5.25,313.14,318.053,255.313,168.609045632641,5.375,1.875,-199.04,0.07198082719461261,2.011619278373211
2024-05-06,1355.050048828125,1369.152866908482,1370.683662923177,-0.7027469308660939,2676.6298828125,5180.740234375,13.489999771118164,105.05000305175781,3.5,114.1,80.1,5.5,5.25,313.14,318.053,255.313,168.609045632641,5.375,1.875,-199.04,0.07508066741126065,1.6244335072059357
2024-05-07,1352.1700439453125,1365.94287109375,1370.7106648763022,-0.21253863540340312,2734.360107421875,5187.7001953125,13.229999542236328,105.41000366210938,3.5,114.1,79.97,5.5,5.25,313.14,318.053,255.313,168.609045632641,5.375,1.875,-199.04,0.07535786794100968,1.912887807082564
2024-05-08,1357.72998046875,1361.9814453125,1370.9593302408855,0.41118619276721,2745.050048828125,5187.669921875,13.0,105.55000305175781,3.5,114.1,80.57,5.5,5.25,313.14,318.053,255.313,168.609045632641,5.375,1.875,-199.04,0.07622617832631502,2.267967148905803
2024-05-09,1361.93994140625,1360.11572265625,1371.2166625976563,0.3100735048987113,2712.139892578125,5214.080078125,12.6899995803833,105.2300033569336,3.5,114.1,80.86,5.5,5.25,313.14,318.053,255.313,168.609045632641,5.375,1.875,-199.04,0.07628245995427498,2.2884459562414694
2024-05-10,1365.4000244140625,1360.2242954799108,1371.778662109375,0.2540554765021241,2727.6298828125,5222.68017578125,12.550000190734863,105.30999755859375,3.5,114.1,79.81,5.5,5.25,313.14,318.053,255.313,168.609045632641,5.375,1.875,-199.04,0.07540299204027338,2.5483153550222237
2024-05-11,1365.4000244140625,1360.3328683035713,1371.8333292643229,0.0,2727.6298828125,5222.68017578125,12.550000190734863,105.30999755859375,3.5,114.1,79.81,5.5,5.25,313.14,318.053,255.313,168.609045632641,5.375,1.875,-199.04,0.06800897612949375,2.5483153550222237
2024-05-12,1365.4000244140625,1360.441441127232,1371.7519978841146,0.0,2727.6298828125,5222.68017578125,12.550000190734863,105.30999755859375,3.5,114.1,79.81,5.5,5.25,313.14,318.053,255.313,168.609045632641,5.375,1.875,-199.04,0.06743439829250902,2.65702030460766
2024-05-13,1370.1099853515625,1362.5928606305804,1371.8276652018228,0.34495099262366047,2727.2099609375,5221.419921875,13.600000381469727,105.22000122070312,3.5,114.1,80.71,5.5,5.25,313.14,318.053,255.313,168.609045632641,5.375,1.875,-199.04,0.06819380797610769,3.1321027739226626
2024-05-14,1363.7900390625,1364.2528599330358,1371.6926676432292,-0.46127291652726665,2730.340087890625,5246.68017578125,13.420000076293945,105.01000213623047,3.5,114.1,79.62,5.5,5.25,313.14,318.053,255.313,168.609045632641,5.375,1.875,-199.04,0.06952892052986587,1.7154065386764117
2024-05-15,1362.550048828125,1364.941441127232,1371.124003092448,-0.09092237066252729,2730.340087890625,5308.14990234375,12.449999809265137,104.3499984741211,3.5,114.1,80.23,5.5,5.25,313.14,318.053,255.313,168.609045632641,5.375,1.875,-199.04,0.06447494810301793,2.756413938772617
2024-05-16,1353.5999755859375,1363.7500174386162,1369.9883341471354,-0.656861980951462,2753.0,5297.10009765625,12.420000076293945,104.45999908447266,3.5,114.1,80.85,5.5,5.25,313.14,318.053,255.313,168.609045632641,5.375,1.875,-199.04,0.06405478466977904,1.9538090127324992
2024-05-17,1346.0400390625,1360.9843052455358,1368.611669921875,-0.5585059589089503,2724.6201171875,5303.27001953125,11.989999771118164,104.44999694824219,3.5,114.1,81.66,5.5,5.25,313.14,318.053,255.313,168.609045632641,5.375,1.875,-199.04,0.0654908973304741,1.3843909140617283
2024-05-18,1346.0400390625,1358.2185930524554,1367.4950032552083,0.0,2724.6201171875,5303.27001953125,11.989999771118164,104.44999694824219,3.5,114.1,81.66,5.5,5.25,313.14,318.053,255.313,168.609045632641,5.375,1.875,-199.04,0.06405313747218457,1.3843909140617283
2024-05-19,1346.0400390625,1355.452880859375,1366.3830037434896,0.0,2724.6201171875,5303.27001953125,11.989999771118164,104.44999694824219,3.5,114.1,81.66,5.5,5.25,313.14,318.053,255.313,168.609045632641,5.375,1.875,-199.04,0.0640635843447664,1.0859342649356174
2024-05-20,1353.3900146484375,1353.0643136160713,1365.5160034179687,0.546044350289665,2742.139892578125,5308.1298828125,12.149999618530273,104.56999969482422,3.5,114.1,81.39,5.5,5.25,313.14,318.053,255.313,168.609045632641,5.375,1.875,-199.04,0.06656774194998258,1.5037461819266573
2024-05-21,1360.1600341796875,1352.5457414899554,1364.8746704101563,0.5002267977430419,2724.179931640625,5321.41015625,11.859999656677246,104.66000366210938,3.5,114.1,80.66,5.5,5.25,313.14,318.053,255.313,168.609045632641,5.375,1.875,-199.04,0.06852635859799637,1.9801337716729206
2024-05-22,1363.4200439453125,1352.6700265066963,1364.5243367513021,0.2396783969315086,2723.4599609375,5307.009765625,12.289999961853027,104.94000244140625,3.5,114.1,79.15,5.5,5.25,313.14,318.053,255.313,168.609045632641,5.375,1.875,-199.04,0.06817750989653096,2.29205015793299
2024-05-23,1365.81005859375,1354.4143240792412,1364.0900065104167,0.1752955487966501,2721.81005859375,5267.83984375,12.770000457763672,105.11000061035156,3.5,114.1,77.47,5.5,5.25,313.14,318.053,255.313,168.609045632641,5.375,1.875,-199.04,0.06749166567416073,2.911459222932078
2024-05-24,1367.6199951171875,1357.4971749441963,1363.9946736653646,0.1325174398921103,2687.60009765625,5304.72021484375,11.930000305175781,104.72000122070312,3.5,114.1,78.48,5.5,5.25,313.14,318.053,255.313,168.609045632641,5.375,1.875,-199.04,0.06538077369024693,3.0478348540499356
2024-05-25,1367.6199951171875,1360.5800258091517,1363.6830078125,0.0,2687.60009765625,5304.72021484375,11.930000305175781,104.72000122070312,3.5,114.1,78.48,5.5,5.25,313.14,318.053,255.313,168.609045632641,5.375,1.875,-199.04,0.06378263405282321,3.0478348540499356
2024-05-26,1367.6199951171875,1363.662876674107,1363.5470092773437,0.0,2687.60009765625,5304.72021484375,11.930000305175781,104.72000122070312,3.5,114.1,78.48,5.5,5.25,313.14,318.053,255.313,168.609045632641,5.375,1.875,-199.04,0.06285922047777814,2.828571061442675
2024-05-27,1365.7099609375,1365.4228690011162,1363.347342936198,-0.1396611768259337,2722.989990234375,5304.72021484375,11.930000305175781,104.72000122070312,3.5,114.1,78.48,5.5,5.25,313.14,318.053,255.313,168.609045632641,5.375,1.875,-199.04,0.06297174120604902,2.552337652218939
2024-05-28,1360.9300537109375,1365.5328717912946,1362.9883463541667,-0.34999431528501823,2722.85009765625,5306.0400390625,12.920000076293945,104.61000061035156,3.5,114.1,80.9,5.5,5.25,313.14,318.053,255.313,168.609045632641,5.375,1.875,-199.04,0.06371755801635687,2.188033683518942
2024-05-29,1362.760009765625,1365.4385811941963,1362.5106811523438,0.13446363754681112,2677.300048828125,5266.9501953125,14.279999732971191,105.0999984741211,3.5,114.1,80.24,5.5,5.25,313.14,318.053,255.313,168.609045632641,5.375,1.875,-199.04,0.06267438837359364,2.203423238328428
2024-05-30,1370.550048828125,1366.11572265625,1362.3743489583333,0.5716368991367515,2635.43994140625,5235.47998046875,14.470000267028809,104.72000122070312,3.5,114.1,78.96,5.5,5.25,313.14,318.053,255.313,168.609045632641,5.375,1.875,-199.04,0.06490519053615149,2.647550849984981
2024-05-31,1375.6199951171875,1367.258579799107,1362.0463500976562,0.36992055075970587,2636.52001953125,5277.509765625,12.920000076293945,104.66999816894531,3.5,114.1,77.97,5.5,5.25,313.14,318.053,255.313,168.609045632641,5.375,1.875,-199.04,0.06149451483804934,3.0272652354305984
2024-06-01,1375.6199951171875,1368.4014369419642,1362.0670166015625,0.0,2636.52001953125,5277.509765625,12.920000076293945,104.66999816894531,3.5,113.84,77.97,5.5,5.25,313.131,318.343,255.914,168.609045632641,5.375,1.875,-199.29099999999997,0.057445410065582084,3.0272652354305984
2024-06-02,1375.6199951171875,1369.5442940848213,1362.433015950521,0.0,2636.52001953125,5277.509765625,12.920000076293945,104.66999816894531,3.5,113.84,77.97,5.5,5.25,313.131,318.343,255.914,168.609045632641,5.375,1.875,-199.29099999999997,0.05279610999590851,3.3601299784191685
2024-06-03,1382.0999755859375,1371.8857247488838,1363.0150146484375,0.4710589037489221,2682.52001953125,5283.39990234375,13.109999656677246,104.13999938964844,3.5,113.84,75.26,5.5,5.25,313.131,318.343,255.914,168.609045632641,5.375,1.875,-199.29099999999997,0.05432782290240002,4.000183343382324
2024-06-04,1370.7900390625,1373.2942940848213,1363.2200154622396,-0.8183153695985435,2662.10009765625,5291.33984375,13.15999984741211,104.11000061035156,3.5,113.84,74.27,5.5,5.25,313.131,318.343,255.914,168.609045632641,5.375,1.875,-199.29099999999997,0.059792117985243795,2.8017956583166637
2024-06-05,1373.719970703125,1374.8600027901787,1363.8423461914062,0.21374036556529585,2689.5,5354.02978515625,12.630000114440918,104.2699966430664,3.5,113.84,75.08,5.5,5.25,313.131,318.343,255.914,168.609045632641,5.375,1.875,-199.29099999999997,0.05600317786786897,3.5137033723248168
2024-06-06,1368.739990234375,1374.6014229910713,1364.394677734375,-0.36251787663835744,2689.5,5352.9599609375,12.579999923706055,104.0999984741211,3.5,113.84,76.52,5.5,5.25,313.131,318.343,255.914,168.609045632641,5.375,1.875,-199.29099999999997,0.056768817115009244,3.599807338133121
2024-06-07,1365.25,1373.1199951171875,1364.6453450520833,-0.2549783201539535,2722.669921875,5346.990234375,12.220000267028809,104.88999938964844,3.5,113.84,76.53,5.5,5.25,313.131,318.343,255.914,168.609045632641,5.375,1.875,-199.29099999999997,0.056277435291010036,3.335650289699621
2024-06-08,1365.25,1371.6385672433037,1364.7556803385417,0.0,2722.669921875,5346.990234375,12.220000267028809,104.88999938964844,3.5,113.84,76.53,5.5,5.25,313.131,318.343,255.914,168.609045632641,5.375,1.875,-199.29099999999997,0.05559737249310907,3.335650289699621
2024-06-09,1365.25,1370.1571393694196,1364.7506795247396,0.0,2722.669921875,5346.990234375,12.220000267028809,104.88999938964844,3.5,113.84,76.53,5.5,5.25,313.131,318.343,255.914,168.609045632641,5.375,1.875,-199.29099999999997,0.05510849690014842,3.74397941173088
2024-06-10,1379.050048828125,1369.721435546875,1365.2056803385417,1.0108074585698512,2701.169921875,5360.7900390625,12.739999771118164,105.1500015258789,3.5,113.84,78.75,5.5,5.25,313.131,318.343,255.914,168.609045632641,5.375,1.875,-199.29099999999997,0.062408494950740044,5.227616686525183
2024-06-11,1373.9599609375,1370.174281529018,1365.4910115559896,-0.36910102682280455,2705.320068359375,5375.31982421875,12.850000381469727,105.2300033569336,3.5,113.84,78.88,5.5,5.25,313.131,318.343,255.914,168.609045632641,5.375,1.875,-199.29099999999997,0.06349024078903782,4.7904462001979065
2024-06-12,1377.3599853515625,1370.6942836216517,1365.7326782226562,0.24746168088789489,2728.169921875,5421.02978515625,12.039999961853027,104.6500015258789,3.5,113.84,79.56,5.5,5.25,313.131,318.343,255.914,168.609045632641,5.375,1.875,-199.29099999999997,0.0631205996421002,4.849842785632119
2024-06-13,1370.4100341796875,1370.932861328125,1365.9533447265626,-0.5045849484367815,2754.889892578125,5433.740234375,11.9399995803833,105.19999694824219,3.5,113.84,79.61,5.5,5.25,313.131,318.343,255.914,168.609045632641,5.375,1.875,-199.29099999999997,0.06341836679819016,3.668148497821022
2024-06-14,1373.739990234375,1372.145717075893,1366.3263427734375,0.24298976011809525,2758.419921875,5431.60009765625,12.65999984741211,105.55000305175781,3.5,113.84,79.41,5.5,5.25,313.131,318.343,255.914,168.609045632641,5.375,1.875,-199.29099999999997,0.06366292491522543,3.920051483174758
2024-06-15,1373.739990234375,1373.3585728236608,1366.997676595052,0.0,2758.419921875,5431.60009765625,12.65999984741211,105.55000305175781,3.5,113.84,79.41,5.5,5.25,313.131,318.343,255.914,168.609045632641,5.375,1.875,-199.29099999999997,0.06027872992208527,3.920051483174758
2024-06-16,1373.739990234375,1374.5714285714287,1367.9210083007813,0.0,2758.419921875,5431.60009765625,12.65999984741211,105.55000305175781,3.5,113.84,79.41,5.5,5.25,313.131,318.343,255.914,168.609045632641,5.375,1.875,-199.29099999999997,0.05748879185528991,3.3400052323458107
2024-06-17,1382.280029296875,1375.0328543526787,1369.1290079752605,0.6216634241711816,2744.10009765625,5473.22998046875,12.75,105.31999969482422,3.5,113.84,81.33,5.5,5.25,313.131,318.343,255.914,168.609045632641,5.375,1.875,-199.29099999999997,0.05962820942177092,3.457107280062788
2024-06-18,1379.06005859375,1375.761439732143,1370.2296752929688,-0.2329463375639551,2763.919921875,5487.02978515625,12.300000190734863,105.26000213623047,3.5,113.84,82.67,5.5,5.25,313.131,318.343,255.914,168.609045632641,5.375,1.875,-199.29099999999997,0.06030960953621247,3.14430886960384
2024-06-19,1378.6099853515625,1375.9400111607142,1371.0703409830728,-0.03263623214833089,2797.330078125,5487.02978515625,12.300000190734863,105.26000213623047,3.5,113.84,82.67,5.5,5.25,313.131,318.343,255.914,168.609045632641,5.375,1.875,-199.29099999999997,0.05874826764269095,3.64631500658803
2024-06-20,1381.1500244140625,1377.4742954799108,1371.7700073242188,0.18424638509000335,2807.6298828125,5473.169921875,13.279999732971191,105.58999633789062,3.5,113.84,83.34,5.5,5.25,313.131,318.343,255.914,168.609045632641,5.375,1.875,-199.29099999999997,0.0573994556093697,3.4817311140538987
2024-06-21,1391.8199462890625,1380.0571463448662,1372.716670735677,0.7725389484409373,2784.260009765625,5464.6201171875,13.199999809265137,105.80000305175781,3.5,113.84,81.71,5.5,5.25,313.131,318.343,255.914,168.609045632641,5.375,1.875,-199.29099999999997,0.060887579705037345,4.281167791430884
2024-06-22,1391.8199462890625,1382.6399972098213,1373.5836669921875,0.0,2784.260009765625,5464.6201171875,13.199999809265137,105.80000305175781,3.5,113.84,81.71,5.5,5.25,313.131,318.343,255.914,168.609045632641,5.375,1.875,-199.29099999999997,0.060834730083243777,4.281167791430884
2024-06-23,1391.8199462890625,1385.2228480747767,1374.39033203125,0.0,2784.260009765625,5464.6201171875,13.199999809265137,105.80000305175781,3.5,113.84,81.71,5.5,5.25,313.131,318.343,255.914,168.609045632641,5.375,1.875,-199.29099999999997,0.06082553562143808,3.588863618585325
2024-06-24,1388.3900146484375,1386.095703125,1375.082666015625,-0.24643501120744649,2764.72998046875,5447.8701171875,13.329999923706055,105.47000122070312,3.5,113.84,82.63,5.5,5.25,313.131,318.343,255.914,168.609045632641,5.375,1.875,-199.29099999999997,0.06145006748590818,3.6785084036658366
2024-06-25,1386.1099853515625,1387.1028355189733,1375.6989990234374,-0.16422109586061717,2774.389892578125,5469.2998046875,12.84000015258789,105.61000061035156,3.5,113.84,81.97,5.5,5.25,313.131,318.343,255.914,168.609045632641,5.375,1.875,-199.29099999999997,0.06175203583628598,3.205361255615613
2024-06-26,1390.8900146484375,1388.8571254185267,1376.5383341471354,0.34485209307995035,2792.050048828125,5477.89990234375,12.550000190734863,106.05000305175781,3.5,113.84,82.19,5.5,5.25,313.131,318.343,255.914,168.609045632641,5.375,1.875,-199.29099999999997,0.06208532537104904,3.0441520472596073
2024-06-27,1393.3800048828125,1390.6042654854912,1377.619999186198,0.1790213610099345,2784.06005859375,5482.8701171875,12.239999771118164,105.91000366210938,3.5,113.84,83.04,5.5,5.25,313.131,318.343,255.914,168.609045632641,5.375,1.875,-199.29099999999997,0.060919624184424676,3.228623090695759
2024-06-28,1386.949951171875,1389.9085518973213,1378.4263305664062,-0.4614716508349992,2797.820068359375,5460.47998046875,12.4399995803833,105.87000274658203,3.5,113.84,82.83,5.5,5.25,313.131,318.343,255.914,168.609045632641,5.375,1.875,-199.29099999999997,0.06286790143576809,2.7522522595848864
2024-06-29,1386.949951171875,1389.2128383091517,1378.9729939778647,0.0,2797.820068359375,5460.47998046875,12.4399995803833,105.87000274658203,3.5,113.84,82.83,5.5,5.25,313.131,318.343,255.914,168.609045632641,5.375,1.875,-199.29099999999997,0.06097534959622834,2.7522522595848864
2024-06-30,1386.949951171875,1388.517124720982,1379.3506591796875,0.0,2797.820068359375,5460.47998046875,12.4399995803833,105.87000274658203,3.5,113.84,82.83,5.5,5.25,313.131,318.343,255.914,168.609045632641,5.375,1.875,-199.29099999999997,0.06017535097413052,3.095189269725007
2024-07-01,1380.2900390625,1387.3599853515625,1379.506327311198,-0.4801840256562828,2804.31005859375,5475.08984375,12.220000267028809,105.9000015258789,3.5,114.13,84.7,5.5,5.25,313.566,318.933,257.321,163.922492989527,5.375,1.875,-199.43599999999998,0.06195285833738568,1.8265924937471256
2024-07-02,1383.4200439453125,1386.9757080078125,1379.7663289388022,0.2267642882461507,2780.860107421875,5509.009765625,12.029999732971191,105.72000122070312,3.5,114.13,84.09,5.5,5.25,313.566,318.933,257.321,163.922492989527,5.375,1.875,-199.43599999999998,0.06226242027136986,2.42017752987298
2024-07-03,1383.4200439453125,1385.9085693359375,1379.8103312174478,0.0,2794.010009765625,5537.02001953125,12.09000015258789,105.4000015258789,3.5,114.13,85.19,5.5,5.25,313.566,318.933,257.321,163.922492989527,5.375,1.875,-199.43599999999998,0.06077335252053754,2.868748632218643
2024-07-04,1385.77001953125,1384.8214285714287,1380.3096638997397,0.16986710552753248,2824.93994140625,5537.02001953125,12.09000015258789,105.4000015258789,3.5,114.13,85.19,5.5,5.25,313.566,318.933,257.321,163.922492989527,5.375,1.875,-199.43599999999998,0.05569214357388945,2.5463262604105807
2024-07-05,1380.25,1383.864292689732,1380.5273315429688,-0.39833590375386585,2862.22998046875,5567.18994140625,12.479999542236328,104.87999725341797,3.5,114.13,84.44,5.5,5.25,313.566,318.933,257.321,163.922492989527,5.375,1.875,-199.43599999999998,0.05681656135742573,2.137847424934791
2024-07-06,1380.25,1382.9071568080358,1380.9109985351563,0.0,2862.22998046875,5567.18994140625,12.479999542236328,104.87999725341797,3.5,114.13,84.44,5.5,5.25,313.566,318.933,257.321,163.922492989527,5.375,1.875,-199.43599999999998,0.05567555068929719,2.137847424934791
2024-07-07,1380.25,1381.9500209263392,1381.4109985351563,0.0,2862.22998046875,5567.18994140625,12.479999542236328,104.87999725341797,3.5,114.13,84.44,5.5,5.25,313.566,318.933,257.321,163.922492989527,5.375,1.875,-199.43599999999998,0.05503412459822649,2.2202952028185896
2024-07-08,1376.5699462890625,1381.4185791015625,1381.788330078125,-0.26662225762995595,2857.760009765625,5572.85009765625,12.369999885559082,105.01000213623047,3.5,114.13,83.63,5.5,5.25,313.566,318.933,257.321,163.922492989527,5.375,1.875,-199.43599999999998,0.055728068481959166,1.650394771119279
2024-07-09,1382.75,1381.3228585379463,1382.3716634114583,0.44894585470194315,2867.3798828125,5576.97998046875,12.510000228881836,105.12000274658203,3.5,114.13,82.78,5.5,5.25,313.566,318.933,257.321,163.922492989527,5.375,1.875,-199.43599999999998,0.05703489658757664,2.5368146251914414
2024-07-10,1382.4200439453125,1381.1800013950892,1382.4839965820313,-0.023862307335920097,2867.989990234375,5633.91015625,12.850000381469727,105.05000305175781,3.5,114.13,83.39,5.5,5.25,313.566,318.933,257.321,163.922492989527,5.375,1.875,-199.43599999999998,0.04911308157427518,1.3682784394663638
2024-07-11,1382.989990234375,1380.7828543526787,1382.7849975585937,0.04122815576630412,2891.35009765625,5584.5400390625,12.920000076293945,104.44000244140625,3.5,114.13,83.92,5.5,5.25,313.566,318.933,257.321,163.922492989527,5.375,1.875,-199.43599999999998,0.04779308737066948,1.107587495074891
2024-07-12,1371.27001953125,1379.5,1382.5819986979166,-0.8474371315687401,2857.0,5615.35009765625,12.460000038146973,104.08999633789062,3.5,114.13,83.49,5.5,5.25,313.566,318.933,257.321,163.922492989527,5.375,1.875,-199.43599999999998,0.05350399521424498,0.2507642558082779
2024-07-13,1371.27001953125,1378.2171456473213,1382.610664876302,0.0,2857.0,5615.35009765625,12.460000038146973,104.08999633789062,3.5,114.13,83.49,5.5,5.25,313.566,318.933,257.321,163.922492989527,5.375,1.875,-199.43599999999998,0.05144443091021787,0.2507642558082779
2024-07-14,1371.27001953125,1376.934291294643,1382.5283325195312,0.0,2857.0,5615.35009765625,12.460000038146973,104.08999633789062,3.5,114.13,83.49,5.5,5.25,313.566,318.933,257.321,163.922492989527,5.375,1.875,-199.43599999999998,0.05093730953219122,-0.6045161972488389
2024-07-15,1374.1099853515625,1376.5828683035713,1382.540665690104,0.20710478460568282,2860.919921875,5631.22021484375,13.119999885559082,104.19000244140625,3.5,114.13,83.22,5.5,5.25,313.566,318.933,257.321,163.922492989527,5.375,1.875,-199.43599999999998,0.051309054167578146,-0.9771817625461643
2024-07-16,1383.68994140625,1376.7171456473213,1382.8723307291666,0.6971753467198916,2866.090087890625,5667.2001953125,13.1899995803833,104.2699966430664,3.5,114.13,81.92,5.5,5.25,313.566,318.933,257.321,163.922492989527,5.375,1.875,-199.43599999999998,0.0551289796799257,-0.263095168018479
2024-07-17,1382.6400146484375,1376.748570033482,1382.8843302408854,-0.07587875913482867,2843.2900390625,5588.27001953125,14.479999542236328,103.75,3.5,114.13,84.16,5.5,5.25,313.566,318.933,257.321,163.922492989527,5.375,1.875,-199.43599999999998,0.0521935020482582,0.22471080926684817
2024-07-18,1378.6500244140625,1376.1285749162946,1382.8706624348958,-0.2885776624503067,2824.35009765625,5544.58984375,15.930000305175781,104.16999816894531,3.5,114.13,84.17,5.5,5.25,313.566,318.933,257.321,163.922492989527,5.375,1.875,-199.43599999999998,0.052434891097549174,-0.05437146489239986
2024-07-19,1385.239990234375,1378.1242850167412,1383.0916625976563,0.4780013566614505,2795.4599609375,5505.0,16.520000457763672,104.4000015258789,3.5,114.13,81.43,5.5,5.25,313.566,318.933,257.321,163.922492989527,5.375,1.875,-199.43599999999998,0.05422081724975651,0.4233699954292236
2024-07-20,1385.239990234375,1380.1199951171875,1383.2279947916666,0.0,2795.4599609375,5505.0,16.520000457763672,104.4000015258789,3.5,114.13,81.43,5.5,5.25,313.566,318.933,257.321,163.922492989527,5.375,1.875,-199.43599999999998,0.05398811889312647,0.4233699954292236
2024-07-21,1385.239990234375,1382.1157052176338,1383.008662923177,0.0,2795.4599609375,5505.0,16.520000457763672,104.4000015258789,3.5,114.13,81.43,5.5,5.25,313.566,318.933,257.321,163.922492989527,5.375,1.875,-199.43599999999998,0.04891626950708001,0.8231813907039642
2024-07-22,1388.81005859375,1384.2157156808037,1382.9083333333333,0.2577220109542866,2763.510009765625,5564.41015625,14.90999984741211,104.30999755859375,3.5,114.13,81.25,5.5,5.25,313.566,318.933,257.321,163.922492989527,5.375,1.875,-199.43599999999998,0.049552634444454007,0.7230783136972674
2024-07-23,1387.0999755859375,1384.7028634207588,1382.7510009765624,-0.12313296532026063,2774.2900390625,5555.740234375,14.720000267028809,104.44999694824219,3.5,114.13,78.24,5.5,5.25,313.566,318.933,257.321,163.922492989527,5.375,1.875,-199.43599999999998,0.049666448140037865,1.2127134547053275
2024-07-24,1384.5699462890625,1384.9785679408483,1382.6236653645833,-0.18239703996867362,2758.7099609375,5427.1298828125,18.040000915527344,104.38999938964844,3.5,114.13,78.78,5.5,5.25,313.566,318.933,257.321,163.922492989527,5.375,1.875,-199.43599999999998,0.04943664236675421,0.55193473696864
2024-07-25,1382.6500244140625,1385.5499965122767,1382.5083333333334,-0.1386655748339627,2710.64990234375,5399.22021484375,18.459999084472656,104.36000061035156,3.5,114.13,79.43,5.5,5.25,313.566,318.933,257.321,163.922492989527,5.375,1.875,-199.43599999999998,0.04937229563491655,0.7982848751166394
2024-07-26,1381.4300537109375,1385.0057198660713,1382.1930013020833,-0.08823423726781465,2731.89990234375,5459.10009765625,16.389999389648438,104.31999969482422,3.5,114.13,78.58,5.5,5.25,313.566,318.933,257.321,163.922492989527,5.375,1.875,-199.43599999999998,0.048266942920457294,0.7093462772780557
2024-07-27,1381.4300537109375,1384.4614432198662,1381.7946695963542,0.0,2731.89990234375,5459.10009765625,16.389999389648438,104.31999969482422,3.5,114.13,78.58,5.5,5.25,313.566,318.933,257.321,163.922492989527,5.375,1.875,-199.43599999999998,0.047895537320502266,0.7093462772780557
2024-07-28,1381.4300537109375,1383.9171665736608,1381.6106730143229,0.0,2731.89990234375,5459.10009765625,16.389999389648438,104.31999969482422,3.5,114.13,78.58,5.5,5.25,313.566,318.933,257.321,163.922492989527,5.375,1.875,-199.43599999999998,0.0461024120900813,0.3151637146698416
2024-07-29,1382.0899658203125,1382.9571533203125,1381.4486735026042,0.047770215191289545,2765.530029296875,5463.5400390625,16.600000381469727,104.55999755859375,3.5,114.13,77.27,5.5,5.25,313.566,318.933,257.321,163.922492989527,5.375,1.875,-199.43599999999998,0.046134790766779295,0.541956518978548
2024-07-30,1381.3599853515625,1382.1371547154017,1381.2623413085937,-0.0528171455406512,2738.18994140625,5436.43994140625,17.690000534057617,104.55000305175781,3.5,114.13,76.17,5.5,5.25,313.566,318.933,257.321,163.922492989527,5.375,1.875,-199.43599999999998,0.04614895165337477,-0.2959288396297777
2024-07-31,1383.5,1381.9843052455358,1381.3693400065104,0.15492085127200017,2770.68994140625,5522.2998046875,16.360000610351562,104.0999984741211,3.5,114.13,79.36,5.5,5.25,313.566,318.933,257.321,163.922492989527,5.375,1.875,-199.43599999999998,0.044192094807732035,0.6181818181818288
2024-08-01,1367.9200439453125,1379.8800223214287,1380.8526733398437,-1.1261262056152854,2777.679931640625,5446.68017578125,18.59000015258789,104.41999816894531,3.5,114.54,77.74,5.5,5.25,314.131,319.839,255.463,163.922492989527,5.375,1.875,-199.59099999999995,0.05455562324591152,0.24035857527744398
2024-08-02,1368.969970703125,1378.1000104631696,1380.371004231771,0.07675351804805608,2676.18994140625,5346.56005859375,23.389999389648438,103.20999908447266,3.5,114.54,74.99,5.5,5.25,314.131,319.839,255.463,163.922492989527,5.375,1.875,-199.59099999999995,0.054646108610750255,0.31729657698795766
2024-08-03,1368.969970703125,1376.3199986049108,1379.8110026041666,0.0,2676.18994140625,5346.56005859375,23.389999389648438,103.20999908447266,3.5,114.54,74.99,5.5,5.25,314.131,319.839,255.463,163.922492989527,5.375,1.875,-199.59099999999995,0.05431506398389326,0.31729657698795766
2024-08-04,1368.969970703125,1374.5399867466517,1379.4350016276042,0.0,2676.18994140625,5346.56005859375,23.389999389648438,103.20999908447266,3.5,114.54,74.99,5.5,5.25,314.131,319.839,255.463,163.922492989527,5.375,1.875,-199.59099999999995,0.05324845740665265,1.0272625639944577
2024-08-05,1357.1700439453125,1370.9799979073662,1378.6656697591145,-0.8619565812500563,2441.550048828125,5186.330078125,38.56999969482422,102.69000244140625,3.5,114.54,74.46,5.5,5.25,314.131,319.839,255.463,163.922492989527,5.375,1.875,-199.59099999999995,0.05847511337371589,0.3697759776877696
2024-08-06,1367.4000244140625,1368.9857177734375,1378.2373372395834,0.7537729346730471,2522.14990234375,5240.02978515625,27.709999084472656,102.97000122070312,3.5,114.54,74.6,5.5,5.25,314.131,319.839,255.463,163.922492989527,5.375,1.875,-199.59099999999995,0.0630028368400003,0.7122214346312106
2024-08-07,1370.31005859375,1367.1014404296875,1378.0286743164063,0.21281513293336385,2568.409912109375,5199.5,27.850000381469727,103.19999694824219,3.5,114.54,76.68,5.5,5.25,314.131,319.839,255.463,163.922492989527,5.375,1.875,-199.59099999999995,0.06297318042255683,0.6145731491549844
2024-08-08,1375.3299560546875,1368.1599993024554,1377.781339518229,0.3663329645327895,2556.72998046875,5319.31005859375,23.790000915527344,103.20999908447266,3.5,114.54,77.64,5.5,5.25,314.131,319.839,255.463,163.922492989527,5.375,1.875,-199.59099999999995,0.062488599397469265,0.7272543916121865
2024-08-09,1373.760009765625,1368.8442905970983,1377.4926717122396,-0.11415051945542487,2588.429931640625,5344.16015625,20.3700008392334,103.13999938964844,3.5,114.54,78.28,5.5,5.25,314.131,319.839,255.463,163.922492989527,5.375,1.875,-199.59099999999995,0.06255174491735858,0.6122737074909734
2024-08-10,1373.760009765625,1369.5285818917412,1377.1850056966146,0.0,2588.429931640625,5344.16015625,20.3700008392334,103.13999938964844,3.5,114.54,78.28,5.5,5.25,314.131,319.839,255.463,163.922492989527,5.375,1.875,-199.59099999999995,0.06252797528886266,0.6122737074909734
2024-08-11,1373.760009765625,1370.2128731863838,1377.2680053710938,0.0,2588.429931640625,5344.16015625,20.3700008392334,103.13999938964844,3.5,114.54,78.28,5.5,5.25,314.131,319.839,255.463,163.922492989527,5.375,1.875,-199.59099999999995,0.0574165667865068,0.2664037524787499
2024-08-12,1363.8399658203125,1371.1657191685267,1377.0203369140625,-0.7221089473266162,2618.300048828125,5344.39013671875,20.709999084472656,103.13999938964844,3.5,114.54,81.45,5.5,5.25,314.131,319.839,255.463,163.922492989527,5.375,1.875,-199.59099999999995,0.06118053165306048,0.0036608830085604893
2024-08-13,1369.5400390625,1371.471435546875,1376.9626708984374,0.4179429687528602,2621.5,5434.43017578125,18.1200008392334,102.55999755859375,3.5,114.54,79.81,5.5,5.25,314.131,319.839,255.463,163.922492989527,5.375,1.875,-199.59099999999995,0.06246932311016682,0.5130079618276717
2024-08-14,1362.1700439453125,1370.3085763113838,1376.5646728515626,-0.5381365208009914,2644.5,5455.2099609375,16.190000534057617,102.56999969482422,3.5,114.54,78.47,5.5,5.25,314.131,319.839,255.463,163.922492989527,5.375,1.875,-199.59099999999995,0.06400174521187835,0.6331315391510106
2024-08-15,1355.7099609375,1367.5057198660713,1375.6320068359375,-0.4742493814576809,2644.5,5543.22021484375,15.229999542236328,102.9800033569336,3.5,114.54,79.66,5.5,5.25,314.131,319.839,255.463,163.922492989527,5.375,1.875,-199.59099999999995,0.061416124530617455,0.7183977886523252
2024-08-16,1363.510009765625,1366.0414341517858,1374.9943400065104,0.5753479027867492,2697.22998046875,5554.25,14.800000190734863,102.45999908447266,3.5,114.54,78.05,5.5,5.25,314.131,319.839,255.463,163.922492989527,5.375,1.875,-199.59099999999995,0.06417573220461455,1.2978789780497602
2024-08-17,1363.510009765625,1364.5771484375,1374.4896728515625,0.0,2697.22998046875,5554.25,14.800000190734863,102.45999908447266,3.5,114.54,78.05,5.5,5.25,314.131,319.839,255.463,163.922492989527,5.375,1.875,-199.59099999999995,0.06377018762385624,1.2978789780497602
2024-08-18,1363.510009765625,1363.1128627232142,1373.7653401692708,0.0,2697.22998046875,5554.25,14.800000190734863,102.45999908447266,3.5,114.54,78.05,5.5,5.25,314.131,319.839,255.463,163.922492989527,5.375,1.875,-199.59099999999995,0.06189951457719007,0.7477515725440309
2024-08-19,1348.97998046875,1360.9900076729912,1372.5566731770834,-1.0656342229106608,2674.360107421875,5608.25,14.649999618530273,101.88999938964844,3.5,114.54,75.82,5.5,5.25,314.131,319.839,255.463,163.922492989527,5.375,1.875,-199.59099999999995,0.06847785549173263,-0.8219660503170245
2024-08-20,1330.8800048828125,1355.4671456473213,1370.7446736653646,-1.341752720425693,2696.6298828125,5597.1201171875,15.880000114440918,101.44000244140625,3.5,114.54,75.27,5.5,5.25,314.131,319.839,255.463,163.922492989527,5.375,1.875,-199.59099999999995,0.07744346218518439,-2.386648135840752
2024-08-21,1327.5799560546875,1350.5257045200892,1368.7036702473958,-0.2479599074309946,2701.1298828125,5620.85009765625,16.270000457763672,101.04000091552734,3.5,114.54,72.76,5.5,5.25,314.131,319.839,255.463,163.922492989527,5.375,1.875,-199.59099999999995,0.07661338701564373,-2.799079000664595
2024-08-22,1333.6600341796875,1347.3757149832588,1366.9223388671876,0.45798206708911327,2707.669921875,5570.64013671875,17.549999237060547,101.51000213623047,3.5,114.54,73.72,5.5,5.25,314.131,319.839,255.463,163.922492989527,5.375,1.875,-199.59099999999995,0.07860950812141644,-2.4831430557279988
2024-08-23,1339.5400390625,1343.9514334542412,1365.4213419596354,0.44089233628636926,2701.68994140625,5634.60986328125,15.859999656677246,100.72000122070312,3.5,114.54,75.82,5.5,5.25,314.131,319.839,255.463,163.922492989527,5.375,1.875,-199.59099999999995,0.08030371482762008,-2.0531987068733493
2024-08-24,1339.5400390625,1340.5271519252233,1363.9843424479166,0.0,2701.68994140625,5634.60986328125,15.859999656677246,100.72000122070312,3.5,114.54,75.82,5.5,5.25,314.131,319.839,255.463,163.922492989527,5.375,1.875,-199.59099999999995,0.08035961118329607,-2.0531987068733493
2024-08-25,1339.5400390625,1337.1028703962054,1362.588008626302,0.0,2701.68994140625,5634.60986328125,15.859999656677246,100.72000122070312,3.5,114.54,75.82,5.5,5.25,314.131,319.839,255.463,163.922492989527,5.375,1.875,-199.59099999999995,0.08041559725786632,-1.9162137367025989
2024-08-26,1323.8800048828125,1333.5171595982142,1360.6696736653646,-1.1690605523555275,2698.010009765625,5616.83984375,16.149999618530273,100.8499984741211,3.5,114.54,78.4,5.5,5.25,314.131,319.839,255.463,163.922492989527,5.375,1.875,-199.59099999999995,0.08607433021560519,-2.7224065430180078
2024-08-27,1326.6400146484375,1332.9114467075892,1358.8433390299479,0.2084788466813814,2689.25,5625.7998046875,15.430000305175781,100.55000305175781,3.5,114.54,76.5,5.5,5.25,314.131,319.839,255.463,163.922492989527,5.375,1.875,-199.59099999999995,0.08658024286112538,-2.6505030128818996
2024-08-28,1326.3599853515625,1332.7371651785713,1356.9856730143229,-0.021108159996907627,2689.830078125,5592.18017578125,17.110000610351562,101.08999633789062,3.5,114.54,75.49,5.5,5.25,314.131,319.839,255.463,163.922492989527,5.375,1.875,-199.59099999999995,0.0864779780514405,-3.2242575536987284
2024-08-29,1336.68994140625,1333.1700090680804,1355.496671549479,0.7788199409491048,2662.280029296875,5591.9599609375,15.649999618530273,101.33999633789062,3.5,114.54,76.9,5.5,5.25,314.131,319.839,255.463,163.922492989527,5.375,1.875,-199.59099999999995,0.09043858584546634,-2.8300005705878872
2024-08-30,1332.8800048828125,1332.2185756138392,1353.8093383789062,-0.28502769456237864,2674.31005859375,5648.39990234375,15.0,101.69999694824219,3.5,114.54,74.52,5.5,5.25,314.131,319.839,255.463,163.922492989527,5.375,1.875,-199.59099999999995,0.09022605339155662,-3.1069619797678194
2024-08-31,1332.8800048828125,1331.2671421595983,1352.641337076823,0.0,2674.31005859375,5648.39990234375,15.0,101.69999694824219,3.5,114.54,74.52,5.5,5.25,314.131,319.839,255.463,163.922492989527,5.375,1.875,-199.59099999999995,0.08509978287336853,-3.1069619797678194
2024-09-01,1332.8800048828125,1330.315708705357,1351.438338216146,0.0,2674.31005859375,5648.39990234375,15.0,101.69999694824219,3.5,114.65,74.52,5.5,5.25,314.851,320.835,252.682,163.922492989527,5.375,1.875,-200.201,0.08500197628214076,-3.561245320350892
2024-09-02,1336.5799560546875,1332.1299874441963,1350.3586710611978,0.2775907177180903,2681.0,5648.39990234375,15.0,101.69999694824219,3.5,114.65,74.52,5.5,5.25,314.851,320.835,252.682,163.922492989527,5.375,1.875,-200.201,0.08562906586835278,-2.4956471839559957
2024-09-03,1337.550048828125,1333.6885637555804,1349.3113403320312,0.07258022754590421,2664.6298828125,5528.93017578125,20.719999313354492,101.83000183105469,3.5,114.65,71.28,5.5,5.25,314.851,320.835,252.682,163.922492989527,5.375,1.875,-200.201,0.08571258826751692,-2.632990903996746
2024-09-04,1340.4100341796875,1335.6957135881696,1348.7526733398438,0.21382267931344678,2580.800048828125,5520.06982421875,21.31999969482422,101.36000061035156,3.5,114.65,70.11,5.5,5.25,314.851,320.835,252.682,163.922492989527,5.375,1.875,-200.201,0.08276016304028766,-2.0697836153553473
2024-09-05,1331.010009765625,1334.8842947823662,1347.5396728515625,-0.701279770694585,2575.5,5503.41015625,19.899999618530273,101.11000061035156,3.5,114.65,70.09,5.5,5.25,314.851,320.835,252.682,163.922492989527,5.375,1.875,-200.201,0.08136436228698896,-2.5079648587712833
2024-09-06,1332.7900390625,1334.8714425223213,1346.2890055338542,0.1337352299242589,2544.280029296875,5408.419921875,22.3799991607666,101.18000030517578,3.5,114.65,68.58,5.5,5.25,314.851,320.835,252.682,163.922492989527,5.375,1.875,-200.201,0.08114177724930255,-2.3775836614173262
2024-09-07,1332.7900390625,1334.8585902622767,1344.8710083007813,0.0,2544.280029296875,5408.419921875,22.3799991607666,101.18000030517578,3.5,114.65,68.58,5.5,5.25,314.851,320.835,252.682,163.922492989527,5.375,1.875,-200.201,0.08003375718317021,-2.3775836614173262
2024-09-08,1332.7900390625,1334.845738002232,1343.5053426106772,0.0,2544.280029296875,5408.419921875,22.3799991607666,101.18000030517578,3.5,114.65,68.58,5.5,5.25,314.851,320.835,252.682,163.922492989527,5.375,1.875,-200.201,0.08008884729029433,-3.354483748065229
2024-09-09,1337.77001953125,1335.0157470703125,1342.3056762695312,0.373650786905122,2535.929931640625,5471.0498046875,19.450000762939453,101.55000305175781,3.5,114.65,69.65,5.5,5.25,314.851,320.835,252.682,163.922492989527,5.375,1.875,-200.201,0.08121700877386753,-2.6339880662574977
2024-09-10,1341.27001953125,1335.5471714564733,1341.222676595052,0.2616294242583139,2523.429931640625,5495.52001953125,19.079999923706055,101.62999725341797,3.5,114.65,66.73,5.5,5.25,314.851,320.835,252.682,163.922492989527,5.375,1.875,-200.201,0.08181284627107745,-2.6202275515576856
2024-09-11,1343.3399658203125,1335.9657331194196,1340.5393432617188,0.15432733595177606,2513.3701171875,5554.1298828125,17.690000534057617,101.68000030517578,3.5,114.65,68.25,5.5,5.25,314.851,320.835,252.682,163.922492989527,5.375,1.875,-200.201,0.07973822928160802,-1.9753261931987232
2024-09-12,1339.1800537109375,1337.1328822544642,1339.52734375,-0.309669347687036,2572.090087890625,5595.759765625,17.06999969482422,101.37000274658203,3.5,114.65,69.89,5.5,5.25,314.851,320.835,252.682,163.922492989527,5.375,1.875,-200.201,0.07881698669836162,-2.5157552935138217
2024-09-13,1335.68994140625,1337.547154017857,1338.6446736653645,-0.2606156128906023,2575.409912109375,5626.02001953125,16.559999465942383,101.11000061035156,3.5,114.65,69.59,5.5,5.25,314.851,320.835,252.682,163.922492989527,5.375,1.875,-200.201,0.07779918291400781,-2.769814455327402
2024-09-14,1335.68994140625,1337.96142578125,1337.9773396809896,0.0,2575.409912109375,5626.02001953125,16.559999465942383,101.11000061035156,3.5,114.65,69.59,5.5,5.25,314.851,320.835,252.682,163.922492989527,5.375,1.875,-200.201,0.07683562086504822,-2.769814455327402
2024-09-15,1335.68994140625,1338.375697544643,1337.0500040690104,0.0,2575.409912109375,5626.02001953125,16.559999465942383,101.11000061035156,3.5,114.65,69.59,5.5,5.25,314.851,320.835,252.682,163.922492989527,5.375,1.875,-200.201,0.07455224517569625,-3.3705245610995305
2024-09-16,1329.510009765625,1337.1956961495537,1335.9166707356771,-0.46267711158464175,2575.409912109375,5633.08984375,17.139999389648438,100.76000213623047,3.5,114.65,71.1,5.5,5.25,314.851,320.835,252.682,163.922492989527,5.375,1.875,-200.201,0.07538887777489783,-3.593030522445262
2024-09-17,1319.1099853515625,1334.0299769810267,1334.436669921875,-0.7822449126122732,2575.409912109375,5634.580078125,17.610000610351562,100.88999938964844,3.5,114.65,72.16,5.5,5.25,314.851,320.835,252.682,163.922492989527,5.375,1.875,-200.201,0.07800377925297136,-4.315941465114714
2024-09-18,1322.9300537109375,1331.1142752511162,1333.568339029948,0.28959437816376,2575.409912109375,5618.259765625,18.229999542236328,100.5999984741211,3.5,114.65,71.87,5.5,5.25,314.851,320.835,252.682,163.922492989527,5.375,1.875,-200.201,0.07331093165308034,-4.215325610831034
2024-09-19,1322.260009765625,1328.6971261160713,1333.281005859375,-0.05064847861252497,2580.800048828125,5713.64013671875,16.329999923706055,100.61000061035156,3.5,114.65,72.86,5.0,4.75,314.851,320.835,252.682,163.922492989527,4.875,1.375,-200.201,0.06251013889747603,-4.9977683326713045
2024-09-20,1327.6099853515625,1327.5428466796875,1333.2820068359374,0.40460843906833244,2593.3701171875,5702.5498046875,16.149999618530273,100.72000122070312,3.5,114.65,72.72,5.0,4.75,314.851,320.835,252.682,163.922492989527,4.875,1.375,-200.201,0.06330657016433609,-4.61338128604204
2024-09-21,1327.6099853515625,1326.3885672433037,1333.0803385416666,0.0,2593.3701171875,5702.5498046875,16.149999618530273,100.72000122070312,3.5,114.65,72.72,5.0,4.75,314.851,320.835,252.682,163.922492989527,4.875,1.375,-200.201,0.06180660447529978,-4.61338128604204
2024-09-22,1327.6099853515625,1325.2342878069196,1332.6826700846354,0.0,2593.3701171875,5702.5498046875,16.149999618530273,100.72000122070312,3.5,114.65,72.72,5.0,4.75,314.851,320.835,252.682,163.922492989527,4.875,1.375,-200.201,0.06028649821505372,-4.377734545452306
2024-09-23,1331.5,1325.5185721261162,1332.414668782552,0.29300884230751834,2602.010009765625,5718.56982421875,15.890000343322754,100.91999816894531,3.5,114.65,71.33,5.0,4.75,314.851,320.835,252.682,163.922492989527,4.875,1.375,-200.201,0.06100333046078851,-3.9398017421908738
2024-09-24,1333.6199951171875,1327.5914306640625,1332.217333984375,0.15921855930811635,2631.679931640625,5732.93017578125,15.390000343322754,100.37000274658203,3.5,114.65,72.34,5.0,4.75,314.851,320.835,252.682,163.922492989527,4.875,1.375,-200.201,0.06122136068533971,-4.117508856063335
2024-09-25,1324.8900146484375,1327.8714250837054,1332.2510009765624,-0.6546077968771713,2596.320068359375,5722.259765625,15.40999984741211,100.91999816894531,3.5,114.65,70.42,5.0,4.75,314.851,320.835,252.682,163.922492989527,4.875,1.375,-200.201,0.05420044317321024,-4.915384891010777
2024-09-26,1335.050048828125,1329.6985735212054,1332.5313354492187,0.7668586876913963,2671.570068359375,5745.3701171875,15.369999885559082,100.55999755859375,3.5,114.65,68.28,5.0,4.75,314.851,320.835,252.682,163.922492989527,4.875,1.375,-200.201,0.05829999028933714,-3.7420169559758243
2024-09-27,1313.300048828125,1327.654296875,1332.0960042317708,-1.629152406615142,2649.780029296875,5738.169921875,16.959999084472656,100.41999816894531,3.5,114.65,68.72,5.0,4.75,314.851,320.835,252.682,163.922492989527,4.875,1.375,-200.201,0.07543642090850694,-5.310206203296741
2024-09-28,1313.300048828125,1325.6100202287946,1331.3163411458333,0.0,2649.780029296875,5738.169921875,16.959999084472656,100.41999816894531,3.5,114.65,68.72,5.0,4.75,314.851,320.835,252.682,163.922492989527,4.875,1.375,-200.201,0.07143423465771238,-5.310206203296741
2024-09-29,1313.300048828125,1323.5657435825892,1330.6636759440105,0.0,2649.780029296875,5738.169921875,16.959999084472656,100.41999816894531,3.5,114.65,68.72,5.0,4.75,314.851,320.835,252.682,163.922492989527,4.875,1.375,-200.201,0.07112351514821835,-4.853327078986602
2024-09-30,1309.300048828125,1320.394321986607,1329.8776774088542,-0.30457624695661156,2593.27001953125,5762.47998046875,16.729999542236328,100.77999877929688,3.5,114.65,68.75,5.0,4.75,314.851,320.835,252.682,163.922492989527,4.875,1.375,-200.201,0.07149048367296816,-5.357736100585042
2024-10-01,1315.3299560546875,1317.781459263393,1329.29267578125,0.46054433679731943,2593.27001953125,5708.75,19.260000228881836,101.19000244140625,3.25,114.69,70.41,5.0,4.75,315.564,321.688,253.081,166.45132226749,4.875,1.625,-200.87400000000002,0.07304706110319516,-4.921866513979511
2024-10-02,1324.8399658203125,1317.7743094308037,1328.9013427734376,0.7230132425593228,2561.68994140625,5709.5400390625,18.899999618530273,101.68000030517578,3.25,114.69,70.74,5.0,4.75,315.564,321.688,253.081,166.45132226749,4.875,1.625,-200.87400000000002,0.07583412700296523,-4.396837343295079
2024-10-03,1324.030029296875,1316.2000209263392,1328.4506754557292,-0.06113466866437545,2561.68994140625,5699.93994140625,20.489999771118164,101.98999786376953,3.25,114.69,74.33,5.0,4.75,315.564,321.688,253.081,166.45132226749,4.875,1.625,-200.87400000000002,0.07577856818955672,-4.073173026852017
2024-10-04,1334.4100341796875,1319.2157331194196,1328.2506754557292,0.7839705031708943,2569.7099609375,5751.06982421875,19.209999084472656,102.5199966430664,3.25,114.69,74.93,5.0,4.75,315.564,321.688,253.081,166.45132226749,4.875,1.625,-200.87400000000002,0.07911874261960844,-3.32113499875476
2024-10-05,1334.4100341796875,1322.2314453125,1328.3640096028646,0.0,2569.7099609375,5751.06982421875,19.209999084472656,102.5199966430664,3.25,114.69,74.93,5.0,4.75,315.564,321.688,253.081,166.45132226749,4.875,1.625,-200.87400000000002,0.07638674590780056,-3.32113499875476
2024-10-06,1334.4100341796875,1325.2471575055804,1328.4180094401042,0.0,2569.7099609375,5751.06982421875,19.209999084472656,102.5199966430664,3.25,114.69,74.93,5.0,4.75,315.564,321.688,253.081,166.45132226749,4.875,1.625,-200.87400000000002,0.07629621920880165,-3.062678523748763
2024-10-07,1345.8800048828125,1330.472865513393,1328.8543416341147,0.8595536910943613,2610.3798828125,5695.93994140625,22.639999389648438,102.54000091552734,3.25,114.69,77.76,5.0,4.75,315.564,321.688,253.081,166.45132226749,4.875,1.625,-200.87400000000002,0.08021227667155374,-2.66642524803381
2024-10-08,1342.3699951171875,1334.335728236607,1329.173673502604,-0.26079663513023377,2594.360107421875,5751.1298828125,21.420000076293945,102.55000305175781,3.25,114.69,74.26,5.0,4.75,315.564,321.688,253.081,166.45132226749,4.875,1.625,-200.87400000000002,0.08066270148751892,-2.897096942679267
2024-10-09,1341.31005859375,1336.6885986328125,1329.2916748046875,-0.07896008755358119,2594.360107421875,5792.0400390625,20.860000610351562,102.93000030517578,3.25,114.69,73.85,5.0,4.75,315.564,321.688,253.081,166.45132226749,4.875,1.625,-200.87400000000002,0.08002750194444336,-3.01375512006139
2024-10-10,1343.02001953125,1339.4014543805804,1329.350008138021,0.1274843893508626,2599.159912109375,5780.0498046875,20.93000030517578,102.98999786376953,3.25,114.69,76.46,5.0,4.75,315.564,321.688,253.081,166.45132226749,4.875,1.625,-200.87400000000002,0.07975501779460833,-2.0601340069884233
2024-10-11,1349.739990234375,1341.5914481026787,1329.5633422851563,0.5003626606750355,2596.909912109375,5815.02978515625,20.459999084472656,102.88999938964844,3.25,114.69,76.11,5.0,4.75,315.564,321.688,253.081,166.45132226749,4.875,1.625,-200.87400000000002,0.08093766345379677,-1.570079487644216
2024-10-12,1349.739990234375,1343.7814418247767,1329.9153401692708,0.0,2596.909912109375,5815.02978515625,20.459999084472656,102.88999938964844,3.25,114.69,76.11,5.0,4.75,315.564,321.688,253.081,166.45132226749,4.875,1.625,-200.87400000000002,0.08034670383545493,-1.570079487644216
2024-10-13,1349.739990234375,1345.971435546875,1330.3836751302083,0.0,2596.909912109375,5815.02978515625,20.459999084472656,102.88999938964844,3.25,114.69,76.11,5.0,4.75,315.564,321.688,253.081,166.45132226749,4.875,1.625,-200.87400000000002,0.0798885625329444,-1.7735112456047308
2024-10-14,1348.3299560546875,1346.3214285714287,1330.8050089518229,-0.10446709661782183,2623.2900390625,5859.85009765625,19.700000762939453,103.30000305175781,3.25,114.69,76.11,5.0,4.75,315.564,321.688,253.081,166.45132226749,4.875,1.625,-200.87400000000002,0.07998691386496584,-2.5554847436143113
2024-10-15,1357.27001953125,1348.4500034877233,1331.524344889323,0.663047159667185,2633.449951171875,5815.259765625,20.639999389648438,103.26000213623047,3.25,114.69,71.22,5.0,4.75,315.564,321.688,253.081,166.45132226749,4.875,1.625,-200.87400000000002,0.08203410471113394,-1.8348951895217902
2024-10-16,1363.1800537109375,1351.5742885044642,1332.6466796875,0.43543540302530825,2610.360107421875,5842.47021484375,19.579999923706055,103.58999633789062,3.25,114.69,70.97,5.0,4.75,315.564,321.688,253.081,166.45132226749,4.875,1.625,-200.87400000000002,0.08123754949436221,-1.1221100663092454
2024-10-17,1364.199951171875,1354.5999930245537,1334.149678548177,0.07481751645066481,2609.300048828125,5841.47021484375,19.110000610351562,103.83000183105469,3.25,114.69,71.26,5.0,4.75,315.564,321.688,253.081,166.45132226749,4.875,1.625,-200.87400000000002,0.07697585850396205,-1.518873206868665
2024-10-18,1370.050048828125,1357.501429966518,1335.7203450520833,0.4288299271103746,2593.820068359375,5864.669921875,18.030000686645508,103.48999786376953,3.25,114.69,69.78,5.0,4.75,315.564,321.688,253.081,166.45132226749,4.875,1.625,-200.87400000000002,0.07735788413339204,-1.0965566626242151
2024-10-19,1370.050048828125,1360.402866908482,1337.3133463541667,0.0,2593.820068359375,5864.669921875,18.030000686645508,103.48999786376953,3.25,114.69,69.78,5.0,4.75,315.564,321.688,253.081,166.45132226749,4.875,1.625,-200.87400000000002,0.07727588599779844,-1.0965566626242151
2024-10-20,1370.050048828125,1363.3043038504463,1338.7280151367188,0.0,2593.820068359375,5864.669921875,18.030000686645508,103.48999786376953,3.25,114.69,69.78,5.0,4.75,315.564,321.688,253.081,166.45132226749,4.875,1.625,-200.87400000000002,0.07686769489026894,-1.3507973714289356
2024-10-21,1369.010009765625,1366.2585972377233,1340.108015950521,-0.07591248680218765,2604.919921875,5853.97998046875,18.3700008392334,104.01000213623047,3.25,114.69,71.16,5.0,4.75,315.564,321.688,253.081,166.45132226749,4.875,1.625,-200.87400000000002,0.0769901202455031,-1.3041573166109321
2024-10-22,1376.5,1369.0057373046875,1341.7376831054687,0.5471099685865122,2570.699951171875,5851.2001953125,18.200000762939453,104.08000183105469,3.25,114.69,72.84,5.0,4.75,315.564,321.688,253.081,166.45132226749,4.875,1.625,-200.87400000000002,0.07797726998768924,-0.5828485813007656
2024-10-23,1376.6300048828125,1370.9271589006696,1343.2420166015625,0.009444597371044416,2599.6201171875,5797.419921875,19.239999771118164,104.43000030517578,3.25,114.69,71.37,5.0,4.75,315.564,321.688,253.081,166.45132226749,4.875,1.625,-200.87400000000002,0.07786923546933681,-0.4353972028316555
2024-10-24,1377.3399658203125,1372.8043038504463,1344.6993489583333,0.051572385824938394,2581.030029296875,5809.85986328125,19.079999923706055,104.05999755859375,3.25,114.69,70.58,5.0,4.75,315.564,321.688,253.081,166.45132226749,4.875,1.625,-200.87400000000002,0.07787541752128185,-0.2960763651867704
2024-10-25,1376.3199462890625,1373.7000034877233,1346.413680013021,-0.0740572085732305,2583.27001953125,5808.1201171875,20.329999923706055,104.26000213623047,3.25,114.69,72.02,5.0,4.75,315.564,321.688,253.081,166.45132226749,4.875,1.625,-200.87400000000002,0.07468266475447359,-0.3699143078687017
2024-10-26,1376.3199462890625,1374.595703125,1347.7893432617188,0.0,2583.27001953125,5808.1201171875,20.329999923706055,104.26000213623047,3.25,114.69,72.02,5.0,4.75,315.564,321.688,253.081,166.45132226749,4.875,1.625,-200.87400000000002,0.0722507889281657,-0.3699143078687017
2024-10-27,1376.3199462890625,1375.4914027622767,1349.8900065104167,0.0,2583.27001953125,5808.1201171875,20.329999923706055,104.26000213623047,3.25,114.69,72.02,5.0,4.75,315.564,321.688,253.081,166.45132226749,4.875,1.625,-200.87400000000002,0.050464082525176285,-0.4174850895343307
2024-10-28,1387.6600341796875,1378.1556919642858,1352.368672688802,0.8239427119545173,2612.429931640625,5823.52001953125,19.799999237060547,104.31999969482422,3.25,114.69,67.65,5.0,4.75,315.564,321.688,253.081,166.45132226749,4.875,1.625,-200.87400000000002,0.05378003683517865,0.4560758162197365
2024-10-29,1381.969970703125,1378.9371163504463,1354.6576700846354,-0.4100473701345808,2617.800048828125,5832.919921875,19.34000015258789,104.27999877929688,3.25,114.69,67.48,5.0,4.75,315.564,321.688,253.081,166.45132226749,4.875,1.625,-200.87400000000002,0.05625720194230861,-0.11059120324358185
2024-10-30,1383.1800537109375,1379.872837611607,1357.1203369140626,0.0875621781562197,2593.7900390625,5813.669921875,20.350000381469727,103.98999786376953,3.25,114.69,68.91,5.0,4.75,315.564,321.688,253.081,166.45132226749,4.875,1.625,-200.87400000000002,0.05449933790308018,1.1155629916506316
2024-10-31,1378.5699462890625,1380.048549107143,1359.2283365885417,-0.33329770838630424,2556.14990234375,5705.4501953125,23.15999984741211,103.9800033569336,3.25,114.69,69.58,5.0,4.75,315.564,321.688,253.081,166.45132226749,4.875,1.625,-200.87400000000002,0.05583548701063135,0.7012553811539535
2024-11-01,1372.9300537109375,1379.5642787388392,1360.8313395182292,-0.4091118186136944,2542.360107421875,5728.7998046875,21.8799991607666,104.27999877929688,3.0,114.4,69.81,5.0,4.75,316.449,322.619,253.211,166.45132226749,4.875,1.875,-202.049,0.05550732743320852,0.28927464389729707
2024-11-02,1372.9300537109375,1379.0800083705358,1362.4613403320313,0.0,2542.360107421875,5728.7998046875,21.8799991607666,104.27999877929688,3.0,114.4,69.81,5.0,4.75,316.449,322.619,253.211,166.45132226749,4.875,1.875,-202.049,0.05536252865732892,0.28927464389729707
2024-11-03,1372.9300537109375,1378.595738002232,1363.745340983073,0.0,2542.360107421875,5728.7998046875,21.8799991607666,104.27999877929688,3.0,114.4,69.81,5.0,4.75,316.449,322.619,253.211,166.45132226749,4.875,1.875,-202.049,0.0517565636293458,1.1612406150529608
2024-11-04,1379.3399658203125,1377.4071568080358,1365.2430053710937,0.46687827191556064,2588.969970703125,5712.68994140625,21.979999542236328,103.88999938964844,3.0,114.4,71.83,5.0,4.75,316.449,322.619,253.211,166.45132226749,4.875,1.875,-202.049,0.05276759916781124,0.873185694973655
2024-11-05,1372.8599853515625,1376.1057303292412,1366.5246704101562,-0.46978849517321786,2576.8798828125,5782.759765625,20.489999771118164,103.41999816894531,3.0,114.4,72.26,5.0,4.75,316.449,322.619,253.211,166.45132226749,4.875,1.875,-202.049,0.055321054100374904,0.18608392617576186
2024-11-06,1378.0,1375.36572265625,1367.5953369140625,0.37440195673859034,2563.510009765625,5929.0400390625,16.270000457763672,105.08999633789062,3.0,114.4,71.98,5.0,4.75,316.449,322.619,253.211,166.45132226749,4.875,1.875,-202.049,0.051124947529501884,0.1941384271867186
2024-11-07,1399.800048828125,1378.3985944475446,1369.5096720377603,1.582006446162909,2564.6298828125,5973.10009765625,15.199999809265137,104.51000213623047,3.0,114.4,72.69,5.0,4.75,316.449,322.619,253.211,166.45132226749,4.875,1.875,-202.049,0.06616347922181247,1.8955304330734446
2024-11-08,1372.0799560546875,1378.2771519252233,1370.5353352864583,-1.9802894561008255,2561.14990234375,5995.5400390625,14.9399995803833,105.0,3.0,114.4,70.69,4.75,4.5,316.449,322.619,253.211,166.45132226749,4.625,1.625,-202.049,0.0902201661367352,-0.12229601233072485
2024-11-09,1372.0799560546875,1378.1557094029017,1371.5039998372397,0.0,2561.14990234375,5995.5400390625,14.9399995803833,105.0,3.0,114.4,70.69,4.75,4.5,316.449,322.619,253.211,166.45132226749,4.625,1.625,-202.049,0.09023407759537228,-0.12229601233072485
2024-11-10,1372.0799560546875,1378.0342668805804,1372.2486653645833,0.0,2561.14990234375,5995.5400390625,14.9399995803833,105.0,3.0,114.4,70.69,4.75,4.5,316.449,322.619,253.211,166.45132226749,4.625,1.625,-202.049,0.08933541010940403,0.6041757420870653
2024-11-11,1397.199951171875,1380.585693359375,1373.8306640625,1.8307967408414116,2531.659912109375,6001.35009765625,14.970000267028809,105.54000091552734,3.0,114.4,70.69,4.75,4.5,316.449,322.619,253.211,166.45132226749,4.625,1.625,-202.049,0.10304030368940065,2.0196497598061525
2024-11-12,1400.550048828125,1384.5414167131696,1375.5243326822917,0.23977224257989427,2482.570068359375,5983.990234375,14.710000038146973,106.0199966430664,3.0,114.4,68.43,4.75,4.5,316.449,322.619,253.211,166.45132226749,4.625,1.625,-202.049,0.10303746089445663,2.817563420470681
2024-11-13,1406.6500244140625,1388.63427734375,1377.4683349609375,0.43554142110391325,2417.080078125,5985.3798828125,14.020000457763672,106.4800033569336,3.0,114.4,68.76,4.75,4.5,316.449,322.619,253.211,166.45132226749,4.625,1.625,-202.049,0.10317967480765325,3.7574455410312346
2024-11-14,1399.0,1388.519984654018,1378.8593343098958,-0.5438470324023226,2418.860107421875,5949.169921875,14.3100004196167,106.66999816894531,3.0,114.4,68.99,4.75,4.5,316.449,322.619,253.211,166.45132226749,4.625,1.625,-202.049,0.10382384439237709,2.6028404617634893
2024-11-15,1400.8299560546875,1392.6271275111608,1380.1143310546875,0.13080457860525918,2416.860107421875,5870.6201171875,16.139999389648438,106.69000244140625,3.0,114.4,67.33,4.75,4.5,316.449,322.619,253.211,166.45132226749,4.625,1.625,-202.049,0.10335072944776943,2.7370496748665207
2024-11-16,1400.8299560546875,1396.7342703683037,1381.335331217448,0.0,2416.860107421875,5870.6201171875,16.139999389648438,106.69000244140625,3.0,114.4,67.33,4.75,4.5,316.449,322.619,253.211,166.45132226749,4.625,1.625,-202.049,0.10338484945384535,2.7370496748665207
2024-11-17,1400.8299560546875,1400.8414132254463,1382.361328125,0.0,2416.860107421875,5870.6201171875,16.139999389648438,106.69000244140625,3.0,114.4,67.33,4.75,4.5,316.449,322.619,253.211,166.45132226749,4.625,1.625,-202.049,0.10291104288114135,3.8436430737778915
2024-11-18,1394.3499755859375,1400.4342738560267,1383.1713256835938,-0.46258151753124643,2469.070068359375,5893.6201171875,15.579999923706055,106.27999877929688,3.0,114.4,69.46,4.75,4.5,316.449,322.619,253.211,166.45132226749,4.625,1.625,-202.049,0.10407506758342241,4.769022787198129
2024-11-19,1389.5,1398.8556954520088,1383.8196573893229,-0.3478305784671787,2471.949951171875,5916.97998046875,16.350000381469727,106.20999908447266,3.0,114.4,69.75,4.75,4.5,316.449,322.619,253.211,166.45132226749,4.625,1.625,-202.049,0.10473747899619579,4.664129166978914
2024-11-20,1392.1600341796875,1396.7856968470983,1384.5913248697916,0.19143822811713562,2482.2900390625,5917.10986328125,17.15999984741211,106.68000030517578,3.0,114.4,69.25,4.75,4.5,316.449,322.619,253.211,166.45132226749,4.625,1.625,-202.049,0.10474680503528151,4.3864252133777315
2024-11-21,1397.6199951171875,1396.5885532924108,1385.2953247070313,0.39219348375543195,2480.6298828125,5948.7099609375,16.8700008392334,106.97000122070312,3.0,114.4,70.39,4.75,4.5,316.449,322.619,253.211,166.45132226749,4.625,1.625,-202.049,0.10421310418041824,4.33581336585771
2024-11-22,1399.5999755859375,1396.412841796875,1386.0609903971354,0.1416680124545655,2501.239990234375,5969.33984375,15.239999771118164,107.48999786376953,3.0,114.4,71.68,4.75,4.5,316.449,322.619,253.211,166.45132226749,4.625,1.625,-202.049,0.10423570619578129,4.4836238389314165
2024-11-23,1399.5999755859375,1396.2371303013392,1386.8029907226562,0.0,2501.239990234375,5969.33984375,15.239999771118164,107.48999786376953,3.0,114.4,71.68,4.75,4.5,316.449,322.619,253.211,166.45132226749,4.625,1.625,-202.049,0.10424886648430715,4.4836238389314165
2024-11-24,1399.5999755859375,1396.0614188058037,1387.5789916992187,0.0,2501.239990234375,5969.33984375,15.239999771118164,107.48999786376953,3.0,114.4,71.68,4.75,4.5,316.449,322.619,253.211,166.45132226749,4.625,1.625,-202.049,0.10419094649213516,5.719549386942169
2024-11-25,1403.510009765625,1397.3699951171875,1388.4853271484376,0.2793679799866,2534.340087890625,5987.3701171875,14.600000381469727,106.81999969482422,3.0,114.4,69.41,4.75,4.5,316.449,322.619,253.211,166.45132226749,4.625,1.625,-202.049,0.10437024784899034,5.794337142586348
2024-11-26,1395.56005859375,1398.2357177734375,1389.1266642252604,-0.5664335214255134,2520.360107421875,6021.6298828125,14.100000381469727,107.01000213623047,3.0,114.4,69.05,4.75,4.5,316.449,322.619,253.211,166.45132226749,4.625,1.625,-202.049,0.10596664913656974,5.217291987577988
2024-11-27,1395.27001953125,1398.6800013950892,1389.3803304036458,-0.020782986781109347,2503.06005859375,5998.740234375,14.100000381469727,106.08000183105469,3.0,114.4,69.03,4.75,4.5,316.449,322.619,253.211,166.45132226749,4.625,1.625,-202.049,0.10339160332973721,4.382473175744228
2024-11-28,1388.469970703125,1397.3728550502233,1389.5969970703125,-0.487364361946907,2504.669921875,5998.740234375,14.100000381469727,106.08000183105469,3.0,114.4,69.03,4.75,4.5,316.449,322.619,253.211,166.45132226749,4.625,1.625,-202.049,0.10369507684036966,4.170665447502153
2024-11-29,1393.300048828125,1396.472865513393,1389.9343302408854,0.3478705500957968,2455.909912109375,6032.3798828125,13.510000228881836,105.73999786376953,3.0,114.4,68.26,4.75,4.5,316.449,322.619,253.211,166.45132226749,4.625,1.625,-202.049,0.10412104339634023,4.533044514432838
2024-11-30,1393.300048828125,1395.5728759765625,1390.4253336588542,0.0,2455.909912109375,6032.3798828125,13.510000228881836,105.73999786376953,3.0,114.4,68.26,4.75,4.5,316.449,322.619,253.211,166.45132226749,4.625,1.625,-202.049,0.10356718628006169,4.533044514432838
2024-12-01,1393.300048828125,1394.672886439732,1391.1043334960937,0.0,2455.909912109375,6032.3798828125,13.510000228881836,105.73999786376953,3.0,114.91,68.26,4.75,4.5,317.603,323.296,253.423,166.45132226749,4.625,1.625,-202.693,0.10270938221350492,4.243673752288157
2024-12-02,1399.8599853515625,1394.1514543805804,1392.0019978841146,0.4708200885340519,2454.47998046875,6047.14990234375,13.34000015258789,106.44999694824219,3.0,114.91,68.35,4.75,4.5,317.603,323.296,253.423,166.45132226749,4.625,1.625,-202.693,0.10340979722499452,4.658512522804625
2024-12-03,1401.06005859375,1394.9371686662946,1392.9396647135416,0.0857280910051994,2500.10009765625,6049.8798828125,13.300000190734863,106.37000274658203,3.0,114.91,70.15,4.75,4.5,317.603,323.296,253.423,166.45132226749,4.625,1.625,-202.693,0.10339150782786022,4.524736675160712
2024-12-04,1411.6700439453125,1397.280029296875,1394.017333984375,0.7572826936635302,2464.0,6086.490234375,13.449999809265137,106.33999633789062,3.0,114.91,68.81,4.75,4.5,317.603,323.296,253.423,166.45132226749,4.625,1.625,-202.693,0.10469533259686599,6.060062177435532
2024-12-05,1410.800048828125,1400.4700404575892,1395.282002766927,-0.061628786480161235,2441.85009765625,6075.10986328125,13.539999961853027,105.70999908447266,3.0,114.91,68.58,4.75,4.5,317.603,323.296,253.423,166.45132226749,4.625,1.625,-202.693,0.10349643547198895,5.853135713746638
2024-12-06,1399.989990234375,1401.425746372768,1396.0150024414063,-0.7662360518579048,2428.159912109375,6090.27001953125,12.770000457763672,105.97000122070312,3.0,114.91,68.58,4.75,4.5,317.603,323.296,253.423,166.45132226749,4.625,1.625,-202.693,0.10604947320138493,5.0420508258858465
2024-12-07,1399.989990234375,1402.3814522879463,1396.0213338216147,0.0,2428.159912109375,6090.27001953125,12.770000457763672,105.97000122070312,3.0,114.91,68.58,4.75,4.5,317.603,323.296,253.423,166.45132226749,4.625,1.625,-202.693,0.0956569953256266,5.0420508258858465
2024-12-08,1399.989990234375,1403.337158203125,1396.9516682942708,0.0,2428.159912109375,6090.27001953125,12.770000457763672,105.97000122070312,3.0,114.91,68.58,4.75,4.5,317.603,323.296,253.423,166.45132226749,4.625,1.625,-202.693,0.0749758482422605,4.651021460693716
2024-12-09,1424.219970703125,1406.8171561104912,1398.6896687825522,1.7307252650208937,2360.580078125,6052.85009765625,14.1899995803833,106.1500015258789,3.0,114.91,68.65,4.75,4.5,317.603,323.296,253.423,166.45132226749,4.625,1.625,-202.693,0.08906360984005357,6.184433407440548
2024-12-10,1426.5999755859375,1410.4657156808037,1400.5070027669271,0.1671093603355045,2417.840087890625,6034.91015625,14.180000305175781,106.4000015258789,3.0,114.91,68.85,4.75,4.5,317.603,323.296,253.423,166.45132226749,4.625,1.625,-202.693,0.0889899806254257,6.197985013777374
2024-12-11,1433.949951171875,1413.6485595703125,1401.732002766927,0.515209288638796,2442.510009765625,6084.18994140625,13.579999923706055,106.70999908447266,3.0,114.91,70.57,4.75,4.5,317.603,323.296,253.423,166.45132226749,4.625,1.625,-202.693,0.07407932612569743,7.076710648304929
2024-12-12,1429.1500244140625,1416.269984654018,1402.6853352864584,-0.33473460868629346,2482.1201171875,6051.25,13.920000076293945,106.95999908447266,3.0,114.91,70.25,4.75,4.5,317.603,323.296,253.423,166.45132226749,4.625,1.625,-202.693,0.07492053131002072,6.997139089736293
2024-12-13,1427.8599853515625,1420.2514125279017,1403.392333984375,-0.0902661750314726,2494.4599609375,6051.08984375,13.8100004196167,107.0,3.0,114.91,71.54,4.75,4.5,317.603,323.296,253.423,166.45132226749,4.625,1.625,-202.693,0.07422866238187122,6.9005568648868865
2024-12-14,1427.8599853515625,1424.2328404017858,1404.3543334960937,0.0,2494.4599609375,6051.08984375,13.8100004196167,107.0,3.0,114.91,71.54,4.75,4.5,317.603,323.296,253.423,166.45132226749,4.625,1.625,-202.693,0.07208437348598329,6.9005568648868865
2024-12-15,1427.8599853515625,1428.2142682756696,1405.2553344726562,0.0,2494.4599609375,6051.08984375,13.8100004196167,107.0,3.0,114.91,71.54,4.75,4.5,317.603,323.296,253.423,166.45132226749,4.625,1.625,-202.693,0.07208673280609665,7.397460332267469
2024-12-16,1434.449951171875,1429.6756940569196,1406.3760009765624,0.4615274528258384,2488.969970703125,6074.080078125,14.6899995803833,106.86000061035156,3.0,114.91,71.03,4.75,4.5,317.603,323.296,253.423,166.45132226749,4.625,1.625,-202.693,0.07296240498477312,8.743771717380543
2024-12-17,1431.3499755859375,1430.3542654854912,1407.3933349609374,-0.21610900982672598,2456.81005859375,6050.60986328125,15.869999885559082,106.95999908447266,3.0,114.91,70.31,4.75,4.5,317.603,323.296,253.423,166.45132226749,4.625,1.625,-202.693,0.07343587908307736,8.195438721107928
2024-12-18,1436.4200439453125,1430.7071358816963,1408.7956705729166,0.35421584139823103,2484.429931640625,5872.16015625,27.6200008392334,108.02999877929688,3.0,114.91,70.8,4.75,4.5,317.603,323.296,253.423,166.45132226749,4.625,1.625,-202.693,0.07206320970665965,8.633705423785965
2024-12-19,1451.5,1433.8999895368304,1410.8623372395834,1.0498291302917462,2435.929931640625,5867.080078125,24.09000015258789,108.41000366210938,3.0,114.91,70.1,4.5,4.25,317.603,323.296,253.423,166.45132226749,4.375,1.375,-202.693,0.07580174457193233,9.331807986939044
2024-12-20,1437.449951171875,1435.269984654018,1412.372001139323,-0.9679675389683062,2404.14990234375,5930.85009765625,18.360000610351562,107.62000274658203,3.0,114.91,69.71,4.5,4.25,317.603,323.296,253.423,166.45132226749,4.375,1.375,-202.693,0.08237070807836594,8.273511575858317
2024-12-21,1437.449951171875,1436.6399797712054,1413.6996663411458,0.0,2404.14990234375,5930.85009765625,18.360000610351562,107.62000274658203,3.0,114.91,69.71,4.5,4.25,317.603,323.296,253.423,166.45132226749,4.375,1.375,-202.693,0.08197851540225648,8.273511575858317
2024-12-22,1437.449951171875,1438.009974888393,1414.9613321940103,0.0,2404.14990234375,5930.85009765625,18.360000610351562,107.62000274658203,3.0,114.91,69.71,4.5,4.25,317.603,323.296,253.423,166.45132226749,4.375,1.375,-202.693,0.08201124408392084,7.957187470662785
2024-12-23,1445.4200439453125,1439.5771309988838,1416.4886678059895,0.5544605408306591,2442.010009765625,5974.06982421875,16.780000686645508,108.04000091552734,3.0,114.91,69.5,4.5,4.25,317.603,323.296,253.423,166.45132226749,4.375,1.375,-202.693,0.08304875039873276,8.383201304529099
2024-12-24,1442.699951171875,1441.1985560825892,1417.9253336588542,-0.1881870107469208,2440.52001953125,6040.0400390625,14.270000457763672,108.26000213623047,3.0,114.91,70.87,4.5,4.25,317.603,323.296,253.423,166.45132226749,4.375,1.375,-202.693,0.08344106714464859,8.89205407399034
2024-12-25,1453.4200439453125,1443.6271275111608,1419.5890014648437,0.7430576790918852,2440.52001953125,6040.0400390625,14.270000457763672,108.26000213623047,3.0,114.91,70.87,4.5,4.25,317.603,323.296,253.423,166.45132226749,4.375,1.375,-202.693,0.08535551899418535,8.86633390419258
2024-12-26,1457.6099853515625,1444.4999825613838,1421.657332356771,0.2882815207967182,2429.669921875,6037.58984375,14.729999542236328,108.12999725341797,3.0,114.91,70.38,4.5,4.25,317.603,323.296,253.423,166.45132226749,4.375,1.375,-202.693,0.08296160025919865,10.988344716213728
2024-12-27,1466.989990234375,1448.7199881417412,1424.047998046875,0.6435195269707261,2404.77001953125,5970.83984375,15.949999809265137,108.0,3.0,114.91,71.28,4.5,4.25,317.603,323.296,253.423,166.45132226749,4.375,1.375,-202.693,0.08402541385753844,11.702576387124154
2024-12-28,1466.989990234375,1452.9399937220983,1426.66533203125,0.0,2404.77001953125,5970.83984375,15.949999809265137,108.0,3.0,114.91,71.28,4.5,4.25,317.603,323.296,253.423,166.45132226749,4.375,1.375,-202.693,0.0818792343249343,11.702576387124154
2024-12-29,1466.989990234375,1457.1599993024554,1429.1216634114583,0.0,2404.77001953125,5970.83984375,15.949999809265137,108.0,3.0,114.91,71.28,4.5,4.25,317.603,323.296,253.423,166.45132226749,4.375,1.375,-202.693,0.08189800094402133,12.04383529561377
2024-12-30,1472.800048828125,1461.0714285714287,1431.7716634114583,0.39605304960681487,2399.489990234375,5906.93994140625,17.399999618530273,108.12999725341797,3.0,114.91,71.73,4.5,4.25,317.603,323.296,253.423,166.45132226749,4.375,1.375,-202.693,0.08197446480417818,11.97190804091215
2024-12-31,1467.3900146484375,1464.5985804966517,1434.241328938802,-0.3673298479309639,2399.489990234375,5881.6298828125,17.350000381469727,108.48999786376953,3.0,114.91,72.44,4.5,4.25,317.603,323.296,253.423,166.45132226749,4.375,1.375,-202.693,0.08337965233628486,10.75979382459684
2025-01-01,1467.3900146484375,1466.5942905970983,1436.4923299153645,0.0,2399.489990234375,5881.6298828125,17.350000381469727,108.48999786376953,3.0,115.71,72.44,4.5,4.25,319.086,324.739,257.36,170.748819759322,4.375,1.375,-203.37600000000003,0.08304000757007693,10.827547878781395
2025-01-02,1473.52001953125,1468.867152622768,1438.9076619466146,0.41774884806484724,2398.93994140625,5868.5498046875,17.93000030517578,109.38999938964844,3.0,115.71,73.79,4.5,4.25,319.086,324.739,257.36,170.748819759322,4.375,1.375,-203.37600000000003,0.083344225475561,10.424830583432975
2025-01-03,1471.6500244140625,1469.5328717912946,1440.9069946289062,-0.12690666515561277,2441.919921875,5942.47021484375,16.1299991607666,108.94999694824219,3.0,115.71,74.64,4.5,4.25,319.086,324.739,257.36,170.748819759322,4.375,1.375,-203.37600000000003,0.08185244008727602,10.2846941134358
2025-01-04,1471.6500244140625,1470.1985909598213,1442.9353271484374,0.0,2441.919921875,5942.47021484375,16.1299991607666,108.94999694824219,3.0,115.71,74.64,4.5,4.25,319.086,324.739,257.36,170.748819759322,4.375,1.375,-203.37600000000003,0.08173988084548824,10.2846941134358
2025-01-05,1471.6500244140625,1470.8643101283483,1445.323994954427,0.0,2441.919921875,5942.47021484375,16.1299991607666,108.94999694824219,3.0,115.71,74.64,4.5,4.25,319.086,324.739,257.36,170.748819759322,4.375,1.375,-203.37600000000003,0.07723304252571439,9.344816705423975
2025-01-06,1465.530029296875,1469.8257359095983,1447.508662923177,-0.4158594105704072,2488.639892578125,5975.3798828125,16.040000915527344,108.26000213623047,3.0,115.71,74.31,4.5,4.25,319.086,324.739,257.36,170.748819759322,4.375,1.375,-203.37600000000003,0.07893919130951536,9.174820252812331
2025-01-07,1459.449951171875,1468.691441127232,1449.4906616210938,-0.4148722989945841,2492.10009765625,5909.02978515625,17.81999969482422,108.54000091552734,3.0,115.71,74.99,4.5,4.25,319.086,324.739,257.36,170.748819759322,4.375,1.375,-203.37600000000003,0.08054115570387257,8.807798899382346
2025-01-08,1451.8800048828125,1466.4757254464287,1450.4126627604167,-0.5186848841910674,2521.050048828125,5918.25,17.700000762939453,109.08999633789062,3.0,115.71,73.99,4.5,4.25,319.086,324.739,257.36,170.748819759322,4.375,1.375,-203.37600000000003,0.06721927014343672,8.10561151497633
2025-01-09,1457.969970703125,1464.2542898995537,1451.4583292643229,0.4194537978229107,2521.89990234375,5918.25,17.700000762939453,109.18000030517578,3.0,115.71,73.99,4.5,4.25,319.086,324.739,257.36,170.748819759322,4.375,1.375,-203.37600000000003,0.06794629476139964,8.018579967387375
2025-01-10,1455.22998046875,1461.9085693359375,1452.1676635742188,-0.18793187030139435,2515.780029296875,5827.0400390625,19.540000915527344,109.6500015258789,3.0,115.71,77.27,4.5,4.25,319.086,324.739,257.36,170.748819759322,4.375,1.375,-203.37600000000003,0.06702330500283409,7.815578629781661
2025-01-11,1455.22998046875,1459.5628487723213,1453.0369954427083,0.0,2515.780029296875,5827.0400390625,19.540000915527344,109.6500015258789,3.0,115.71,77.27,4.5,4.25,319.086,324.739,257.36,170.748819759322,4.375,1.375,-203.37600000000003,0.06604876252660169,7.815578629781661
2025-01-12,1455.22998046875,1457.2171282087054,1453.9493286132813,0.0,2515.780029296875,5827.0400390625,19.540000915527344,109.6500015258789,3.0,115.71,77.27,4.5,4.25,319.086,324.739,257.36,170.748819759322,4.375,1.375,-203.37600000000003,0.06592065046512609,7.928328220701997
2025-01-13,1472.25,1458.1771240234375,1455.4289957682292,1.1695759268076422,2489.56005859375,5836.22021484375,19.190000534057617,109.95999908447266,3.0,115.71,79.57,4.5,4.25,319.086,324.739,257.36,170.748819759322,4.375,1.375,-203.37600000000003,0.07324066067268058,8.471415327398146
2025-01-14,1458.8900146484375,1458.097133091518,1456.463330078125,-0.9074535813593188,2497.39990234375,5842.91015625,18.709999084472656,109.2699966430664,3.0,115.71,78.2,4.5,4.25,319.086,324.739,257.36,170.748819759322,4.375,1.375,-203.37600000000003,0.07885781510470859,7.021079913614647
2025-01-15,1460.43994140625,1459.3199811662946,1457.3296630859375,0.10624013751894257,2496.81005859375,5949.91015625,16.1200008392334,109.08999633789062,3.0,115.71,80.73,4.5,4.25,319.086,324.739,257.36,170.748819759322,4.375,1.375,-203.37600000000003,0.07800392119522462,7.05468360057504
2025-01-16,1437.219970703125,1456.3556954520088,1457.5253295898438,-1.5899298591331767,2527.489990234375,5937.33984375,16.600000381469727,108.95999908447266,3.0,115.71,79.35,4.5,4.25,319.086,324.739,257.36,170.748819759322,4.375,1.375,-203.37600000000003,0.09127831833295828,4.902734898805616
2025-01-17,1453.3199462890625,1456.0828334263392,1458.0886596679688,1.1202165231576133,2523.550048828125,5996.66015625,15.970000267028809,109.3499984741211,3.0,115.71,78.56,4.5,4.25,319.086,324.739,257.36,170.748819759322,4.375,1.375,-203.37600000000003,0.09631129758779086,6.077872668386286
2025-01-18,1453.3199462890625,1455.8099714006696,1458.149324544271,0.0,2523.550048828125,5996.66015625,15.970000267028809,109.3499984741211,3.0,115.71,78.56,4.5,4.25,319.086,324.739,257.36,170.748819759322,4.375,1.375,-203.37600000000003,0.09143641705506018,6.077872668386286
2025-01-19,1453.3199462890625,1455.537109375,1458.6783243815105,0.0,2523.550048828125,5996.66015625,15.970000267028809,109.3499984741211,3.0,115.71,78.56,4.5,4.25,319.086,324.739,257.36,170.748819759322,4.375,1.375,-203.37600000000003,0.08665773856227535,6.158460195471571
2025-01-20,1457.3800048828125,1453.4128243582588,1459.3426595052083,0.2793644031458431,2520.050048828125,5996.66015625,15.970000267028809,109.3499984741211,3.0,115.71,78.56,4.5,4.25,319.086,324.739,257.36,170.748819759322,4.375,1.375,-203.37600000000003,0.08692898190961905,5.8757722399428
2025-01-21,1435.530029296875,1450.07568359375,1459.278662109375,-1.4992641255356376,2518.030029296875,6049.240234375,15.0600004196167,108.05999755859375,3.0,115.71,76.79,4.5,4.25,319.086,324.739,257.36,170.748819759322,4.375,1.375,-203.37600000000003,0.0978171632914713,4.2785660784051105
2025-01-22,1425.7900390625,1445.125697544643,1458.6243286132812,-0.6784943564813961,2547.06005859375,6086.3701171875,15.100000381469727,108.16999816894531,3.0,115.71,76.12,4.5,4.25,319.086,324.739,257.36,170.748819759322,4.375,1.375,-203.37600000000003,0.09824179720809105,3.517655367920125
2025-01-23,1434.3399658203125,1444.7142682756696,1458.3456624348958,0.5996623993413719,2515.489990234375,6118.7099609375,15.020000457763672,108.05000305175781,3.0,115.71,75.03,4.5,4.25,319.086,324.739,257.36,170.748819759322,4.375,1.375,-203.37600000000003,0.09987505724158065,4.215590981420259
2025-01-24,1433.9300537109375,1441.9442836216517,1457.69599609375,-0.028578448564708925,2536.800048828125,6101.240234375,14.850000381469727,107.44000244140625,3.0,115.71,74.97,4.5,4.25,319.086,324.739,257.36,170.748819759322,4.375,1.375,-203.37600000000003,0.0972383685697259,4.185807782355244
2025-01-25,1433.9300537109375,1439.1742989676338,1456.9066650390625,0.0,2536.800048828125,6101.240234375,14.850000381469727,107.44000244140625,3.0,115.71,74.97,4.5,4.25,319.086,324.739,257.36,170.748819759322,4.375,1.375,-203.37600000000003,0.09674216462250292,4.185807782355244
2025-01-26,1433.9300537109375,1436.4043143136162,1455.804667154948,0.0,2536.800048828125,6101.240234375,14.850000381469727,107.44000244140625,3.0,115.71,74.97,4.5,4.25,319.086,324.739,257.36,170.748819759322,4.375,1.375,-203.37600000000003,0.09448897380548875,3.3343915938749635
2025-01-27,1427.6300048828125,1432.1543143136162,1454.4926676432292,-0.4393553794218019,2536.800048828125,6012.27978515625,17.899999618530273,107.33999633789062,3.0,115.71,73.51,4.5,4.25,319.086,324.739,257.36,170.748819759322,4.375,1.375,-203.37600000000003,0.095045420542792,3.3039816455965765
2025-01-28,1417.9200439453125,1429.6386021205358,1452.857002766927,-0.680145479171057,2536.800048828125,6067.7001953125,16.40999984741211,107.87000274658203,3.0,115.71,74.15,4.5,4.25,319.086,324.739,257.36,170.748819759322,4.375,1.375,-203.37600000000003,0.09652541674766263,2.511602892275011
2025-01-29,1443.260009765625,1432.134312220982,1451.872334798177,1.7871223365885314,2536.800048828125,6039.31005859375,16.559999465942383,108.0,3.0,115.71,72.94,4.5,4.25,319.086,324.739,257.36,170.748819759322,4.375,1.375,-203.37600000000003,0.11031676918878078,4.692548510193473
2025-01-30,1443.3199462890625,1433.4171665736608,1451.069999186198,0.0041528569372006885,2536.800048828125,6071.169921875,15.84000015258789,107.80000305175781,3.0,115.71,73.1,4.5,4.25,319.086,324.739,257.36,170.748819759322,4.375,1.375,-203.37600000000003,0.10995743798177088,5.1269831545945
2025-01-31,1441.6600341796875,1434.521449497768,1450.212333170573,-0.11500652462005378,2517.3701171875,6040.52978515625,16.43000030517578,108.37000274658203,3.0,115.71,72.84,4.5,4.25,319.086,324.739,257.36,170.748819759322,4.375,1.375,-203.37600000000003,0.10995997234310009,5.0060802648304925
2025-02-01,1441.6600341796875,1435.625732421875,1449.1503336588542,0.0,2517.3701171875,6040.52978515625,16.43000030517578,108.37000274658203,2.75,116.08,72.84,4.5,4.25,319.775,325.475,259.498,170.748819759322,4.375,1.625,-203.695,0.10905676663167775,5.0060802648304925
2025-02-02,1441.6600341796875,1436.730015345982,1448.1506673177084,0.0,2517.3701171875,6040.52978515625,16.43000030517578,108.37000274658203,2.75,116.08,72.84,4.5,4.25,319.775,325.475,259.498,170.748819759322,4.375,1.625,-203.695,0.10906181038943229,4.5181079286941594
2025-02-03,1456.780029296875,1440.8943045479912,1447.6550008138022,1.0487906135090208,2453.949951171875,5994.56982421875,18.6200008392334,108.98999786376953,2.75,116.08,73.52,4.5,4.25,319.775,325.475,259.498,170.748819759322,4.375,1.625,-203.695,0.11375122390942019,6.112789712042055
2025-02-04,1459.050048828125,1446.77001953125,1447.235001627604,0.15582445431694403,2481.68994140625,6037.8798828125,17.209999084472656,107.95999908447266,2.75,116.08,73.04,4.5,4.25,319.775,325.475,259.498,170.748819759322,4.375,1.625,-203.695,0.11387814386131581,5.881716170400941
2025-02-05,1450.1600341796875,1447.7557373046875,1446.7226684570312,-0.6093015558703896,2509.27001953125,6061.47998046875,15.770000457763672,107.58000183105469,2.75,116.08,71.39,4.5,4.25,319.775,325.475,259.498,170.748819759322,4.375,1.625,-203.695,0.11458914806580908,3.597655636154795
2025-02-06,1443.8900146484375,1447.8371756417412,1446.20400390625,-0.43236742038590403,2536.75,6083.56982421875,15.5,107.69000244140625,2.75,116.08,70.97,4.5,4.25,319.775,325.475,259.498,170.748819759322,4.375,1.625,-203.695,0.11464097193961136,5.233664282964567
2025-02-07,1442.1500244140625,1447.9071742466517,1445.8796712239584,-0.12050711735122066,2521.919921875,6025.990234375,16.540000915527344,108.04000091552734,2.75,116.08,71.32,4.5,4.25,319.775,325.475,259.498,170.748819759322,4.375,1.625,-203.695,0.11375313193418476,5.106850227654092
2025-02-08,1442.1500244140625,1447.9771728515625,1445.3523396809896,0.0,2521.919921875,6025.990234375,16.540000915527344,108.04000091552734,2.75,116.08,71.32,4.5,4.25,319.775,325.475,259.498,170.748819759322,4.375,1.625,-203.695,0.11299231084990688,5.106850227654092
2025-02-09,1442.1500244140625,1448.0471714564733,1444.9163411458333,0.0,2521.919921875,6025.990234375,16.540000915527344,108.04000091552734,2.75,116.08,71.32,4.5,4.25,319.775,325.475,259.498,170.748819759322,4.375,1.625,-203.695,0.11290095307805895,3.2171539373792912
2025-02-10,1450.6199951171875,1447.1671665736608,1444.762674967448,0.5873155053037094,2521.27001953125,6066.43994140625,15.8100004196167,108.31999969482422,2.75,116.08,72.73,4.5,4.25,319.775,325.475,259.498,170.748819759322,4.375,1.625,-203.695,0.11430046179973578,3.575020138049134
2025-02-11,1453.2099609375,1446.3328683035713,1444.6953409830728,0.17854199094389234,2539.050048828125,6068.5,16.020000457763672,107.95999908447266,2.75,116.08,73.67,4.5,4.25,319.775,325.475,259.498,170.748819759322,4.375,1.625,-203.695,0.1144284795033107,3.3099872544936737
2025-02-12,1450.75,1446.4171491350446,1443.9786743164063,-0.1692777371215537,2548.389892578125,6051.97021484375,15.890000343322754,107.94000244140625,2.75,116.08,71.72,4.5,4.25,319.775,325.475,259.498,170.748819759322,4.375,1.625,-203.695,0.1089644812184449,3.6990707648320242
2025-02-13,1452.1199951171875,1447.5928606305804,1443.7530069986979,0.09443357692142662,2583.169921875,6115.06982421875,15.100000381469727,107.30999755859375,2.75,116.08,71.66,4.5,4.25,319.775,325.475,259.498,170.748819759322,4.375,1.625,-203.695,0.1059139383880618,3.6614036443762155
2025-02-14,1438.739990234375,1447.105712890625,1443.0296752929687,-0.9214117929512211,2591.050048828125,6114.6298828125,14.770000457763672,106.56999969482422,2.75,116.08,71.05,4.5,4.25,319.775,325.475,259.498,170.748819759322,4.375,1.625,-203.695,0.10904709781298386,2.7062552464581557
2025-02-15,1438.739990234375,1446.6185651506696,1443.080342610677,0.0,2591.050048828125,6114.6298828125,14.770000457763672,106.56999969482422,2.75,116.08,71.05,4.5,4.25,319.775,325.475,259.498,170.748819759322,4.375,1.625,-203.695,0.0987570653463102,2.7062552464581557
2025-02-16,1438.739990234375,1446.1314174107142,1442.594344075521,0.0,2591.050048828125,6114.6298828125,14.770000457763672,106.56999969482422,2.75,116.08,71.05,4.5,4.25,319.775,325.475,259.498,170.748819759322,4.375,1.625,-203.695,0.09293359049677435,3.183563339597284
2025-02-17,1432.5999755859375,1443.55712890625,1441.9036783854167,-0.4267633269467441,2610.419921875,6114.6298828125,14.770000457763672,106.56999969482422,2.75,116.08,71.05,4.5,4.25,319.775,325.475,259.498,170.748819759322,4.375,1.625,-203.695,0.09362660937080032,3.101833435475898
2025-02-18,1441.2900390625,1441.854282924107,1441.5026814778646,0.6065938590434694,2626.81005859375,6129.580078125,15.350000381469727,107.05000305175781,2.75,116.08,72.21,4.5,4.25,319.775,325.475,259.498,170.748819759322,4.375,1.625,-203.695,0.09551808297800421,3.5290486493358975
2025-02-19,1440.0799560546875,1440.3299909319196,1440.9260131835938,-0.08395832726351138,2671.52001953125,6144.14990234375,15.270000457763672,107.16999816894531,2.75,116.08,72.58,4.5,4.25,319.775,325.475,259.498,170.748819759322,4.375,1.625,-203.695,0.09508837365845188,3.0380189955667936
2025-02-20,1439.97998046875,1438.595703125,1441.074344889323,-0.0069423635484344715,2654.06005859375,6117.52001953125,15.65999984741211,106.33999633789062,2.75,116.08,72.88,4.5,4.25,319.775,325.475,259.498,170.748819759322,4.375,1.625,-203.695,0.08439672157989406,2.885110430636262
2025-02-21,1431.699951171875,1437.5899832589287,1441.2713419596355,-0.5750100285546789,2654.580078125,6013.1298828125,18.209999084472656,106.61000061035156,2.75,116.08,70.72,4.5,4.25,319.775,325.475,259.498,170.748819759322,4.375,1.625,-203.695,0.08371186118199461,2.2935107277705535
2025-02-22,1431.699951171875,1436.584263392857,1441.1833414713542,0.0,2654.580078125,6013.1298828125,18.209999084472656,106.61000061035156,2.75,116.08,70.72,4.5,4.25,319.775,325.475,259.498,170.748819759322,4.375,1.625,-203.695,0.08185688245477067,2.2935107277705535
2025-02-23,1431.699951171875,1435.5785435267858,1441.109004720052,0.0,2654.580078125,6013.1298828125,18.209999084472656,106.61000061035156,2.75,116.08,70.72,4.5,4.25,319.775,325.475,259.498,170.748819759322,4.375,1.625,-203.695,0.0818538777747636,2.008531553754822
2025-02-24,1434.2900390625,1435.8199811662946,1441.121004231771,0.18090996570230278,2645.27001953125,5983.25,18.979999542236328,106.5999984741211,2.75,116.08,71.06,4.5,4.25,319.775,325.475,259.498,170.748819759322,4.375,1.625,-203.695,0.08202913031593027,2.7752284991429566
2025-02-25,1428.6500244140625,1434.0142647879463,1440.9450032552083,-0.3932269272485467,2630.2900390625,5955.25,19.43000030517578,106.30999755859375,2.75,116.08,69.15,4.5,4.25,319.775,325.475,259.498,170.748819759322,4.375,1.625,-203.695,0.08282581076490177,2.39236881861955
2025-02-26,1429.5,1432.5028424944196,1441.0073364257812,0.05949501777289257,2641.090087890625,5956.06005859375,19.100000381469727,106.41999816894531,2.75,116.08,68.87,4.5,4.25,319.775,325.475,259.498,170.748819759322,4.375,1.625,-203.695,0.08183989406399078,2.955053415818365
2025-02-27,1434.4200439453125,1431.7085658482142,1441.5573364257812,0.34417935958814816,2621.75,5861.56982421875,21.1299991607666,107.23999786376953,2.75,116.08,70.62,4.5,4.25,319.775,325.475,259.498,170.748819759322,4.375,1.625,-203.695,0.07973887375225928,2.9512663228407066
2025-02-28,1449.8599853515625,1434.3028564453125,1441.7773356119792,1.0763891282349336,2532.780029296875,5954.5,19.6299991607666,107.61000061035156,2.75,116.08,69.97,4.5,4.25,319.775,325.475,259.498,170.748819759322,4.375,1.625,-203.695,0.06800211886406492,4.059422560919934
2025-03-01,1449.8599853515625,1436.8971470424108,1441.9953369140626,0.0,2532.780029296875,5954.5,19.6299991607666,107.61000061035156,2.75,116.29,69.97,4.5,4.25,319.615,325.659,258.525,170.748819759322,4.375,1.625,-203.325,0.06800285912056366,4.059422560919934
2025-03-02,1449.8599853515625,1439.4914376395088,1442.2686686197917,0.0,2532.780029296875,5954.5,19.6299991607666,107.61000061035156,2.75,116.29,69.97,4.5,4.25,319.615,325.659,258.525,170.748819759322,4.375,1.625,-203.325,0.06789199545918667,3.571785787379511
2025-03-03,1459.800048828125,1443.1357247488838,1442.8733357747396,0.6855878206854626,2532.780029296875,5849.72021484375,22.780000686645508,106.75,2.75,116.29,68.63,4.5,4.25,319.615,325.659,258.525,170.748819759322,4.375,1.625,-203.325,0.07057314402526449,4.192539061696787
2025-03-04,1457.9300537109375,1447.3185860770088,1443.4156697591145,-0.12809940092060046,2528.919921875,5778.14990234375,23.510000228881836,105.73999786376953,2.75,116.29,68.47,4.5,4.25,319.615,325.659,258.525,170.748819759322,4.375,1.625,-203.325,0.07073786933815866,3.2769704198254646
2025-03-05,1452.8499755859375,1450.654296875,1443.28466796875,-0.3484445712652273,2558.1298828125,5842.6298828125,21.93000030517578,105.73999786376953,2.75,116.29,66.58,4.5,4.25,319.615,325.659,258.525,170.748819759322,4.375,1.625,-203.325,0.06473140426811037,2.9805731005425606
2025-03-06,1443.030029296875,1451.8842947823662,1442.7506673177083,-0.6759091753504753,2576.159912109375,5738.52001953125,24.8700008392334,104.05999755859375,2.75,116.29,66.62,4.5,4.25,319.615,325.659,258.525,170.748819759322,4.375,1.625,-203.325,0.06733611239823487,3.0743104852695824
2025-03-07,1446.5,1451.404296875,1442.6286661783854,0.24046420605783325,2563.47998046875,5770.2001953125,23.3700008392334,103.83999633789062,2.75,116.29,67.29,4.5,4.25,319.615,325.659,258.525,170.748819759322,4.375,1.625,-203.325,0.0655281358370547,3.322167307627577
2025-03-08,1446.5,1450.9242989676338,1442.715665690104,0.0,2563.47998046875,5770.2001953125,23.3700008392334,103.83999633789062,2.75,116.29,67.29,4.5,4.25,319.615,325.659,258.525,170.748819759322,4.375,1.625,-203.325,0.0642789775656249,3.322167307627577
2025-03-09,1446.5,1450.444301060268,1442.860664876302,0.0,2563.47998046875,5770.2001953125,23.3700008392334,103.83999633789062,2.75,116.29,67.29,4.5,4.25,319.615,325.659,258.525,170.748819759322,4.375,1.625,-203.325,0.06416635082261814,1.5643671451872398
2025-03-10,1446.260009765625,1448.510009765625,1442.997664388021,-0.01659109812478521,2570.389892578125,5614.56005859375,27.860000610351562,103.91000366210938,2.75,116.29,66.31,4.5,4.25,319.615,325.659,258.525,170.748819759322,4.375,1.625,-203.325,0.06417058549202044,1.3781041999256116
2025-03-11,1457.030029296875,1448.3814348493304,1443.4936645507812,0.7446807253555621,2537.60009765625,5572.06982421875,26.920000076293945,103.44000244140625,2.75,116.29,66.52,4.5,4.25,319.615,325.659,258.525,170.748819759322,4.375,1.625,-203.325,0.06760463351374132,1.609545584637595
2025-03-12,1451.02001953125,1448.1200125558037,1443.5069986979167,-0.4124835895472412,2574.820068359375,5599.2998046875,24.229999542236328,103.61000061035156,2.75,116.29,67.65,4.5,4.25,319.615,325.659,258.525,170.748819759322,4.375,1.625,-203.325,0.06671226879403469,1.5302798687040653
2025-03-13,1448.75,1448.9371512276787,1443.3583333333333,-0.1564430194411326,2573.639892578125,5521.52001953125,24.65999984741211,103.83000183105469,2.75,116.29,66.82,4.5,4.25,319.615,325.659,258.525,170.748819759322,4.375,1.625,-203.325,0.06664739467298471,1.4630296291477052
2025-03-14,1453.22998046875,1449.8985770089287,1443.4409993489583,0.3092307484900747,2566.360107421875,5638.93994140625,21.770000457763672,103.72000122070312,2.75,116.29,67.43,4.5,4.25,319.615,325.659,258.525,170.748819759322,4.375,1.625,-203.325,0.06709134719118036,1.7767845151106298
2025-03-15,1453.22998046875,1450.8600027901787,1443.4779988606772,0.0,2566.360107421875,5638.93994140625,21.770000457763672,103.72000122070312,2.75,116.29,67.43,4.5,4.25,319.615,325.659,258.525,170.748819759322,4.375,1.625,-203.325,0.06703967002225932,1.7767845151106298
2025-03-16,1453.22998046875,1451.8214285714287,1443.9609985351562,0.0,2566.360107421875,5638.93994140625,21.770000457763672,103.72000122070312,2.75,116.29,67.43,4.5,4.25,319.615,325.659,258.525,170.748819759322,4.375,1.625,-203.325,0.061045199636430916,1.3092146771333857
2025-03-17,1449.050048828125,1452.220005580357,1444.304667154948,-0.28763042992525634,2610.68994140625,5675.1201171875,20.510000228881836,103.37000274658203,2.75,116.29,67.84,4.5,4.25,319.615,325.659,258.525,170.748819759322,4.375,1.625,-203.325,0.061750041396628964,1.236599961161966
2025-03-18,1442.489990234375,1450.142857142857,1444.429667154948,-0.45271442480921964,2612.340087890625,5614.66015625,21.700000762939453,103.23999786376953,2.75,116.29,67.49,4.5,4.25,319.615,325.659,258.525,170.748819759322,4.375,1.625,-203.325,0.06328134915130684,0.4225746023698296
2025-03-19,1448.93994140625,1449.845703125,1444.9743326822916,0.44714009910231667,2628.6201171875,5675.2900390625,19.899999618530273,103.43000030517578,2.75,116.29,67.4,4.5,4.25,319.615,325.659,258.525,170.748819759322,4.375,1.625,-203.325,0.06311528209745293,-0.17637330993799383
2025-03-20,1443.3900146484375,1449.0799909319196,1445.0443318684895,-0.3830335957490494,2637.10009765625,5662.89013671875,19.799999237060547,103.8499984741211,2.75,116.29,68.55,4.5,4.25,319.615,325.659,258.525,170.748819759322,4.375,1.625,-203.325,0.061881042457809454,0.41323619453461635
2025-03-21,1465.8199462890625,1450.8785574776787,1445.9023315429688,1.5539758078545463,2643.1298828125,5667.56005859375,19.280000686645508,104.08999633789062,2.75,116.29,68.52,4.5,4.25,319.615,325.659,258.525,170.748819759322,4.375,1.625,-203.325,0.07634094448026409,1.9736335928815407
2025-03-22,1465.8199462890625,1452.6771240234375,1446.7636637369792,0.0,2643.1298828125,5667.56005859375,19.280000686645508,104.08999633789062,2.75,116.29,68.52,4.5,4.25,319.615,325.659,258.525,170.748819759322,4.375,1.625,-203.325,0.07633590494915192,1.9736335928815407
2025-03-23,1465.8199462890625,1454.4756905691963,1447.900996907552,0.0,2643.1298828125,5667.56005859375,19.280000686645508,104.08999633789062,2.75,116.29,68.52,4.5,4.25,319.615,325.659,258.525,170.748819759322,4.375,1.625,-203.325,0.07395881718454461,1.4113476860378782
2025-03-24,1464.780029296875,1456.7228306361608,1449.0036661783854,-0.07094438814400084,2632.070068359375,5767.56982421875,17.479999542236328,104.26000213623047,2.75,116.29,69.46,4.5,4.25,319.615,325.659,258.525,170.748819759322,4.375,1.625,-203.325,0.07405367442173316,1.5304691808622373
2025-03-25,1466.27001953125,1460.1199776785713,1450.1560017903646,0.10172109153414599,2615.81005859375,5776.64990234375,17.149999618530273,104.18000030517578,2.75,116.29,69.48,4.5,4.25,319.615,325.659,258.525,170.748819759322,4.375,1.625,-203.325,0.07402018270028005,0.8841198825809693
2025-03-26,1462.0899658203125,1461.9985525948662,1451.082666015625,-0.2850807597003069,2643.93994140625,5712.2001953125,18.329999923706055,104.55000305175781,2.75,116.29,70.05,4.5,4.25,319.615,325.659,258.525,170.748819759322,4.375,1.625,-203.325,0.0747004756499573,0.3073511099520587
2025-03-27,1465.6800537109375,1465.1828438895088,1452.317000325521,0.24554493735347016,2607.14990234375,5693.31005859375,18.690000534057617,104.06999969482422,2.75,116.29,70.3,4.5,4.25,319.615,325.659,258.525,170.748819759322,4.375,1.625,-203.325,0.07358074072805035,-0.0892941691598148
2025-03-28,1461.8900146484375,1464.6214250837054,1453.3966674804688,-0.25858570244604584,2557.97998046875,5580.93994140625,21.649999618530273,104.04000091552734,2.75,116.29,69.74,4.5,4.25,319.615,325.659,258.525,170.748819759322,4.375,1.625,-203.325,0.07425609767451755,-0.3476489696513041
2025-03-29,1461.8900146484375,1464.0600062779017,1454.3123331705729,0.0,2557.97998046875,5580.93994140625,21.649999618530273,104.04000091552734,2.75,116.29,69.74,4.5,4.25,319.615,325.659,258.525,170.748819759322,4.375,1.625,-203.325,0.07384388470780225,-0.3476489696513041
2025-03-30,1461.8900146484375,1463.4985874720983,1454.7133341471354,0.0,2557.97998046875,5580.93994140625,21.649999618530273,104.04000091552734,2.75,116.29,69.74,4.5,4.25,319.615,325.659,258.525,170.748819759322,4.375,1.625,-203.325,0.06732633619134766,-0.7407681842737879
2025-03-31,1469.4100341796875,1464.1600167410713,1455.3650024414062,0.5144039193029526,2481.1201171875,5611.85009765625,22.280000686645508,104.20999908447266,2.75,116.29,71.87,4.5,4.25,319.615,325.659,258.525,170.748819759322,4.375,1.625,-203.325,0.06877287310143976,0.137660711268639
2025-04-01,1471.9599609375,1464.972865513393,1456.101668294271,0.17353405097957353,2521.389892578125,5633.06982421875,21.770000457763672,104.26000213623047,2.75,116.38,71.61,4.5,4.25,320.321,326.43,258.392,162.933716918432,4.375,1.625,-203.94100000000003,0.06885683371501519,0.3114336504570936
2025-04-02,1469.969970703125,1466.0985804966517,1456.4406656901042,-0.13519323128242666,2505.860107421875,5670.97021484375,21.510000228881836,103.80999755859375,2.75,116.38,72.12,4.5,4.25,320.321,326.43,258.392,162.933716918432,4.375,1.625,-203.94100000000003,0.06635082671558779,-0.24092301299403207
2025-04-03,1466.0400390625,1466.1500069754463,1456.7109985351562,-0.2673477498826182,2486.699951171875,5396.52001953125,30.020000457763672,102.06999969482422,2.75,116.38,67.43,4.5,4.25,320.321,326.43,258.392,162.933716918432,4.375,1.625,-203.94100000000003,0.06674971810176555,-0.38120376845685033
2025-04-04,1450.6800537109375,1464.548583984375,1456.6386678059896,-1.047719362520605,2465.419921875,5074.080078125,45.310001373291016,103.0199966430664,2.75,116.38,62.42,4.5,4.25,320.321,326.43,258.392,162.933716918432,4.375,1.625,-203.94100000000003,0.07289198637099915,-1.4249291852846735
2025-04-05,1450.6800537109375,1462.9471609933037,1456.8936686197917,0.0,2465.419921875,5074.080078125,45.310001373291016,103.0199966430664,2.75,116.38,62.42,4.5,4.25,320.321,326.43,258.392,162.933716918432,4.375,1.625,-203.94100000000003,0.07005482017959226,-1.4249291852846735
2025-04-06,1450.6800537109375,1461.345738002232,1457.0330037434896,0.0,2465.419921875,5074.080078125,45.310001373291016,103.0199966430664,2.75,116.38,62.42,4.5,4.25,320.321,326.43,258.392,162.933716918432,4.375,1.625,-203.94100000000003,0.06973890544799206,-1.013283609962068
2025-04-07,1458.52001953125,1459.7900216238838,1457.4336710611979,0.5404338331017389,2328.199951171875,5062.25,46.97999954223633,103.26000213623047,2.75,116.38,61.05,4.5,4.25,320.321,326.43,258.392,162.933716918432,4.375,1.625,-203.94100000000003,0.07140689632842206,-0.06371795345762044
2025-04-08,1469.949951171875,1459.5028773716517,1458.2153361002604,0.7836664212739652,2334.22998046875,4982.77001953125,52.33000183105469,102.95999908447266,2.75,116.38,60.04,4.5,4.25,320.321,326.43,258.392,162.933716918432,4.375,1.625,-203.94100000000003,0.07467204727817917,1.2445895134785
2025-04-09,1486.1300048828125,1461.8114536830358,1459.5443359375,1.1007214019796097,2293.699951171875,5456.89990234375,33.619998931884766,102.9000015258789,2.75,116.38,62.63,4.5,4.25,320.321,326.43,258.392,162.933716918432,4.375,1.625,-203.94100000000003,0.08053666369970398,1.931455019344952
2025-04-10,1443.949951171875,1458.655726841518,1459.1083333333333,-2.8382479037736386,2445.06005859375,5268.0498046875,40.720001220703125,100.87000274658203,2.75,116.38,60.57,4.5,4.25,320.321,326.43,258.392,162.933716918432,4.375,1.625,-203.94100000000003,0.11491276791385104,-0.7751372256116884
2025-04-11,1452.0400390625,1458.8500104631696,1459.142333984375,0.5602748131304125,2432.719970703125,5363.35986328125,37.560001373291016,99.77999877929688,2.75,116.38,61.91,4.5,4.25,320.321,326.43,258.392,162.933716918432,4.375,1.625,-203.94100000000003,0.11553768379805672,-0.21920531112357144
2025-04-12,1452.0400390625,1459.0442940848213,1459.252001953125,0.0,2432.719970703125,5363.35986328125,37.560001373291016,99.77999877929688,2.75,116.38,61.91,4.5,4.25,320.321,326.43,258.392,162.933716918432,4.375,1.625,-203.94100000000003,0.11543674192829151,-0.21920531112357144
2025-04-13,1452.0400390625,1459.2385777064733,1459.2123372395833,0.0,2432.719970703125,5363.35986328125,37.560001373291016,99.77999877929688,2.75,116.38,61.91,4.5,4.25,320.321,326.43,258.392,162.933716918432,4.375,1.625,-203.94100000000003,0.1150879076694002,-1.3727261631856003
2025-04-14,1419.050048828125,1453.6000104631696,1458.0730061848958,-2.271975244957758,2455.889892578125,5405.97021484375,30.889999389648438,99.63999938964844,2.75,116.38,61.99,4.5,4.25,320.321,326.43,258.392,162.933716918432,4.375,1.625,-203.94100000000003,0.13259159019364652,-2.730840942105772
2025-04-15,1419.4200439453125,1446.3814522879463,1456.9460083007812,0.026073436767992675,2477.409912109375,5396.6298828125,30.1200008392334,100.22000122070312,2.75,116.38,61.74,4.5,4.25,320.321,326.43,258.392,162.933716918432,4.375,1.625,-203.94100000000003,0.1326067126793215,-2.8087356623128
2025-04-16,1427.02001953125,1437.9371686662946,1456.2116739908854,0.535428227772039,2447.429931640625,5275.7001953125,32.63999938964844,99.37999725341797,2.75,116.38,62.88,4.5,4.25,320.321,326.43,258.392,162.933716918432,4.375,1.625,-203.94100000000003,0.1336019233992674,-0.7097000723476521
2025-04-17,1414.22998046875,1433.6914585658483,1455.2696736653645,-0.896276077941871,2470.409912109375,5282.7001953125,29.649999618530273,99.37999725341797,2.75,116.38,65.07,4.5,4.25,320.321,326.43,258.392,162.933716918432,4.375,1.625,-203.94100000000003,0.1353773900654002,-2.689701322831606
2025-04-18,1414.22998046875,1428.2900216238838,1454.112674967448,0.0,2483.419921875,5282.7001953125,29.649999618530273,99.37999725341797,2.75,116.38,65.07,4.5,4.25,320.321,326.43,258.392,162.933716918432,4.375,1.625,-203.94100000000003,0.1345326462813306,-2.689701322831606
2025-04-19,1414.22998046875,1422.8885846819196,1453.140673828125,0.0,2483.419921875,5282.7001953125,29.649999618530273,99.37999725341797,2.75,116.38,65.07,4.5,4.25,320.321,326.43,258.392,162.933716918432,4.375,1.625,-203.94100000000003,0.1342339093887383,-2.689701322831606
2025-04-20,1414.22998046875,1417.4871477399554,1451.4210083007813,0.0,2483.419921875,5282.7001953125,29.649999618530273,99.37999725341797,2.75,116.38,65.07,4.5,4.25,320.321,326.43,258.392,162.933716918432,4.375,1.625,-203.94100000000003,0.12520436595953166,-2.96079432059535
2025-04-21,1414.22998046875,1416.7985665457588,1449.7013427734375,0.0,2488.419921875,5158.2001953125,33.81999969482422,98.27999877929688,2.75,116.38,63.48,4.5,4.25,320.321,326.43,258.392,162.933716918432,4.375,1.625,-203.94100000000003,0.12520436595953166,-1.4837759150575058
2025-04-22,1421.6400146484375,1417.1157052176338,1448.2286783854167,0.5239624588662339,2486.639892578125,5287.759765625,30.56999969482422,98.91999816894531,2.75,116.38,64.6,4.5,4.25,320.321,326.43,258.392,162.933716918432,4.375,1.625,-203.94100000000003,0.12654116054791745,-0.29106841122211735
2025-04-23,1429.219970703125,1417.4299839564733,1447.0433430989583,0.5331839267736171,2525.56005859375,5375.85986328125,28.450000762939453,99.83999633789062,2.75,116.38,62.64,4.5,4.25,320.321,326.43,258.392,162.933716918432,4.375,1.625,-203.94100000000003,0.12786142384076354,-0.35695826925239427
2025-04-24,1426.449951171875,1419.1756940569196,1445.7160074869792,-0.19381337988771952,2522.330078125,5484.77001953125,26.469999313354492,99.29000091552734,2.75,116.38,63.55,4.5,4.25,320.321,326.43,258.392,162.933716918432,4.375,1.625,-203.94100000000003,0.12778589139454635,-0.5216504472937422
2025-04-25,1430.06005859375,1421.4371337890625,1444.6483439127603,0.2530833569666546,2546.300048828125,5525.2099609375,24.84000015258789,99.47000122070312,2.75,116.38,63.85,4.5,4.25,320.321,326.43,258.392,162.933716918432,4.375,1.625,-203.94100000000003,0.12801842698729154,-0.26988730079072765
2025-04-26,1430.06005859375,1423.6985735212054,1443.4610107421875,0.0,2546.300048828125,5525.2099609375,24.84000015258789,99.47000122070312,2.75,116.38,63.85,4.5,4.25,320.321,326.43,258.392,162.933716918432,4.375,1.625,-203.94100000000003,0.127688838157257,-0.26988730079072765
2025-04-27,1430.06005859375,1425.9600132533483,1442.4000122070313,0.0,2546.300048828125,5525.2099609375,24.84000015258789,99.47000122070312,2.75,116.38,63.85,4.5,4.25,320.321,326.43,258.392,162.933716918432,4.375,1.625,-203.94100000000003,0.12759238517381005,0.17021593148267566
2025-04-28,1437.3599853515625,1429.2642996651787,1441.582344563802,0.510462949716306,2548.860107421875,5528.75,25.149999618530273,99.01000213623047,2.75,116.38,63.3,4.5,4.25,320.321,326.43,258.392,162.933716918432,4.375,1.625,-203.94100000000003,0.12868943147538028,1.3710181677211608
2025-04-29,1435.8800048828125,1431.298583984375,1440.7153442382812,-0.10296519200706511,2565.419921875,5560.830078125,24.170000076293945,99.23999786376953,2.75,116.38,61.84,4.5,4.25,320.321,326.43,258.392,162.933716918432,4.375,1.625,-203.94100000000003,0.12868705946878553,-0.5113427125311265
2025-04-30,1431.1600341796875,1431.5757359095983,1439.4403442382813,-0.3287162358326934,2556.610107421875,5569.06005859375,24.700000762939453,99.47000122070312,2.75,116.38,59.55,4.5,4.25,320.321,326.43,258.392,162.933716918432,4.375,1.625,-203.94100000000003,0.12775279335077286,-0.8424959511326269
2025-05-01,1423.75,1431.1900285993304,1437.8333455403647,-0.5177641914752562,2556.610107421875,5604.14013671875,24.600000381469727,100.25,2.5,116.27,60.59,4.5,4.25,320.58,326.854,258.642,162.933716918432,4.375,1.875,-204.31,0.12810909239602505,-1.2423202249536192
2025-05-02,1435.0999755859375,1431.9100167410713,1436.6710123697917,0.7971888032265229,2559.7900390625,5686.669921875,22.68000030517578,100.0,2.5,116.27,59.67,4.5,4.25,320.58,326.854,258.642,162.933716918432,4.375,1.875,-204.31,0.13075826884241215,-0.45503505946065115
2025-05-03,1435.0999755859375,1432.6300048828125,1435.6396769205728,0.0,2559.7900390625,5686.669921875,22.68000030517578,100.0,2.5,116.27,59.67,4.5,4.25,320.58,326.854,258.642,162.933716918432,4.375,1.875,-204.31,0.1306490434307275,-0.45503505946065115
2025-05-04,1435.0999755859375,1433.3499930245537,1435.120340983073,0.0,2559.7900390625,5686.669921875,22.68000030517578,100.0,2.5,116.27,59.67,4.5,4.25,320.58,326.854,258.642,162.933716918432,4.375,1.875,-204.31,0.12730629665822796,-1.4882173886884953
2025-05-05,1398.9000244140625,1427.855712890625,1433.3943400065104,-2.522468942074574,2559.7900390625,5650.3798828125,23.639999389648438,99.83000183105469,2.5,116.27,58.5,4.5,4.25,320.58,326.854,258.642,162.933716918432,4.375,1.875,-204.31,0.14631373412829773,-4.1225470272506115
2025-05-06,1374.3699951171875,1419.068568638393,1430.8506713867187,-1.75352268702329,2559.7900390625,5606.91015625,24.760000228881836,99.23999786376953,2.5,116.27,60.42,4.5,4.25,320.58,326.854,258.642,162.933716918432,4.375,1.875,-204.31,0.15373433922100108,-5.226322424846863
2025-05-07,1374.77001953125,1411.0128522600446,1428.0590047200521,0.02910602061190204,2573.800048828125,5631.27978515625,23.549999237060547,99.61000061035156,2.5,116.27,59.42,4.5,4.25,320.58,326.854,258.642,162.933716918432,4.375,1.875,-204.31,0.15237376518550258,-4.787067880237195
2025-05-08,1397.2900390625,1407.2328578404017,1425.6370076497396,1.6380935873862468,2579.47998046875,5663.93994140625,22.479999542236328,100.63999938964844,2.5,116.27,61.25,4.5,4.25,320.58,326.854,258.642,162.933716918432,4.375,1.875,-204.31,0.15899820138512988,-3.110632360859189
2025-05-09,1403.8499755859375,1402.7685721261162,1422.8943400065104,0.4694756521587129,2577.27001953125,5659.91015625,21.899999618530273,100.33999633789062,2.5,116.27,62.37,4.5,4.25,320.58,326.854,258.642,162.933716918432,4.375,1.875,-204.31,0.15565260511643694,-2.655760370262872
2025-05-10,1403.8499755859375,1398.3042864118304,1421.5576741536458,0.0,2577.27001953125,5659.91015625,21.899999618530273,100.33999633789062,2.5,116.27,62.37,4.5,4.25,320.58,326.854,258.642,162.933716918432,4.375,1.875,-204.31,0.1338161575177592,-2.655760370262872
2025-05-11,1403.8499755859375,1393.8400006975446,1419.9513387044271,0.0,2577.27001953125,5659.91015625,21.899999618530273,100.33999633789062,2.5,116.27,62.37,4.5,4.25,320.58,326.854,258.642,162.933716918432,4.375,1.875,-204.31,0.13242695791507622,-3.224140001425513
2025-05-12,1395.1700439453125,1393.3071463448662,1418.0556722005208,-0.6182948172223424,2607.330078125,5844.18994140625,18.389999389648438,101.79000091552734,2.5,116.27,63.32,4.5,4.25,320.58,326.854,258.642,162.933716918432,4.375,1.875,-204.31,0.1331947575647724,-3.993911310293019
2025-05-13,1416.030029296875,1399.258579799107,1416.8553385416667,1.4951571990876378,2608.419921875,5886.5498046875,18.219999313354492,101.0,2.5,116.27,65.04,4.5,4.25,320.58,326.854,258.642,162.933716918432,4.375,1.875,-204.31,0.14126419530143206,-2.39324285391177
2025-05-14,1416.0,1405.1485770089287,1416.7536702473958,-0.0021206680828611546,2640.570068359375,5892.580078125,18.6200008392334,101.04000091552734,2.5,116.27,64.48,4.5,4.25,320.58,326.854,258.642,162.933716918432,4.375,1.875,-204.31,0.125042899225048,-2.4873974078342354
2025-05-15,1407.3299560546875,1406.5828508649554,1416.3506673177083,-0.6122912390757462,2621.360107421875,5916.93017578125,17.829999923706055,100.87999725341797,2.5,116.27,63.03,4.5,4.25,320.58,326.854,258.642,162.933716918432,4.375,1.875,-204.31,0.12627151425335073,-2.1831626557186845
2025-05-16,1397.02001953125,1405.607142857143,1415.3506673177083,-0.7325884366407132,2626.8701171875,5958.3798828125,17.239999771118164,101.08999633789062,2.5,116.27,63.84,4.5,4.25,320.58,326.854,258.642,162.933716918432,4.375,1.875,-204.31,0.12672454906907157,-2.899757495190547
2025-05-17,1397.02001953125,1404.6314348493304,1414.777001953125,0.0,2626.8701171875,5958.3798828125,17.239999771118164,101.08999633789062,2.5,116.27,63.84,4.5,4.25,320.58,326.854,258.642,162.933716918432,4.375,1.875,-204.31,0.12427088646999407,-2.899757495190547
2025-05-18,1397.02001953125,1403.655726841518,1414.2033365885416,0.0,2626.8701171875,5958.3798828125,17.239999771118164,101.08999633789062,2.5,116.27,63.84,4.5,4.25,320.58,326.854,258.642,162.933716918432,4.375,1.875,-204.31,0.12427088646999407,-2.4835932333542865
2025-05-19,1398.1300048828125,1404.078578404018,1413.6666707356771,0.07945378992741947,2603.419921875,5963.60009765625,18.139999389648438,100.43000030517578,2.5,116.27,63.98,4.5,4.25,320.58,326.854,258.642,162.933716918432,4.375,1.875,-204.31,0.12431323145044859,-2.9945419041237042
2025-05-20,1388.550048828125,1400.152866908482,1412.810673014323,-0.6851978014369653,2601.800048828125,5940.4599609375,18.09000015258789,100.12000274658203,2.5,116.27,63.97,4.5,4.25,320.58,326.854,258.642,162.933716918432,4.375,1.875,-204.31,0.1257229643732767,-3.5782670962059893
2025-05-21,1392.72998046875,1396.828578404018,1412.0940063476562,0.30102851850049017,2625.580078125,5844.60986328125,20.8700008392334,99.55999755859375,2.5,116.27,62.93,4.5,4.25,320.58,326.854,258.642,162.933716918432,4.375,1.875,-204.31,0.12614569651599405,-3.2812956180556685
2025-05-22,1373.8599853515625,1392.047154017857,1410.501338704427,-1.3548925765808795,2593.669921875,5842.009765625,20.280000686645508,99.95999908447266,2.5,116.27,62.55,4.5,4.25,320.58,326.854,258.642,162.933716918432,4.375,1.875,-204.31,0.1304240243867984,-4.039950254448865
2025-05-23,1381.3399658203125,1389.8071463448662,1408.9053385416667,0.5444499838777928,2592.090087890625,5802.81982421875,22.290000915527344,99.11000061035156,2.5,116.27,62.89,4.5,4.25,320.58,326.854,258.642,162.933716918432,4.375,1.875,-204.31,0.13047274837035078,-3.517495779080093
2025-05-24,1381.3399658203125,1387.567138671875,1407.4016723632812,0.0,2592.090087890625,5802.81982421875,22.290000915527344,99.11000061035156,2.5,116.27,62.89,4.5,4.25,320.58,326.854,258.642,162.933716918432,4.375,1.875,-204.31,0.1304857862692379,-3.517495779080093
2025-05-25,1381.3399658203125,1385.3271309988838,1405.7776692708333,0.0,2592.090087890625,5802.81982421875,22.290000915527344,99.11000061035156,2.5,116.27,62.89,4.5,4.25,320.58,326.854,258.642,162.933716918432,4.375,1.875,-204.31,0.13008989683439423,-3.6917270426557125
2025-05-26,1364.72998046875,1380.555698939732,1403.6,-1.2024545559064181,2644.39990234375,5802.81982421875,22.290000915527344,98.93000030517578,2.5,116.27,62.89,4.5,4.25,320.58,326.854,258.642,162.933716918432,4.375,1.875,-204.31,0.13380370973852165,-4.474156921078576
2025-05-27,1368.0999755859375,1377.6342599051338,1401.5346638997396,0.2469349369777829,2637.219970703125,5921.5400390625,18.959999084472656,99.5199966430664,2.5,116.27,61.61,4.5,4.25,320.58,326.854,258.642,162.933716918432,4.375,1.875,-204.31,0.1342386373447907,-4.295209822599688
2025-05-28,1374.800048828125,1375.0728410993304,1399.4493326822917,0.4897356451832424,2670.14990234375,5888.5498046875,19.309999465942383,99.87999725341797,2.5,116.27,62.54,4.5,4.25,320.58,326.854,258.642,162.933716918432,4.375,1.875,-204.31,0.13415213323490816,-4.1563832971271975
2025-05-29,1373.5999755859375,1375.0356968470983,1397.3733317057292,-0.08729074771348655,2720.639892578125,5912.169921875,19.18000030517578,99.27999877929688,2.5,116.27,61.66,4.5,4.25,320.58,326.854,258.642,162.933716918432,4.375,1.875,-204.31,0.13415714529219475,-5.259818916040604
2025-05-30,1370.4100341796875,1373.4742780412946,1395.3483317057292,-0.23223219736074885,2697.669921875,5911.68994140625,18.56999969482422,99.33000183105469,2.5,116.27,61.46,4.5,4.25,320.58,326.854,258.642,162.933716918432,4.375,1.875,-204.31,0.13407096868130677,-5.479836120355442
2025-05-31,1370.4100341796875,1371.9128592354912,1393.570332845052,0.0,2697.669921875,5911.68994140625,18.56999969482422,99.33000183105469,2.5,116.27,61.46,4.5,4.25,320.58,326.854,258.642,162.933716918432,4.375,1.875,-204.31,0.13364579892466602,-5.479836120355442
2025-06-01,1370.4100341796875,1370.3514404296875,1391.4140014648438,0.0,2697.669921875,5911.68994140625,18.56999969482422,99.33000183105469,2.5,116.31,61.46,4.5,4.25,321.5,327.6,260.69,162.933716918432,4.375,1.875,-205.19,0.1308399564797006,-6.1234423659731085
2025-06-02,1381.989990234375,1372.8171561104912,1389.6436686197917,0.844999362662957,2698.969970703125,5935.93994140625,18.360000610351562,98.69999694824219,2.5,116.31,63.27,4.5,4.25,321.5,327.6,260.69,162.933716918432,4.375,1.875,-205.19,0.13393895052420102,-5.208759040481315
2025-06-03,1376.0699462890625,1373.9557233537946,1387.6760009765626,-0.4283709713634454,2698.969970703125,5970.3701171875,17.690000534057617,99.25,2.5,116.31,64.1,4.5,4.25,321.5,327.6,260.69,162.933716918432,4.375,1.875,-205.19,0.13417464488271075,-5.284787182923645
2025-06-04,1377.719970703125,1374.3728550502233,1386.9699991861978,0.11990846966116742,2770.840087890625,5970.81005859375,17.610000610351562,98.79000091552734,2.5,116.31,63.57,4.5,4.25,321.5,327.6,260.69,162.933716918432,4.375,1.875,-205.19,0.11362470620560637,-4.525897401149215
2025-06-05,1361.0899658203125,1372.5857107979912,1386.5273315429688,-1.2070671280409284,2812.050048828125,5939.2998046875,18.479999542236328,98.73999786376953,2.5,116.31,64.06,4.5,4.25,321.5,327.6,260.69,162.933716918432,4.375,1.875,-205.19,0.10743377682043269,-5.90459966676028
2025-06-06,1354.550048828125,1370.3199986049108,1385.8533325195312,-0.4804911619670893,2812.050048828125,6000.35986328125,16.770000457763672,99.19000244140625,2.5,116.31,65.3,4.5,4.25,321.5,327.6,260.69,162.933716918432,4.375,1.875,-205.19,0.10820201874664238,-6.356719749179051
2025-06-07,1354.550048828125,1368.0542864118304,1384.4286661783854,0.0,2812.050048828125,6000.35986328125,16.770000457763672,99.19000244140625,2.5,116.31,65.3,4.5,4.25,321.5,327.6,260.69,162.933716918432,4.375,1.875,-205.19,0.09572891024530542,-6.356719749179051
2025-06-08,1354.550048828125,1365.78857421875,1382.7853352864583,0.0,2812.050048828125,6000.35986328125,16.770000457763672,99.19000244140625,2.5,116.31,65.3,4.5,4.25,321.5,327.6,260.69,162.933716918432,4.375,1.875,-205.19,0.09425021852467982,-6.341180722570217
2025-06-09,1359.18994140625,1362.5314243861608,1381.2966674804688,0.34254124328141344,2855.77001953125,6005.8798828125,17.15999984741211,98.94000244140625,2.5,116.31,65.99,4.5,4.25,321.5,327.6,260.69,162.933716918432,4.375,1.875,-205.19,0.09513961832107641,-6.715035786725688
2025-06-10,1353.8499755859375,1359.357142857143,1379.630000813802,-0.39287855638393543,2871.85009765625,6038.81005859375,16.950000762939453,99.05000305175781,2.5,116.31,65.66,4.5,4.25,321.5,327.6,260.69,162.933716918432,4.375,1.875,-205.19,0.09544028747576142,-6.696671488840189
2025-06-11,1363.8800048828125,1357.3800048828125,1378.5869995117187,0.740852345366716,2907.0400390625,6022.240234375,17.260000228881836,98.62999725341797,2.5,116.31,68.91,4.5,4.25,321.5,327.6,260.69,162.933716918432,4.375,1.875,-205.19,0.09737213501868429,-5.858153243636755
2025-06-12,1365.68994140625,1358.037144252232,1376.9089965820312,0.13270496795596554,2920.030029296875,6045.259765625,18.020000457763672,97.91999816894531,2.5,116.31,68.73,4.5,4.25,321.5,327.6,260.69,162.933716918432,4.375,1.875,-205.19,0.08558998751409524,-6.023825563677354
2025-06-13,1349.7900390625,1357.357142857143,1374.7019978841147,-1.1642395438146047,2894.6201171875,5976.97021484375,20.81999969482422,98.18000030517578,2.5,116.31,73.84,4.5,4.25,321.5,327.6,260.69,162.933716918432,4.375,1.875,-205.19,0.0906844489891734,-7.117933348229211
2025-06-14,1349.7900390625,1356.6771414620537,1372.7840006510417,0.0,2894.6201171875,5976.97021484375,20.81999969482422,98.18000030517578,2.5,116.31,73.84,4.5,4.25,321.5,327.6,260.69,162.933716918432,4.375,1.875,-205.19,0.0897500565928611,-7.117933348229211
2025-06-15,1349.7900390625,1355.9971400669642,1371.20966796875,0.0,2894.6201171875,5976.97021484375,20.81999969482422,98.18000030517578,2.5,116.31,73.84,4.5,4.25,321.5,327.6,260.69,162.933716918432,4.375,1.875,-205.19,0.08802404892240548,-6.850005618915544
2025-06-16,1365.1400146484375,1356.8471505301338,1370.1470011393228,1.1372120953417886,2946.659912109375,6033.10986328125,19.110000610351562,98.0,2.5,116.31,72.53,4.5,4.25,321.5,327.6,260.69,162.933716918432,4.375,1.875,-205.19,0.09517385242711515,-5.36225388804048
2025-06-17,1357.780029296875,1357.4085867745537,1368.8390014648437,-0.5391377640818651,2950.300048828125,5982.72021484375,21.600000381469727,98.81999969482422,2.5,116.31,75.62,4.5,4.25,321.5,327.6,260.69,162.933716918432,4.375,1.875,-205.19,0.09608218059656325,-6.291490040705272
2025-06-18,1380.5,1359.7828717912946,1368.2513346354167,1.6733174897918035,2972.18994140625,5980.8701171875,20.139999389648438,98.91000366210938,2.5,116.31,75.89,4.5,4.25,321.5,327.6,260.69,162.933716918432,4.375,1.875,-205.19,0.10882937662822419,-4.35710473331461
2025-06-19,1370.75,1360.5057373046875,1367.6579996744792,-0.7062658457080762,2977.739990234375,5980.8701171875,20.139999389648438,98.91000366210938,2.5,116.31,75.89,4.5,4.25,321.5,327.6,260.69,162.933716918432,4.375,1.875,-205.19,0.10893956655967434,-6.485786097381608
2025-06-20,1374.8900146484375,1364.0914481026787,1367.0633341471355,0.30202550781961435,3021.840087890625,5967.83984375,20.6200008392334,98.70999908447266,2.5,116.31,75.72,4.5,4.25,321.5,327.6,260.69,162.933716918432,4.375,1.875,-205.19,0.10894228814580927,-6.203349317958695
2025-06-21,1374.8900146484375,1367.6771589006696,1367.0976684570312,0.0,3021.840087890625,5967.83984375,20.6200008392334,98.70999908447266,2.5,116.31,75.72,4.5,4.25,321.5,327.6,260.69,162.933716918432,4.375,1.875,-205.19,0.1015670619254238,-6.203349317958695
2025-06-22,1374.8900146484375,1371.2628696986608,1366.8826700846355,0.0,3021.840087890625,5967.83984375,20.6200008392334,98.70999908447266,2.5,116.31,75.72,4.5,4.25,321.5,327.6,260.69,162.933716918432,4.375,1.875,-205.19,0.10026930032746612,-6.136758615666449
2025-06-23,1369.469970703125,1371.8814348493304,1366.4870035807292,-0.39421654732858524,3014.469970703125,6025.169921875,19.829999923706055,98.41999816894531,2.5,116.31,69.36,4.5,4.25,321.5,327.6,260.69,162.933716918432,4.375,1.875,-205.19,0.10087173239528029,-6.6017887250447105
2025-06-24,1361.93994140625,1372.4757080078125,1365.8403361002604,-0.549849902368349,3103.639892578125,6092.18017578125,17.479999542236328,97.86000061035156,2.5,116.31,65.45,4.5,4.25,321.5,327.6,260.69,162.933716918432,4.375,1.875,-205.19,0.10199727672192993,-6.849785358992788
2025-06-25,1353.780029296875,1368.6585693359375,1365.4753377278646,-0.599138909234842,3108.25,6092.16015625,16.760000228881836,97.68000030517578,2.5,116.31,65.98,4.5,4.25,321.5,327.6,260.69,162.933716918432,4.375,1.875,-205.19,0.09744603359201125,-7.634682898954937
2025-06-26,1357.030029296875,1366.6985735212054,1365.106339518229,0.2400685436088068,3079.56005859375,6141.02001953125,16.59000015258789,97.1500015258789,2.5,116.31,66.44,4.5,4.25,321.5,327.6,260.69,162.933716918432,4.375,1.875,-205.19,0.09742958279548886,-7.172905232325544
2025-06-27,1352.760009765625,1363.537144252232,1364.371671549479,-0.3146591776942764,3055.93994140625,6173.06982421875,16.31999969482422,97.4000015258789,2.5,116.31,66.66,4.5,4.25,321.5,327.6,260.69,162.933716918432,4.375,1.875,-205.19,0.09651989856793004,-7.464994205399
2025-06-28,1352.760009765625,1360.3757149832588,1363.6770060221354,0.0,3055.93994140625,6173.06982421875,16.31999969482422,97.4000015258789,2.5,116.31,66.66,4.5,4.25,321.5,327.6,260.69,162.933716918432,4.375,1.875,-205.19,0.0965253786342209,-7.464994205399
2025-06-29,1352.760009765625,1357.2142857142858,1363.088671875,0.0,3055.93994140625,6173.06982421875,16.31999969482422,97.4000015258789,2.5,116.31,66.66,4.5,4.25,321.5,327.6,260.69,162.933716918432,4.375,1.875,-205.19,0.0963771986661415,-7.938561851402048
2025-06-30,1363.5899658203125,1356.3742850167412,1362.8613362630208,0.8005822153601239,3071.699951171875,6204.9501953125,16.729999542236328,96.87999725341797,2.5,116.31,66.3,4.5,4.25,321.5,327.6,260.69,162.933716918432,4.375,1.875,-205.19,0.09942123094722746,-7.362292317256102
2025-07-01,1348.5,1354.4542933872767,1362.1310017903645,-1.1066351468224989,3089.64990234375,6198.009765625,16.829999923706055,96.81999969482422,2.5,116.52,66.64,4.5,4.25,322.132,328.656,262.562,162.933716918432,4.375,1.875,-205.61200000000002,0.10433090294778698,-8.26343211929852
2025-07-02,1355.5899658203125,1354.712855747768,1361.2510009765624,0.525766838732844,3075.06005859375,6227.419921875,16.639999389648438,96.77999877929688,2.5,116.52,68.66,4.5,4.25,322.132,328.656,262.562,162.933716918432,4.375,1.875,-205.61200000000002,0.10233811871330867,-7.533905643724292
2025-07-03,1354.75,1354.3871372767858,1360.5403361002604,-0.061963118752073054,3116.27001953125,6279.35009765625,16.3799991607666,97.18000030517578,2.5,116.52,68.13,4.5,4.25,322.132,328.656,262.562,162.933716918432,4.375,1.875,-205.61200000000002,0.10174837466523128,-6.612764369754853
2025-07-04,1357.0999755859375,1355.0071323939733,1359.8530029296876,0.1734619365888479,3054.280029296875,6279.35009765625,16.3799991607666,97.18000030517578,2.5,116.52,68.13,4.5,4.25,322.132,328.656,262.562,162.933716918432,4.375,1.875,-205.61200000000002,0.10183790774996405,-6.450773062303838
2025-07-05,1357.0999755859375,1355.6271275111608,1359.7200032552084,0.0,3054.280029296875,6279.35009765625,16.3799991607666,97.18000030517578,2.5,116.52,68.13,4.5,4.25,322.132,328.656,262.562,162.933716918432,4.375,1.875,-205.61200000000002,0.09572835772181836,-6.450773062303838
2025-07-06,1357.0999755859375,1356.2471226283483,1359.805000813802,0.0,3054.280029296875,6279.35009765625,16.3799991607666,97.18000030517578,2.5,116.52,68.13,4.5,4.25,322.132,328.656,262.562,162.933716918432,4.375,1.875,-205.61200000000002,0.09467480274777153,-6.953627141704066
2025-07-07,1362.199951171875,1356.048549107143,1360.0599975585938,0.37579954886783895,3059.469970703125,6229.97998046875,17.790000915527344,97.4800033569336,2.5,116.52,69.16,4.5,4.25,322.132,328.656,262.562,162.933716918432,4.375,1.875,-205.61200000000002,0.09527188695593436,-7.330181542174241
2025-07-08,1374.6400146484375,1359.7828369140625,1360.7296630859375,0.9132332933840193,3114.949951171875,6225.52001953125,16.809999465942383,97.51000213623047,2.5,116.52,69.55,4.5,4.25,322.132,328.656,262.562,162.933716918432,4.375,1.875,-205.61200000000002,0.09871541705452623,-7.502034806380642
2025-07-09,1370.300048828125,1361.88427734375,1361.1,-0.3157165348065649,3133.739990234375,6263.259765625,15.9399995803833,97.47000122070312,2.5,116.52,69.61,4.5,4.25,322.132,328.656,262.562,162.933716918432,4.375,1.875,-205.61200000000002,0.098869252721385,-5.100585535113423
2025-07-10,1373.0,1364.491420200893,1361.7383341471354,0.19703357481333228,3183.22998046875,6280.4599609375,15.779999732971191,97.6500015258789,2.5,116.52,67.78,4.5,4.25,322.132,328.656,262.562,162.933716918432,4.375,1.875,-205.61200000000002,0.09815759707246409,-5.443378759275241
2025-07-11,1372.6400146484375,1366.71142578125,1362.0303344726562,-0.02621888940731454,3175.77001953125,6259.75,16.399999618530273,97.8499984741211,2.5,116.52,69.63,4.5,4.25,322.132,328.656,262.562,162.933716918432,4.375,1.875,-205.61200000000002,0.09595006237351775,-5.468170455225641
2025-07-12,1372.6400146484375,1368.931431361607,1362.2620035807292,0.0,3175.77001953125,6259.75,16.399999618530273,97.8499984741211,2.5,116.52,69.63,4.5,4.25,322.132,328.656,262.562,162.933716918432,4.375,1.875,-205.61200000000002,0.09589541294715069,-5.468170455225641
2025-07-13,1372.6400146484375,1371.1514369419642,1363.0236694335938,0.0,3175.77001953125,6259.75,16.399999618530273,97.8499984741211,2.5,116.52,69.63,4.5,4.25,322.132,328.656,262.562,162.933716918432,4.375,1.875,-205.61200000000002,0.08911243307459997,-3.2705001643891007
2025-07-14,1378.1700439453125,1373.4328787667412,1363.9696695963542,0.4028754253016187,3202.030029296875,6268.56005859375,17.200000762939453,98.08000183105469,2.5,116.52,68.19,4.5,4.25,322.132,328.656,262.562,162.933716918432,4.375,1.875,-205.61200000000002,0.08964994267492934,-2.9061164928561034
2025-07-15,1382.010009765625,1374.4857352120537,1365.0436686197916,0.27862786868591005,3215.280029296875,6243.759765625,17.3799991607666,98.62000274658203,2.5,116.52,67.76,4.5,4.25,322.132,328.656,262.562,162.933716918432,4.375,1.875,-205.61200000000002,0.08982195023187692,-3.154126021330095
2025-07-16,1386.449951171875,1376.7928641183037,1365.7539998372397,0.3212669499407683,3186.3798828125,6263.7001953125,17.15999984741211,98.38999938964844,2.5,116.52,67.13,4.5,4.25,322.132,328.656,262.562,162.933716918432,4.375,1.875,-205.61200000000002,0.0844294581418224,-1.9643219052439598
2025-07-17,1384.9200439453125,1378.4957275390625,1366.6586669921876,-0.11034709368841211,3192.2900390625,6297.35986328125,16.520000457763672,98.7300033569336,2.5,116.52,68.76,4.5,4.25,322.132,328.656,262.562,162.933716918432,4.375,1.875,-205.61200000000002,0.082713387404845,-2.0725014267992448
2025-07-18,1391.5799560546875,1381.2014334542412,1367.0279988606771,0.48088784175601695,3188.070068359375,6296.7900390625,16.40999984741211,98.4800033569336,2.5,116.52,68.53,4.5,4.25,322.132,328.656,262.562,162.933716918432,4.375,1.875,-205.61200000000002,0.06861229401314334,-1.6015799924249285
2025-07-19,1391.5799560546875,1383.9071393694196,1367.7223307291667,0.0,3188.070068359375,6296.7900390625,16.40999984741211,98.4800033569336,2.5,116.52,68.53,4.5,4.25,322.132,328.656,262.562,162.933716918432,4.375,1.875,-205.61200000000002,0.06500713623099777,-1.6015799924249285
2025-07-20,1391.5799560546875,1386.6128452845983,1368.278662109375,0.0,3188.070068359375,6296.7900390625,16.40999984741211,98.4800033569336,2.5,116.52,68.53,4.5,4.25,322.132,328.656,262.562,162.933716918432,4.375,1.875,-205.61200000000002,0.0645820359160691,-1.6015799924249285
2025-07-21,1390.5699462890625,1388.3842599051338,1368.8013264973958,-0.07258007426957924,3210.81005859375,6305.60009765625,16.649999618530273,97.8499984741211,2.5,116.52,68.39,4.5,4.25,322.132,328.656,262.562,162.933716918432,4.375,1.875,-205.61200000000002,0.06465631978234522,-2.185508851694673
2025-07-22,1381.8199462890625,1388.3571079799108,1369.03232421875,-0.6292383941815083,3169.93994140625,6309.6201171875,16.5,97.38999938964844,2.5,116.52,67.56,4.5,4.25,322.132,328.656,262.562,162.933716918432,4.375,1.875,-205.61200000000002,0.06749260821648909,-3.316496087774601
2025-07-23,1379.780029296875,1387.404261997768,1369.3759928385416,-0.14762538329727848,3183.77001953125,6358.91015625,15.369999885559082,97.20999908447266,2.5,116.52,66.05,4.5,4.25,322.132,328.656,262.562,162.933716918432,4.375,1.875,-205.61200000000002,0.06655695228660119,-3.2717531965744118
2025-07-24,1373.719970703125,1385.8042515345983,1369.768660481771,-0.43920468952127756,3190.449951171875,6363.35009765625,15.390000343322754,97.37999725341797,2.5,116.52,67.16,4.5,4.25,322.132,328.656,262.562,162.933716918432,4.375,1.875,-205.61200000000002,0.06579823058202737,-3.939700822497416
2025-07-25,1372.0,1383.007114955357,1370.3759928385416,-0.12520533586219962,3196.050048828125,6388.64013671875,14.930000305175781,97.6500015258789,2.5,116.52,66.38,4.5,4.25,322.132,328.656,262.562,162.933716918432,4.375,1.875,-205.61200000000002,0.06324760778313815,-4.05997344271285
2025-07-26,1372.0,1380.2099783761162,1370.8749918619792,0.0,3196.050048828125,6388.64013671875,14.930000305175781,97.6500015258789,2.5,116.52,66.38,4.5,4.25,322.132,328.656,262.562,162.933716918432,4.375,1.875,-205.61200000000002,0.06298751089688114,-4.05997344271285
2025-07-27,1372.0,1377.412841796875,1371.5163248697916,0.0,3196.050048828125,6388.64013671875,14.930000305175781,97.6500015258789,2.5,116.52,66.38,4.5,4.25,322.132,328.656,262.562,162.933716918432,4.375,1.875,-205.61200000000002,0.062113633625385516,-4.54722449613596
2025-07-28,1382.780029296875,1376.2999965122767,1372.5169921875,0.7857164210550271,3209.52001953125,6389.77001953125,15.029999732971191,98.66000366210938,2.5,116.52,67.81,4.5,4.25,322.132,328.656,262.562,162.933716918432,4.375,1.875,-205.61200000000002,0.06566101869485723,-3.698078906689084
2025-07-29,1388.2900390625,1377.2242954799108,1373.701326497396,0.39847333985774114,3230.570068359375,6370.85986328125,15.979999542236328,98.91000366210938,2.5,116.52,70.27,4.5,4.25,322.132,328.656,262.562,162.933716918432,4.375,1.875,-205.61200000000002,0.06628338448162745,-2.9954717916476525
2025-07-30,1388.8599853515625,1378.5214320591517,1374.5436604817708,0.04105383407111418,3254.469970703125,6362.89990234375,15.479999542236328,99.94000244140625,2.5,116.52,71.09,4.5,4.25,322.132,328.656,262.562,162.933716918432,4.375,1.875,-205.61200000000002,0.06274177616971309,-2.450571704894644
2025-07-31,1392.52001953125,1381.2071533203125,1376.0109944661458,0.26352794509816313,3245.43994140625,6339.39013671875,16.719999313354492,100.02999877929688,2.5,116.52,70.36,4.5,4.25,322.132,328.656,262.562,162.933716918432,4.375,1.875,-205.61200000000002,0.052256419039253904,-2.967037612644552
2025-08-01,1391.510009765625,1383.9942975725446,1377.2083292643229,-0.07253107685769589,3119.409912109375,6238.009765625,20.3799991607666,98.69000244140625,2.5,116.45,68.39,4.5,4.25,323.364,329.793,262.443,162.933716918432,4.375,1.875,-206.914,0.0509574950515607,-3.037416665171022
2025-08-02,1391.510009765625,1386.7814418247767,1378.433662923177,0.0,3119.409912109375,6238.009765625,20.3799991607666,98.69000244140625,2.5,116.45,68.39,4.5,4.25,323.364,329.793,262.443,162.933716918432,4.375,1.875,-206.914,0.05083083100060697,-3.037416665171022
2025-08-03,1391.510009765625,1389.5685860770088,1379.5806640625,0.0,3119.409912109375,6238.009765625,20.3799991607666,98.69000244140625,2.5,116.45,68.39,4.5,4.25,323.364,329.793,262.443,162.933716918432,4.375,1.875,-206.914,0.050831288703125435,-0.528273251802458
2025-08-04,1390.1800537109375,1390.625732421875,1380.6833333333334,-0.0955764633638223,3147.75,6329.93994140625,17.520000457763672,98.77999877929688,2.5,116.45,67.33,4.5,4.25,323.364,329.793,262.443,162.933716918432,4.375,1.875,-206.914,0.05104356071134706,1.1503495164998823
2025-08-05,1383.5899658203125,1389.9542933872767,1381.5663330078125,-0.4740456369686452,3198.0,6299.18994140625,17.850000381469727,98.77999877929688,2.5,116.45,66.2,4.5,4.25,323.364,329.793,262.443,162.933716918432,4.375,1.875,-206.914,0.053486297064569206,0.6415579452387021
2025-08-06,1386.5799560546875,1389.6285749162946,1382.3789998372397,0.21610378133973818,3198.139892578125,6345.06005859375,16.770000457763672,98.18000030517578,2.5,116.45,65.38,4.5,4.25,323.364,329.793,262.443,162.933716918432,4.375,1.875,-206.914,0.05287673217445125,-0.7664896126360676
2025-08-07,1384.3900146484375,1388.4671456473213,1382.7039998372395,-0.15793834294858256,3227.679931640625,6340.0,16.56999969482422,98.4000015258789,2.5,116.45,64.9,4.5,4.25,323.364,329.793,262.443,162.933716918432,4.375,1.875,-206.914,0.046591683865195334,-1.386185224626857
2025-08-08,1384.969970703125,1387.5328543526787,1383.192997233073,0.041892533791121345,3210.010009765625,6389.4501953125,15.149999618530273,98.18000030517578,2.5,116.45,64.94,4.5,4.25,323.364,329.793,262.443,162.933716918432,4.375,1.875,-206.914,0.04546523586662283,-1.3448733989493755
2025-08-09,1384.969970703125,1386.5985630580358,1383.5919962565104,0.0,3210.010009765625,6389.4501953125,15.149999618530273,98.18000030517578,2.5,116.45,64.94,4.5,4.25,323.364,329.793,262.443,162.933716918432,4.375,1.875,-206.914,0.04521637601646691,-1.3448733989493755
2025-08-10,1384.969970703125,1385.664271763393,1384.0029947916667,0.0,3210.010009765625,6389.4501953125,15.149999618530273,98.18000030517578,2.5,116.45,64.94,4.5,4.25,323.364,329.793,262.443,162.933716918432,4.375,1.875,-206.914,0.04519476633482229,-0.7310989285107761
2025-08-11,1387.81005859375,1385.3257010323662,1384.508662923177,0.2050649436957208,3206.77001953125,6373.4501953125,16.25,98.5199966430664,2.5,116.45,65.03,4.5,4.25,323.364,329.793,262.443,162.933716918432,4.375,1.875,-206.914,0.04546565461134119,-1.9928935205659082
2025-08-12,1389.7900390625,1386.21142578125,1385.0803304036458,0.1426694133314088,3189.909912109375,6445.759765625,14.729999542236328,98.0999984741211,2.5,116.45,64.22,4.5,4.25,323.364,329.793,262.443,162.933716918432,4.375,1.875,-206.914,0.04555260191196429,-1.8509859419138408
2025-08-13,1383.0899658203125,1385.712855747768,1385.2443277994792,-0.48209247827873947,3224.3701171875,6466.580078125,14.489999771118164,97.83999633789062,2.5,116.45,63.68,4.5,4.25,323.364,329.793,262.443,162.933716918432,4.375,1.875,-206.914,0.04666428269154556,-1.72240988192488
2025-08-14,1378.780029296875,1384.9114292689733,1385.1366617838542,-0.31161649856097373,3225.659912109375,6468.5400390625,14.829999923706055,98.25,2.5,116.45,64.99,4.5,4.25,323.364,329.793,262.443,162.933716918432,4.375,1.875,-206.914,0.04687214449360585,-1.3056355656589025
2025-08-15,1387.8699951171875,1385.325718470982,1385.1839965820313,0.6592759995913244,3225.659912109375,6449.7998046875,15.09000015258789,97.8499984741211,2.5,116.45,63.78,4.5,4.25,323.364,329.793,262.443,162.933716918432,4.375,1.875,-206.914,0.049860065459487755,-0.6549673079941032
2025-08-16,1387.8699951171875,1385.7400076729912,1385.2823282877605,0.0,3225.659912109375,6449.7998046875,15.09000015258789,97.8499984741211,2.5,116.45,63.78,4.5,4.25,323.364,329.793,262.443,162.933716918432,4.375,1.875,-206.914,0.0497428055754656,-0.6549673079941032
2025-08-17,1387.8699951171875,1386.154296875,1385.1586629231772,0.0,3225.659912109375,6449.7998046875,15.09000015258789,97.8499984741211,2.5,116.45,63.78,4.5,4.25,323.364,329.793,262.443,162.933716918432,4.375,1.875,-206.914,0.047676215483628534,-0.7338380357901686
2025-08-18,1387.97998046875,1386.1785714285713,1385.038663736979,0.007924758943511634,3177.280029296875,6449.14990234375,14.989999771118164,98.16999816894531,2.5,116.45,64.51,4.5,4.25,323.364,329.793,262.443,162.933716918432,4.375,1.875,-206.914,0.04767799102555863,-0.04105493783649328
2025-08-19,1386.9100341796875,1385.7671421595983,1384.8829996744792,-0.0770865793540576,3151.56005859375,6411.3701171875,15.569999694824219,98.2699966430664,2.5,116.45,63.38,4.5,4.25,323.364,329.793,262.443,162.933716918432,4.375,1.875,-206.914,0.04771880182855565,-0.4178804485205134
2025-08-20,1391.3399658203125,1386.9457135881696,1384.9086669921876,0.31941016586884974,3130.090087890625,6395.77978515625,15.6899995803833,98.22000122070312,2.5,116.45,64.19,4.5,4.25,323.364,329.793,262.443,162.933716918432,4.375,1.875,-206.914,0.04862145344730925,1.2723261944540099
2025-08-21,1396.9100341796875,1389.5357142857142,1385.411669921875,0.4003384144931843,3141.739990234375,6370.169921875,16.600000381469727,98.62000274658203,2.5,116.45,64.56,4.5,4.25,323.364,329.793,262.443,162.933716918432,4.375,1.875,-206.914,0.046091643985586225,1.1271713513427928
2025-08-22,1399.6099853515625,1391.212855747768,1386.0726684570313,0.19328024753293427,3168.72998046875,6466.91015625,14.220000267028809,97.72000122070312,2.5,116.45,64.08,4.5,4.25,323.364,329.793,262.443,162.933716918432,4.375,1.875,-206.914,0.045966325517279846,1.3226301984537336
2025-08-23,1399.6099853515625,1392.8899972098213,1386.9356689453125,0.0,3168.72998046875,6466.91015625,14.220000267028809,97.72000122070312,2.5,116.45,64.08,4.5,4.25,323.364,329.793,262.443,162.933716918432,4.375,1.875,-206.914,0.04362415762449519,1.3226301984537336
2025-08-24,1399.6099853515625,1394.567138671875,1387.8560017903646,0.0,3168.72998046875,6466.91015625,14.220000267028809,97.72000122070312,2.5,116.45,64.08,4.5,4.25,323.364,329.793,262.443,162.933716918432,4.375,1.875,-206.914,0.04330547928857815,2.5558172958750403
2025-08-25,1382.8900146484375,1393.8400006975446,1388.2190022786458,-1.1946164201540155,3209.860107421875,6439.31982421875,14.789999961853027,98.43000030517578,2.5,116.45,65.18,4.5,4.25,323.364,329.793,262.443,162.933716918432,4.375,1.875,-206.914,0.056681675968330604,1.081064200455506
2025-08-26,1389.050048828125,1394.145717075893,1388.7873372395834,0.44544642845321114,3179.360107421875,6465.93994140625,14.619999885559082,98.2300033569336,2.5,116.45,63.6,4.5,4.25,323.364,329.793,262.443,162.933716918432,4.375,1.875,-206.914,0.05795347299383061,1.036514365281449
2025-08-27,1393.949951171875,1394.5185721261162,1389.15966796875,0.35275203711224723,3187.159912109375,6481.39990234375,14.850000381469727,98.2300033569336,2.5,116.45,64.49,4.5,4.25,323.364,329.793,262.443,162.933716918432,4.375,1.875,-206.914,0.05437203133863987,1.4815066939162458
2025-08-28,1392.75,1393.924281529018,1389.3083333333334,-0.0860828016720605,3196.320068359375,6501.85986328125,14.430000305175781,97.80999755859375,2.5,116.45,64.96,4.5,4.25,323.364,329.793,262.443,162.933716918432,4.375,1.875,-206.914,0.0533014725533395,1.6301665387093323
2025-08-29,1384.4100341796875,1391.7528599330358,1389.160001627604,-0.5988128393690562,3186.010009765625,6460.259765625,15.359999656677246,97.7699966430664,2.5,116.45,64.36,4.5,4.25,323.364,329.793,262.443,162.933716918432,4.375,1.875,-206.914,0.05614099786502531,1.0215920528033884
2025-08-30,1384.4100341796875,1389.5814383370537,1388.889668782552,0.0,3186.010009765625,6460.259765625,15.359999656677246,97.7699966430664,2.5,116.45,64.36,4.5,4.25,323.364,329.793,262.443,162.933716918432,4.375,1.875,-206.914,0.0555412612471681,1.0215920528033884
2025-08-31,1384.4100341796875,1387.4100167410713,1388.6530029296875,0.0,3186.010009765625,6460.259765625,15.359999656677246,97.7699966430664,2.5,116.45,64.36,4.5,4.25,323.364,329.793,262.443,162.933716918432,4.375,1.875,-206.914,0.055520150693231345,0.1751129865203982
2025-09-01,1388.8399658203125,1388.260009765625,1388.5640014648438,0.31998696421251527,3142.929931640625,6460.259765625,15.359999656677246,97.7699966430664,2.5,117.06,64.36,4.5,4.25,324.368,330.542,262.443,162.933716918432,4.375,1.875,-207.308,0.056370631554881215,0.9280065715909114
2025-09-02,1392.93994140625,1388.815708705357,1388.6116658528647,0.2952086407965515,3172.35009765625,6415.5400390625,17.170000076293945,98.4000015258789,2.5,117.06,65.95,4.5,4.25,324.368,330.542,262.443,162.933716918432,4.375,1.875,-207.308,0.05704229567630482,1.104721643496065
2025-09-03,1394.5699462890625,1388.9042794363838,1388.7579956054688,0.11701903537686409,3184.419921875,6448.259765625,16.350000381469727,98.13999938964844,2.5,117.06,64.36,4.5,4.25,324.368,330.542,262.443,162.933716918432,4.375,1.875,-207.308,0.05705242674316643,2.4597918807352404
2025-09-04,1389.6300048828125,1388.4585658482142,1388.9593302408855,-0.3542268653784708,3200.830078125,6502.080078125,15.300000190734863,98.3499984741211,2.5,117.06,63.81,4.5,4.25,324.368,330.542,262.443,162.933716918432,4.375,1.875,-207.308,0.056267274894556595,2.58978662951852
2025-09-05,1392.06005859375,1389.5514264787946,1389.142000325521,0.17487055564422427,3205.1201171875,6481.5,15.180000305175781,97.7699966430664,2.5,117.06,62.22,4.5,4.25,324.368,330.542,262.443,162.933716918432,4.375,1.875,-207.308,0.05615186990159725,2.769185959431808
2025-09-06,1392.06005859375,1390.644287109375,1389.3976684570312,0.0,3205.1201171875,6481.5,15.180000305175781,97.7699966430664,2.5,117.06,62.22,4.5,4.25,324.368,330.542,262.443,162.933716918432,4.375,1.875,-207.308,0.05591831830468198,2.769185959431808
2025-09-07,1392.06005859375,1391.7371477399554,1389.6340047200522,0.0,3205.1201171875,6481.5,15.180000305175781,97.7699966430664,2.5,117.06,62.22,4.5,4.25,324.368,330.542,262.443,162.933716918432,4.375,1.875,-207.308,0.05591660985152534,2.4183608328863793
2025-09-08,1385.510009765625,1391.261439732143,1389.6520060221353,-0.47052918354268947,3219.590087890625,6495.14990234375,15.109999656677246,97.44999694824219,2.5,117.06,62.6,4.5,4.25,324.368,330.542,262.443,162.933716918432,4.375,1.875,-207.308,0.057680613088516554,2.338518650560606
2025-09-09,1385.719970703125,1390.230015345982,1389.6770060221354,0.015154054176447218,3260.050048828125,6512.60986328125,15.039999961853027,97.79000091552734,2.5,117.06,62.97,4.5,4.25,324.368,330.542,262.443,162.933716918432,4.375,1.875,-207.308,0.0576818424572918,1.6013113867879403
2025-09-10,1387.25,1389.1843087332588,1389.6583374023437,0.11041403236027314,3314.530029296875,6532.0400390625,15.350000381469727,97.77999877929688,2.5,117.06,64.01,4.5,4.25,324.368,330.542,262.443,162.933716918432,4.375,1.875,-207.308,0.05745772313409549,1.5786935189366247
2025-09-11,1387.199951171875,1388.837158203125,1389.572001139323,-0.0036077727968986117,3344.199951171875,6587.47021484375,14.710000038146973,97.54000091552734,2.5,117.06,62.71,4.5,4.25,324.368,330.542,262.443,162.933716918432,4.375,1.875,-207.308,0.0572967142611708,2.771535648267065
2025-09-12,1389.5,1388.471435546875,1389.7856689453124,0.16580514050494877,3395.5400390625,6584.2900390625,14.760000228881836,97.55000305175781,2.5,117.06,63.02,4.5,4.25,324.368,330.542,262.443,162.933716918432,4.375,1.875,-207.308,0.05566843634707053,2.941936137347745
2025-09-13,1389.5,1388.105712890625,1390.1430013020833,0.0,3395.5400390625,6584.2900390625,14.760000228881836,97.55000305175781,2.5,117.06,63.02,4.5,4.25,324.368,330.542,262.443,162.933716918432,4.375,1.875,-207.308,0.0548006452048863,2.941936137347745
2025-09-14,1389.5,1387.739990234375,1390.197334798177,0.0,3395.5400390625,6584.2900390625,14.760000228881836,97.55000305175781,2.5,117.06,63.02,4.5,4.25,324.368,330.542,262.443,162.933716918432,4.375,1.875,-207.308,0.05141084721005245,1.7844312737280488
2025-09-15,1393.699951171875,1388.9099818638392,1390.3916666666667,0.302263488440091,3407.31005859375,6615.27978515625,15.6899995803833,97.30000305175781,2.5,117.06,63.66,4.5,4.25,324.368,330.542,262.443,162.933716918432,4.375,1.875,-207.308,0.05212962294172714,2.645489040931115
2025-09-16,1385.010009765625,1388.808558872768,1390.2963338216146,-0.6235159439406668,3449.6201171875,6606.759765625,16.360000610351562,96.62999725341797,2.5,117.06,64.89,4.5,4.25,324.368,330.542,262.443,162.933716918432,4.375,1.875,-207.308,0.05531523826545685,0.3266939344893194
2025-09-17,1377.6400146484375,1387.4357038225446,1389.9516682942708,-0.5321257655339751,3413.39990234375,6600.35009765625,15.720000267028809,96.87000274658203,2.5,117.06,64.41,4.5,4.25,324.368,330.542,262.443,162.933716918432,4.375,1.875,-207.308,0.05737095831120588,0.5026456063058626
2025-09-18,1378.68994140625,1386.2199881417412,1389.677665201823,0.07621198184204481,3461.300048828125,6631.9599609375,15.699999809265137,97.3499984741211,2.5,117.06,63.91,4.25,4.0,324.368,330.542,262.443,162.933716918432,4.125,1.625,-207.308,0.057420385292441777,0.27638041714805883
2025-09-19,1386.75,1385.8271309988838,1389.5246663411458,0.5846172044694065,3445.239990234375,6664.35986328125,15.449999809265137,97.63999938964844,2.5,117.06,63.02,4.25,4.0,324.368,330.542,262.443,162.933716918432,4.125,1.625,-207.308,0.05926416541831065,0.8626133890859089
2025-09-20,1386.75,1385.4342738560267,1389.1859985351562,0.0,3445.239990234375,6664.35986328125,15.449999809265137,97.63999938964844,2.5,117.06,63.02,4.25,4.0,324.368,330.542,262.443,162.933716918432,4.125,1.625,-207.308,0.05797530634865954,0.8626133890859089
2025-09-21,1386.75,1385.0414167131696,1388.7573323567708,0.0,3445.239990234375,6664.35986328125,15.449999809265137,97.63999938964844,2.5,117.06,63.02,4.25,4.0,324.368,330.542,262.443,162.933716918432,4.125,1.625,-207.308,0.05761628789010312,1.2618041772761934
2025-09-22,1396.22998046875,1385.4028494698662,1388.6446655273437,0.6836113552370682,3468.64990234375,6693.75,16.100000381469727,97.33000183105469,2.5,117.06,62.99,4.25,4.0,324.368,330.542,262.443,162.933716918432,4.125,1.625,-207.308,0.061220752216878054,2.517735035150981
2025-09-23,1389.3900146484375,1386.028564453125,1388.3039998372396,-0.4898881929190635,3486.18994140625,6656.919921875,16.639999389648438,97.26000213623047,2.5,117.06,63.76,4.25,4.0,324.368,330.542,262.443,162.933716918432,4.125,1.625,-207.308,0.06279589545501953,2.630411483471029
2025-09-24,1391.8499755859375,1388.058558872768,1388.602665201823,0.1770533048002676,3472.139892578125,6637.97021484375,16.18000030517578,97.87000274658203,2.5,117.06,65.4,4.25,4.0,324.368,330.542,262.443,162.933716918432,4.125,1.625,-207.308,0.052272177172510786,2.5658935717954634
2025-09-25,1403.6500244140625,1391.6242850167412,1389.0893310546876,0.8477960293929998,3471.110107421875,6604.72021484375,16.739999771118164,98.55000305175781,2.5,117.06,65.51,4.25,4.0,324.368,330.542,262.443,162.933716918432,4.125,1.625,-207.308,0.05625320967001283,3.7619396109480396
2025-09-26,1408.9200439453125,1394.7914341517858,1389.5883341471354,0.375451105303104,3386.050048828125,6643.7001953125,15.289999961853027,98.1500015258789,2.5,117.06,66.5,4.25,4.0,324.368,330.542,262.443,162.933716918432,4.125,1.625,-207.308,0.056368192822737875,4.151514960101288
2025-09-27,1408.9200439453125,1397.9585832868304,1390.127335611979,0.0,3386.050048828125,6643.7001953125,15.289999961853027,98.1500015258789,2.5,117.06,66.5,4.25,4.0,324.368,330.542,262.443,162.933716918432,4.125,1.625,-207.308,0.056261000477983734,4.151514960101288
2025-09-28,1408.9200439453125,1401.125732421875,1390.9443359375,0.0,3386.050048828125,6643.7001953125,15.289999961853027,98.1500015258789,2.5,117.06,66.5,4.25,4.0,324.368,330.542,262.443,162.933716918432,4.125,1.625,-207.308,0.052939967746551596,3.324318839331597
2025-09-29,1408.7099609375,1402.9085867745537,1391.7543334960938,-0.01491092476931799,3431.2099609375,6661.2099609375,16.1200008392334,97.91000366210938,2.5,117.06,64.27,4.25,4.0,324.368,330.542,262.443,162.933716918432,4.125,1.625,-207.308,0.05295618224349896,4.464958171116051
2025-09-30,1399.3299560546875,1404.328578404018,1392.2516642252604,-0.6658577807294064,3424.60009765625,6688.4599609375,16.280000686645508,97.7699966430664,2.5,117.06,63.17,4.25,4.0,324.368,330.542,262.443,162.933716918432,4.125,1.625,-207.308,0.05696091822519548,3.2266386840586136
2025-10-01,1403.1500244140625,1405.94287109375,1392.7286661783853,0.2729926807359506,3455.830078125,6711.2001953125,16.290000915527344,97.70999908447266,2.5,117.42,62.59,4.25,4.0,324.368,330.542,262.443,162.933716918432,4.125,1.625,-206.94799999999998,0.056773556343817345,3.5726166757012345
2025-10-02,1401.8199462890625,1405.681431361607,1393.0246663411458,-0.09479229603801542,3549.2099609375,6715.35009765625,16.6299991607666,97.8499984741211,2.5,117.42,61.28,4.25,4.0,324.368,330.542,262.443,162.933716918432,4.125,1.625,-206.94799999999998,0.05634264219865768,3.295259856136745
2025-10-03,1405.6300048828125,1405.21142578125,1393.3933349609374,0.27179372100076815,3549.2099609375,6715.7900390625,16.649999618530273,97.72000122070312,2.5,117.42,61.65,4.25,4.0,324.368,330.542,262.443,162.933716918432,4.125,1.625,-206.94799999999998,0.05674707216308236,3.576009886517162
2025-10-04,1405.6300048828125,1404.741420200893,1393.926668294271,0.0,3549.2099609375,6715.7900390625,16.649999618530273,97.72000122070312,2.5,117.42,61.65,4.25,4.0,324.368,330.542,262.443,162.933716918432,4.125,1.625,-206.94799999999998,0.0555964760723809,3.576009886517162
2025-10-05,1405.6300048828125,1404.2714146205358,1394.3789998372397,0.0,3549.2099609375,6715.7900390625,16.649999618530273,97.72000122070312,2.5,117.42,61.65,4.25,4.0,324.368,330.542,262.443,162.933716918432,4.125,1.625,-206.94799999999998,0.05545529204051318,3.1882289874974212
2025-10-06,1406.06005859375,1403.892857142857,1394.8456665039062,0.03059508614953188,3549.2099609375,6740.27978515625,16.3700008392334,98.11000061035156,2.5,117.42,62.49,4.25,4.0,324.368,330.542,262.443,162.933716918432,4.125,1.625,-206.94799999999998,0.05544659306024959,2.2856925166221176
2025-10-07,1409.9200439453125,1405.405726841518,1395.4409993489583,0.27452492715160925,3549.2099609375,6714.58984375,17.239999771118164,98.58000183105469,2.5,117.42,62.52,4.25,4.0,324.368,330.542,262.443,162.933716918432,4.125,1.625,-206.94799999999998,0.05586977860829677,2.8913372039262697
2025-10-08,1414.5699462890625,1407.037144252232,1396.4096638997396,0.32979900978913346,3549.2099609375,6753.72021484375,16.299999237060547,98.8499984741211,2.5,117.42,63.37,4.25,4.0,324.368,330.542,262.443,162.933716918432,4.125,1.625,-206.94799999999998,0.05426837103623953,3.027672708598872
2025-10-09,1422.52001953125,1409.9942975725446,1397.6363321940105,0.5620134418268474,3549.2099609375,6735.10986328125,16.43000030517578,99.54000091552734,2.5,117.42,62.36,4.25,4.0,324.368,330.542,262.443,162.933716918432,4.125,1.625,-206.94799999999998,0.056074470440514126,3.6338737287640477
2025-10-10,1421.510009765625,1412.2628696986608,1398.7783325195312,-0.07100144474295744,3610.60009765625,6552.509765625,21.65999984741211,98.9800033569336,2.5,117.42,59.75,4.25,4.0,324.368,330.542,262.443,162.933716918432,4.125,1.625,-206.94799999999998,0.05625768973966338,3.56029218117353
2025-10-11,1421.510009765625,1414.5314418247767,1399.922001139323,0.0,3610.60009765625,6552.509765625,21.65999984741211,98.9800033569336,2.5,117.42,59.75,4.25,4.0,324.368,330.542,262.443,162.933716918432,4.125,1.625,-206.94799999999998,0.056253018294866744,3.56029218117353
2025-10-12,1421.510009765625,1416.800013950893,1400.9890014648438,0.0,3610.60009765625,6552.509765625,21.65999984741211,98.9800033569336,2.5,117.42,59.75,4.25,4.0,324.368,330.542,262.443,162.933716918432,4.125,1.625,-206.94799999999998,0.05624383595709608,3.144747341644605
2025-10-13,1429.030029296875,1420.0814383370537,1402.3066691080728,0.5290162910980722,3584.550048828125,6654.72021484375,19.030000686645508,99.2699966430664,2.5,117.42,59.75,4.25,4.0,324.368,330.542,262.443,162.933716918432,4.125,1.625,-206.94799999999998,0.05768939581607744,3.402292255410222
2025-10-14,1426.0699462890625,1422.3885672433037,1403.5256673177084,-0.2071393145789191,3561.81005859375,6644.31005859375,20.809999465942383,99.05000305175781,2.5,117.42,59.52,4.25,4.0,324.368,330.542,262.443,162.933716918432,4.125,1.625,-206.94799999999998,0.05829249695643698,2.857657795991786
2025-10-15,1429.4300537109375,1424.511439732143,1404.716670735677,0.23562009918367544,3657.280029296875,6671.06005859375,20.639999389648438,98.79000091552734,2.5,117.42,59.08,4.25,4.0,324.368,330.542,262.443,162.933716918432,4.125,1.625,-206.94799999999998,0.058110641110266446,3.2139046553782524
2025-10-16,1420.0899658203125,1424.1642892020088,1405.8860026041666,-0.6534134263077251,3748.3701171875,6629.06982421875,25.309999465942383,98.38999938964844,2.5,117.42,58.29,4.25,4.0,324.368,330.542,262.443,162.933716918432,4.125,1.625,-206.94799999999998,0.058432995830778156,2.0487511078022935
2025-10-17,1415.719970703125,1423.3371407645088,1407.1553344726562,-0.3077266386192101,3748.889892578125,6664.009765625,20.780000686645508,98.43000030517578,2.5,117.42,58.3,4.25,4.0,324.368,330.542,262.443,162.933716918432,4.125,1.625,-206.94799999999998,0.056713354589153456,1.7347199162653704
2025-10-18,1415.719970703125,1422.5099923270088,1408.389668782552,0.0,3748.889892578125,6664.009765625,20.780000686645508,98.43000030517578,2.5,117.42,58.3,4.25,4.0,324.368,330.542,262.443,162.933716918432,4.125,1.625,-206.94799999999998,0.05677424134343539,1.7347199162653704
2025-10-19,1415.719970703125,1421.6828438895088,1409.3553344726563,0.0,3748.889892578125,6664.009765625,20.780000686645508,98.43000030517578,2.5,117.42,58.3,4.25,4.0,324.368,330.542,262.443,162.933716918432,4.125,1.625,-206.94799999999998,0.05483478322242266,1.808612682963484
2025-10-20,1419.739990234375,1420.3556954520088,1410.4550008138021,0.2839558397451647,3814.68994140625,6735.1298828125,18.229999542236328,98.58999633789062,2.5,117.42,58.34,4.25,4.0,324.368,330.542,262.443,162.933716918432,4.125,1.625,-206.94799999999998,0.055138703648379105,2.744210202432562
2025-10-21,1419.739990234375,1419.451416015625,1411.554667154948,0.0,3823.840087890625,6735.35009765625,17.8700008392334,98.93000030517578,2.5,117.42,58.66,4.25,4.0,324.368,330.542,262.443,162.933716918432,4.125,1.625,-206.94799999999998,0.055138703648379105,2.896110980665756
2025-10-22,1430.739990234375,1419.6385498046875,1412.7050008138021,0.7747897555653083,3883.679931640625,6699.39990234375,18.600000381469727,98.9000015258789,2.5,117.42,59.3,4.25,4.0,324.368,330.542,262.443,162.933716918432,4.125,1.625,-206.94799999999998,0.056063093437305006,4.150774593606932
2025-10-23,1430.4000244140625,1421.1114153180804,1414.072001139323,-0.023761537570277103,3845.56005859375,6738.43994140625,17.299999237060547,98.94000244140625,2.5,117.42,62.44,4.25,4.0,324.368,330.542,262.443,162.933716918432,4.125,1.625,-206.94799999999998,0.05350026357292668,4.256561546214477
2025-10-24,1435.8399658203125,1423.9857003348213,1415.5383341471354,0.38030909629482856,3941.590087890625,6791.68994140625,16.3700008392334,98.94999694824219,2.5,117.42,62.27,4.25,4.0,324.368,330.542,262.443,162.933716918432,4.125,1.625,-206.94799999999998,0.054083839114644525,4.653058733258919
2025-10-25,1435.8399658203125,1426.8599853515625,1416.6113321940104,0.0,3941.590087890625,6791.68994140625,16.3700008392334,98.94999694824219,2.5,117.42,62.27,4.25,4.0,324.368,330.542,262.443,162.933716918432,4.125,1.625,-206.94799999999998,0.049329453321139215,4.653058733258919
2025-10-26,1435.8399658203125,1429.7342703683037,1417.508662923177,0.0,3941.590087890625,6791.68994140625,16.3700008392334,98.94999694824219,2.5,117.42,62.27,4.25,4.0,324.368,330.542,262.443,162.933716918432,4.125,1.625,-206.94799999999998,0.04854337398162337,3.8371928578125214
2025-10-27,1436.969970703125,1432.1956961495537,1418.4436604817708,0.07869991849454028,4042.830078125,6875.16015625,15.789999961853027,98.77999877929688,2.5,117.42,62.13,4.25,4.0,324.368,330.542,262.443,162.933716918432,4.125,1.625,-206.94799999999998,0.048507405572398674,3.5064669680622496
2025-10-28,1430.969970703125,1433.7999790736608,1419.1786580403646,-0.41754525997952374,4010.409912109375,6890.89013671875,16.420000076293945,98.69000244140625,2.5,117.42,60.97,4.25,4.0,324.368,330.542,262.443,162.933716918432,4.125,1.625,-206.94799999999998,0.05047221482599615,3.031982042516912
2025-10-29,1425.969970703125,1433.1185477120537,1419.7539916992187,-0.3494133421642065,4081.14990234375,6890.58984375,16.920000076293945,99.22000122070312,2.5,117.42,61.26,4.25,4.0,324.368,330.542,262.443,162.933716918432,4.125,1.625,-206.94799999999998,0.05177341065789939,2.4021163575899562
2025-10-30,1424.010009765625,1432.2056884765625,1420.57666015625,-0.13744756045133144,4086.889892578125,6822.33984375,16.90999984741211,99.52999877929688,2.5,117.42,61.36,4.0,3.75,324.368,330.542,262.443,162.933716918432,3.875,1.375,-206.94799999999998,0.047600279542246604,2.335592253876362
2025-10-31,1424.02001953125,1430.517124720982,1421.2723266601563,0.0007029280381765091,4107.5,6840.2001953125,17.440000534057617,99.80000305175781,2.5,117.42,61.75,4.0,3.75,324.368,330.542,262.443,162.933716918432,3.875,1.375,-206.94799999999998,0.04718762126327267,2.3363115994473382
2025-11-01,1424.02001953125,1428.8285609654017,1422.0123291015625,0.0,4107.5,6840.2001953125,17.440000534057617,99.80000305175781,2.5,117.42,61.75,4.0,3.75,324.368,330.542,262.443,162.933716918432,3.875,1.375,-206.94799999999998,0.04701513873918491,2.3363115994473382
2025-11-02,1424.02001953125,1427.1399972098213,1422.6253295898437,0.0,4107.5,6840.2001953125,17.440000534057617,99.80000305175781,2.5,117.42,61.75,4.0,3.75,324.368,330.542,262.443,162.933716918432,3.875,1.375,-206.94799999999998,0.04657293052015998,2.434214599035589
2025-11-03,1427.1700439453125,1425.7400076729912,1423.343330891927,0.22120646977277225,4221.8701171875,6851.97021484375,17.170000076293945,99.87000274658203,2.5,117.42,61.79,4.0,3.75,324.368,330.542,262.443,162.933716918432,3.875,1.375,-206.94799999999998,0.04683290161586662,3.1497827536760115
2025-11-04,1428.969970703125,1425.4542933872767,1424.1213297526042,0.12611859150550853,4121.740234375,6771.5498046875,19.0,100.22000122070312,2.5,117.42,61.38,4.0,3.75,324.368,330.542,262.443,162.933716918432,3.875,1.375,-206.94799999999998,0.04685590169700316,3.057163379820671
2025-11-05,1439.81005859375,1427.4314488002233,1425.2463297526042,0.7585945200297761,4004.419921875,6796.2900390625,18.010000228881836,100.19999694824219,2.5,117.42,60.4,4.0,3.75,324.368,330.542,262.443,162.933716918432,3.875,1.375,-206.94799999999998,0.05108195706936128,4.003210320711981
2025-11-06,1439.739990234375,1429.6785888671875,1426.2403279622397,-0.00486650019957402,4026.449951171875,6720.31982421875,19.5,99.7300033569336,2.5,117.42,60.24,4.0,3.75,324.368,330.542,262.443,162.933716918432,3.875,1.375,-206.94799999999998,0.05079652013253054,3.9545997884303796
2025-11-07,1447.9000244140625,1433.0900181361608,1427.3513305664062,0.5667713778207295,3953.760009765625,6728.7998046875,19.079999923706055,99.5999984741211,2.5,117.42,60.54,4.0,3.75,324.368,330.542,262.443,162.933716918432,3.875,1.375,-206.94799999999998,0.05229088473184007,4.543784705959286
2025-11-08,1447.9000244140625,1436.5014474051338,1428.1973307291667,0.0,3953.760009765625,6728.7998046875,19.079999923706055,99.5999984741211,2.5,117.42,60.54,4.0,3.75,324.368,330.542,262.443,162.933716918432,3.875,1.375,-206.94799999999998,0.050270082775523174,4.543784705959286
2025-11-09,1447.9000244140625,1439.912876674107,1429.0769978841147,0.0,3953.760009765625,6728.7998046875,19.079999923706055,99.5999984741211,2.5,117.42,60.54,4.0,3.75,324.368,330.542,262.443,162.933716918432,3.875,1.375,-206.94799999999998,0.05015195731360943,4.329840776712701
2025-11-10,1454.0,1443.7457275390625,1430.1599975585937,0.4212981202487365,4073.239990234375,6832.43017578125,17.600000381469727,99.62000274658203,2.5,117.42,60.94,4.0,3.75,324.368,330.542,262.443,162.933716918432,3.875,1.375,-206.94799999999998,0.051176669755539396,4.620119524011956
2025-11-11,1456.0899658203125,1447.6200125558037,1431.3126627604167,0.14373905229110306,4106.39013671875,6846.60986328125,17.280000686645508,99.45999908447266,2.5,117.42,60.94,4.0,3.75,324.368,330.542,262.443,162.933716918432,3.875,1.375,-206.94799999999998,0.05116108358136048,5.2780369899295465
2025-11-12,1459.8399658203125,1450.4814278738838,1432.3396606445312,0.25753903179239757,4150.39013671875,6850.919921875,17.510000228881836,99.4800033569336,2.5,117.42,60.94,4.0,3.75,324.368,330.542,262.443,162.933716918432,3.875,1.375,-206.94799999999998,0.04967717165208609,5.879105789251593
2025-11-13,1468.02001953125,1454.5214320591517,1433.7379964192708,0.560339071573579,4170.6298828125,6737.490234375,20.0,99.18000030517578,2.5,117.42,60.94,4.0,3.75,324.368,330.542,262.443,162.933716918432,3.875,1.375,-206.94799999999998,0.05090000047430776,5.775038346246175
2025-11-14,1468.7099609375,1457.4942801339287,1435.0473266601562,0.04699809246948572,4011.570068359375,6734.10986328125,19.829999923706055,99.2699966430664,2.5,117.42,60.94,4.0,3.75,324.368,330.542,262.443,162.933716918432,3.875,1.375,-206.94799999999998,0.05074755811199683,5.824750596577788
2025-11-15,1468.7099609375,1460.4671282087054,1436.6679931640624,0.0,4011.570068359375,6734.10986328125,19.829999923706055,99.2699966430664,2.5,117.42,60.94,4.0,3.75,324.368,330.542,262.443,162.933716918432,3.875,1.375,-206.94799999999998,0.045702550865927644,5.824750596577788
2025-11-16,1468.7099609375,1463.439976283482,1438.434326171875,0.0,4011.570068359375,6734.10986328125,19.829999923706055,99.2699966430664,2.5,117.42,60.94,4.0,3.75,324.368,330.542,262.443,162.933716918432,3.875,1.375,-206.94799999999998,0.04408438042640787,5.816364904736293
2025-11-17,1468.7099609375,1465.5413992745537,1440.2006591796876,0.0,4011.570068359375,6734.10986328125,19.829999923706055,99.2699966430664,2.5,117.42,60.94,4.0,3.75,324.368,330.542,262.443,162.933716918432,3.875,1.375,-206.94799999999998,0.04408438042640787,5.897998049036723
